# Glyph Sphere: INTERESSENCE
# Radius: 10.0, Seed: 902492498
o glyph_sphere_INTERESSENCE

v 0.000000 10.000000 0.000000
v 0.980171 9.951847 0.000000
v 0.975452 9.951847 0.096074
v 0.961338 9.951847 0.191222
v 0.937966 9.951847 0.284529
v 0.905560 9.951847 0.375095
v 0.864434 9.951847 0.462050
v 0.814983 9.951847 0.544554
v 0.757683 9.951847 0.621814
v 0.693086 9.951847 0.693086
v 0.621814 9.951847 0.757683
v 0.544554 9.951847 0.814983
v 0.462050 9.951847 0.864434
v 0.375095 9.951847 0.905560
v 0.284529 9.951847 0.937966
v 0.191222 9.951847 0.961338
v 0.096074 9.951847 0.975452
v 0.000000 9.951847 0.980171
v -0.096074 9.951847 0.975452
v -0.191222 9.951847 0.961338
v -0.284529 9.951847 0.937966
v -0.375095 9.951847 0.905560
v -0.462050 9.951847 0.864434
v -0.544554 9.951847 0.814983
v -0.621814 9.951847 0.757683
v -0.693086 9.951847 0.693086
v -0.757683 9.951847 0.621814
v -0.814983 9.951847 0.544554
v -0.864434 9.951847 0.462050
v -0.905560 9.951847 0.375095
v -0.937966 9.951847 0.284529
v -0.961338 9.951847 0.191222
v -0.975452 9.951847 0.096074
v -0.980171 9.951847 0.000000
v -0.975452 9.951847 -0.096074
v -0.961338 9.951847 -0.191222
v -0.937966 9.951847 -0.284529
v -0.905560 9.951847 -0.375095
v -0.864434 9.951847 -0.462050
v -0.814983 9.951847 -0.544554
v -0.757683 9.951847 -0.621814
v -0.693086 9.951847 -0.693086
v -0.621814 9.951847 -0.757683
v -0.544554 9.951847 -0.814983
v -0.462050 9.951847 -0.864434
v -0.375095 9.951847 -0.905560
v -0.284529 9.951847 -0.937966
v -0.191222 9.951847 -0.961338
v -0.096074 9.951847 -0.975452
v -0.000000 9.951847 -0.980171
v 0.096074 9.951847 -0.975452
v 0.191222 9.951847 -0.961338
v 0.284529 9.951847 -0.937966
v 0.375095 9.951847 -0.905560
v 0.462050 9.951847 -0.864434
v 0.544554 9.951847 -0.814983
v 0.621814 9.951847 -0.757683
v 0.693086 9.951847 -0.693086
v 0.757683 9.951847 -0.621814
v 0.814983 9.951847 -0.544554
v 0.864434 9.951847 -0.462050
v 0.905560 9.951847 -0.375095
v 0.937966 9.951847 -0.284529
v 0.961338 9.951847 -0.191222
v 0.975452 9.951847 -0.096074
v 1.950903 9.807853 0.000000
v 1.941509 9.807853 0.191222
v 1.913417 9.807853 0.380602
v 1.866898 9.807853 0.566317
v 1.802400 9.807853 0.746578
v 1.720543 9.807853 0.919649
v 1.622117 9.807853 1.083864
v 1.508069 9.807853 1.237640
v 1.379497 9.807853 1.379497
v 1.237640 9.807853 1.508069
v 1.083864 9.807853 1.622117
v 0.919649 9.807853 1.720543
v 0.746578 9.807853 1.802400
v 0.566317 9.807853 1.866898
v 0.380602 9.807853 1.913417
v 0.191222 9.807853 1.941509
v 0.000000 9.807853 1.950903
v -0.191222 9.807853 1.941509
v -0.380602 9.807853 1.913417
v -0.566317 9.807853 1.866898
v -0.746578 9.807853 1.802400
v -0.919649 9.807853 1.720543
v -1.083864 9.807853 1.622117
v -1.237640 9.807853 1.508069
v -1.379497 9.807853 1.379497
v -1.508069 9.807853 1.237640
v -1.622117 9.807853 1.083864
v -1.720543 9.807853 0.919649
v -1.802400 9.807853 0.746578
v -1.866898 9.807853 0.566317
v -1.913417 9.807853 0.380602
v -1.941509 9.807853 0.191222
v -1.950903 9.807853 0.000000
v -1.941509 9.807853 -0.191222
v -1.913417 9.807853 -0.380602
v -1.866898 9.807853 -0.566317
v -1.802400 9.807853 -0.746578
v -1.720543 9.807853 -0.919649
v -1.622117 9.807853 -1.083864
v -1.508069 9.807853 -1.237640
v -1.379497 9.807853 -1.379497
v -1.237640 9.807853 -1.508069
v -1.083864 9.807853 -1.622117
v -0.919649 9.807853 -1.720543
v -0.746578 9.807853 -1.802400
v -0.566317 9.807853 -1.866898
v -0.380602 9.807853 -1.913417
v -0.191222 9.807853 -1.941509
v -0.000000 9.807853 -1.950903
v 0.191222 9.807853 -1.941509
v 0.380602 9.807853 -1.913417
v 0.566317 9.807853 -1.866898
v 0.746578 9.807853 -1.802400
v 0.919649 9.807853 -1.720543
v 1.083864 9.807853 -1.622117
v 1.237640 9.807853 -1.508069
v 1.379497 9.807853 -1.379497
v 1.508069 9.807853 -1.237640
v 1.622117 9.807853 -1.083864
v 1.720543 9.807853 -0.919649
v 1.802400 9.807853 -0.746578
v 1.866898 9.807853 -0.566317
v 1.913417 9.807853 -0.380602
v 1.941509 9.807853 -0.191222
v 2.902847 9.569403 0.000000
v 2.888869 9.569403 0.284529
v 2.847069 9.569403 0.566317
v 2.777851 9.569403 0.842652
v 2.681881 9.569403 1.110871
v 2.560082 9.569403 1.368392
v 2.413629 9.569403 1.612735
v 2.243931 9.569403 1.841546
v 2.052623 9.569403 2.052623
v 1.841546 9.569403 2.243931
v 1.612735 9.569403 2.413629
v 1.368392 9.569403 2.560082
v 1.110871 9.569403 2.681881
v 0.842652 9.569403 2.777851
v 0.566317 9.569403 2.847069
v 0.284529 9.569403 2.888869
v 0.000000 9.569403 2.902847
v -0.284529 9.569403 2.888869
v -0.566317 9.569403 2.847069
v -0.842652 9.569403 2.777851
v -1.110871 9.569403 2.681881
v -1.368392 9.569403 2.560082
v -1.612735 9.569403 2.413629
v -1.841546 9.569403 2.243931
v -2.052623 9.569403 2.052623
v -2.243931 9.569403 1.841546
v -2.413629 9.569403 1.612735
v -2.560082 9.569403 1.368392
v -2.681881 9.569403 1.110871
v -2.777851 9.569403 0.842652
v -2.847069 9.569403 0.566317
v -2.888869 9.569403 0.284529
v -2.902847 9.569403 0.000000
v -2.888869 9.569403 -0.284529
v -2.847069 9.569403 -0.566317
v -2.777851 9.569403 -0.842652
v -2.681881 9.569403 -1.110871
v -2.560082 9.569403 -1.368392
v -2.413629 9.569403 -1.612735
v -2.243931 9.569403 -1.841546
v -2.052623 9.569403 -2.052623
v -1.841546 9.569403 -2.243931
v -1.612735 9.569403 -2.413629
v -1.368392 9.569403 -2.560082
v -1.110871 9.569403 -2.681881
v -0.842652 9.569403 -2.777851
v -0.566317 9.569403 -2.847069
v -0.284529 9.569403 -2.888869
v -0.000000 9.569403 -2.902847
v 0.284529 9.569403 -2.888869
v 0.566317 9.569403 -2.847069
v 0.842652 9.569403 -2.777851
v 1.110871 9.569403 -2.681881
v 1.368392 9.569403 -2.560082
v 1.612735 9.569403 -2.413629
v 1.841546 9.569403 -2.243931
v 2.052623 9.569403 -2.052623
v 2.243931 9.569403 -1.841546
v 2.413629 9.569403 -1.612735
v 2.560082 9.569403 -1.368392
v 2.681881 9.569403 -1.110871
v 2.777851 9.569403 -0.842652
v 2.847069 9.569403 -0.566317
v 2.888869 9.569403 -0.284529
v 3.826834 9.238795 0.000000
v 3.808407 9.238795 0.375095
v 3.753303 9.238795 0.746578
v 3.662052 9.238795 1.110871
v 3.535534 9.238795 1.464466
v 3.374967 9.238795 1.803957
v 3.181896 9.238795 2.126075
v 2.958183 9.238795 2.427718
v 2.705981 9.238795 2.705981
v 2.427718 9.238795 2.958183
v 2.126075 9.238795 3.181896
v 1.803957 9.238795 3.374967
v 1.464466 9.238795 3.535534
v 1.110871 9.238795 3.662052
v 0.746578 9.238795 3.753303
v 0.375095 9.238795 3.808407
v 0.000000 9.238795 3.826834
v -0.375095 9.238795 3.808407
v -0.746578 9.238795 3.753303
v -1.110871 9.238795 3.662052
v -1.464466 9.238795 3.535534
v -1.803957 9.238795 3.374967
v -2.126075 9.238795 3.181896
v -2.427718 9.238795 2.958183
v -2.705981 9.238795 2.705981
v -2.958183 9.238795 2.427718
v -3.181896 9.238795 2.126075
v -3.374967 9.238795 1.803957
v -3.535534 9.238795 1.464466
v -3.662052 9.238795 1.110871
v -3.753303 9.238795 0.746578
v -3.808407 9.238795 0.375095
v -3.826834 9.238795 0.000000
v -3.808407 9.238795 -0.375095
v -3.753303 9.238795 -0.746578
v -3.662052 9.238795 -1.110871
v -3.535534 9.238795 -1.464466
v -3.374967 9.238795 -1.803957
v -3.181896 9.238795 -2.126075
v -2.958183 9.238795 -2.427718
v -2.705981 9.238795 -2.705981
v -2.427718 9.238795 -2.958183
v -2.126075 9.238795 -3.181896
v -1.803957 9.238795 -3.374967
v -1.464466 9.238795 -3.535534
v -1.110871 9.238795 -3.662052
v -0.746578 9.238795 -3.753303
v -0.375095 9.238795 -3.808407
v -0.000000 9.238795 -3.826834
v 0.375095 9.238795 -3.808407
v 0.746578 9.238795 -3.753303
v 1.110871 9.238795 -3.662052
v 1.464466 9.238795 -3.535534
v 1.803957 9.238795 -3.374967
v 2.126075 9.238795 -3.181896
v 2.427718 9.238795 -2.958183
v 2.705981 9.238795 -2.705981
v 2.958183 9.238795 -2.427718
v 3.181896 9.238795 -2.126075
v 3.374967 9.238795 -1.803957
v 3.535534 9.238795 -1.464466
v 3.662052 9.238795 -1.110871
v 3.753303 9.238795 -0.746578
v 3.808407 9.238795 -0.375095
v 4.713967 8.819213 0.000000
v 4.691268 8.819213 0.462050
v 4.623390 8.819213 0.919649
v 4.510986 8.819213 1.368392
v 4.355138 8.819213 1.803957
v 4.157348 8.819213 2.222149
v 3.919521 8.819213 2.618940
v 3.643946 8.819213 2.990509
v 3.333278 8.819213 3.333278
v 2.990509 8.819213 3.643946
v 2.618940 8.819213 3.919521
v 2.222149 8.819213 4.157348
v 1.803957 8.819213 4.355138
v 1.368392 8.819213 4.510986
v 0.919649 8.819213 4.623390
v 0.462050 8.819213 4.691268
v 0.000000 8.819213 4.713967
v -0.462050 8.819213 4.691268
v -0.919649 8.819213 4.623390
v -1.368392 8.819213 4.510986
v -1.803957 8.819213 4.355138
v -2.222149 8.819213 4.157348
v -2.618940 8.819213 3.919521
v -2.990509 8.819213 3.643946
v -3.333278 8.819213 3.333278
v -3.643946 8.819213 2.990509
v -3.919521 8.819213 2.618940
v -4.157348 8.819213 2.222149
v -4.355138 8.819213 1.803957
v -4.510986 8.819213 1.368392
v -4.623390 8.819213 0.919649
v -4.691268 8.819213 0.462050
v -4.713967 8.819213 0.000000
v -4.691268 8.819213 -0.462050
v -4.623390 8.819213 -0.919649
v -4.510986 8.819213 -1.368392
v -4.355138 8.819213 -1.803957
v -4.157348 8.819213 -2.222149
v -3.919521 8.819213 -2.618940
v -3.643946 8.819213 -2.990509
v -3.333278 8.819213 -3.333278
v -2.990509 8.819213 -3.643946
v -2.618940 8.819213 -3.919521
v -2.222149 8.819213 -4.157348
v -1.803957 8.819213 -4.355138
v -1.368392 8.819213 -4.510986
v -0.919649 8.819213 -4.623390
v -0.462050 8.819213 -4.691268
v -0.000000 8.819213 -4.713967
v 0.462050 8.819213 -4.691268
v 0.919649 8.819213 -4.623390
v 1.368392 8.819213 -4.510986
v 1.803957 8.819213 -4.355138
v 2.222149 8.819213 -4.157348
v 2.618940 8.819213 -3.919521
v 2.990509 8.819213 -3.643946
v 3.333278 8.819213 -3.333278
v 3.643946 8.819213 -2.990509
v 3.919521 8.819213 -2.618940
v 4.157348 8.819213 -2.222149
v 4.355138 8.819213 -1.803957
v 4.510986 8.819213 -1.368392
v 4.623390 8.819213 -0.919649
v 4.691268 8.819213 -0.462050
v 5.555702 8.314696 0.000000
v 5.528950 8.314696 0.544554
v 5.448951 8.314696 1.083864
v 5.316476 8.314696 1.612735
v 5.132800 8.314696 2.126075
v 4.899692 8.314696 2.618940
v 4.619398 8.314696 3.086583
v 4.294616 8.314696 3.524500
v 3.928475 8.314696 3.928475
v 3.524500 8.314696 4.294616
v 3.086583 8.314696 4.619398
v 2.618940 8.314696 4.899692
v 2.126075 8.314696 5.132800
v 1.612735 8.314696 5.316476
v 1.083864 8.314696 5.448951
v 0.544554 8.314696 5.528950
v 0.000000 8.314696 5.555702
v -0.544554 8.314696 5.528950
v -1.083864 8.314696 5.448951
v -1.612735 8.314696 5.316476
v -2.126075 8.314696 5.132800
v -2.618940 8.314696 4.899692
v -3.086583 8.314696 4.619398
v -3.524500 8.314696 4.294616
v -3.928475 8.314696 3.928475
v -4.294616 8.314696 3.524500
v -4.619398 8.314696 3.086583
v -4.899692 8.314696 2.618940
v -5.132800 8.314696 2.126075
v -5.316476 8.314696 1.612735
v -5.448951 8.314696 1.083864
v -5.528950 8.314696 0.544554
v -5.555702 8.314696 0.000000
v -5.528950 8.314696 -0.544554
v -5.448951 8.314696 -1.083864
v -5.316476 8.314696 -1.612735
v -5.132800 8.314696 -2.126075
v -4.899692 8.314696 -2.618940
v -4.619398 8.314696 -3.086583
v -4.294616 8.314696 -3.524500
v -3.928475 8.314696 -3.928475
v -3.524500 8.314696 -4.294616
v -3.086583 8.314696 -4.619398
v -2.618940 8.314696 -4.899692
v -2.126075 8.314696 -5.132800
v -1.612735 8.314696 -5.316476
v -1.083864 8.314696 -5.448951
v -0.544554 8.314696 -5.528950
v -0.000000 8.314696 -5.555702
v 0.544554 8.314696 -5.528950
v 1.083864 8.314696 -5.448951
v 1.612735 8.314696 -5.316476
v 2.126075 8.314696 -5.132800
v 2.618940 8.314696 -4.899692
v 3.086583 8.314696 -4.619398
v 3.524500 8.314696 -4.294616
v 3.928475 8.314696 -3.928475
v 4.294616 8.314696 -3.524500
v 4.619398 8.314696 -3.086583
v 4.899692 8.314696 -2.618940
v 5.132800 8.314696 -2.126075
v 5.316476 8.314696 -1.612735
v 5.448951 8.314696 -1.083864
v 5.528950 8.314696 -0.544554
v 6.343933 7.730105 0.000000
v 6.313385 7.730105 0.621814
v 6.222036 7.730105 1.237640
v 6.070765 7.730105 1.841546
v 5.861030 7.730105 2.427718
v 5.594849 7.730105 2.990509
v 5.274787 7.730105 3.524500
v 4.903926 7.730105 4.024548
v 4.485838 7.730105 4.485838
v 4.024548 7.730105 4.903926
v 3.524500 7.730105 5.274787
v 2.990509 7.730105 5.594849
v 2.427718 7.730105 5.861030
v 1.841546 7.730105 6.070765
v 1.237640 7.730105 6.222036
v 0.621814 7.730105 6.313385
v 0.000000 7.730105 6.343933
v -0.621814 7.730105 6.313385
v -1.237640 7.730105 6.222036
v -1.841546 7.730105 6.070765
v -2.427718 7.730105 5.861030
v -2.990509 7.730105 5.594849
v -3.524500 7.730105 5.274787
v -4.024548 7.730105 4.903926
v -4.485838 7.730105 4.485838
v -4.903926 7.730105 4.024548
v -5.274787 7.730105 3.524500
v -5.594849 7.730105 2.990509
v -5.861030 7.730105 2.427718
v -6.070765 7.730105 1.841546
v -6.222036 7.730105 1.237640
v -6.313385 7.730105 0.621814
v -6.343933 7.730105 0.000000
v -6.313385 7.730105 -0.621814
v -6.222036 7.730105 -1.237640
v -6.070765 7.730105 -1.841546
v -5.861030 7.730105 -2.427718
v -5.594849 7.730105 -2.990509
v -5.274787 7.730105 -3.524500
v -4.903926 7.730105 -4.024548
v -4.485838 7.730105 -4.485838
v -4.024548 7.730105 -4.903926
v -3.524500 7.730105 -5.274787
v -2.990509 7.730105 -5.594849
v -2.427718 7.730105 -5.861030
v -1.841546 7.730105 -6.070765
v -1.237640 7.730105 -6.222036
v -0.621814 7.730105 -6.313385
v -0.000000 7.730105 -6.343933
v 0.621814 7.730105 -6.313385
v 1.237640 7.730105 -6.222036
v 1.841546 7.730105 -6.070765
v 2.427718 7.730105 -5.861030
v 2.990509 7.730105 -5.594849
v 3.524500 7.730105 -5.274787
v 4.024548 7.730105 -4.903926
v 4.485838 7.730105 -4.485838
v 4.903926 7.730105 -4.024548
v 5.274787 7.730105 -3.524500
v 5.594849 7.730105 -2.990509
v 5.861030 7.730105 -2.427718
v 6.070765 7.730105 -1.841546
v 6.222036 7.730105 -1.237640
v 6.313385 7.730105 -0.621814
v 7.071068 7.071068 0.000000
v 7.037019 7.071068 0.693086
v 6.935199 7.071068 1.379497
v 6.766590 7.071068 2.052623
v 6.532815 7.071068 2.705981
v 6.236125 7.071068 3.333278
v 5.879378 7.071068 3.928475
v 5.466009 7.071068 4.485838
v 5.000000 7.071068 5.000000
v 4.485838 7.071068 5.466009
v 3.928475 7.071068 5.879378
v 3.333278 7.071068 6.236125
v 2.705981 7.071068 6.532815
v 2.052623 7.071068 6.766590
v 1.379497 7.071068 6.935199
v 0.693086 7.071068 7.037019
v 0.000000 7.071068 7.071068
v -0.693086 7.071068 7.037019
v -1.379497 7.071068 6.935199
v -2.052623 7.071068 6.766590
v -2.705981 7.071068 6.532815
v -3.333278 7.071068 6.236125
v -3.928475 7.071068 5.879378
v -4.485838 7.071068 5.466009
v -5.000000 7.071068 5.000000
v -5.466009 7.071068 4.485838
v -5.879378 7.071068 3.928475
v -6.236125 7.071068 3.333278
v -6.532815 7.071068 2.705981
v -6.766590 7.071068 2.052623
v -6.935199 7.071068 1.379497
v -7.037019 7.071068 0.693086
v -7.071068 7.071068 0.000000
v -7.037019 7.071068 -0.693086
v -6.935199 7.071068 -1.379497
v -6.766590 7.071068 -2.052623
v -6.532815 7.071068 -2.705981
v -6.236125 7.071068 -3.333278
v -5.879378 7.071068 -3.928475
v -5.466009 7.071068 -4.485838
v -5.000000 7.071068 -5.000000
v -4.485838 7.071068 -5.466009
v -3.928475 7.071068 -5.879378
v -3.333278 7.071068 -6.236125
v -2.705981 7.071068 -6.532815
v -2.052623 7.071068 -6.766590
v -1.379497 7.071068 -6.935199
v -0.693086 7.071068 -7.037019
v -0.000000 7.071068 -7.071068
v 0.693086 7.071068 -7.037019
v 1.379497 7.071068 -6.935199
v 2.052623 7.071068 -6.766590
v 2.705981 7.071068 -6.532815
v 3.333278 7.071068 -6.236125
v 3.928475 7.071068 -5.879378
v 4.485838 7.071068 -5.466009
v 5.000000 7.071068 -5.000000
v 5.466009 7.071068 -4.485838
v 5.879378 7.071068 -3.928475
v 6.236125 7.071068 -3.333278
v 6.532815 7.071068 -2.705981
v 6.766590 7.071068 -2.052623
v 6.935199 7.071068 -1.379497
v 7.037019 7.071068 -0.693086
v 7.730105 6.343933 0.000000
v 7.692882 6.343933 0.757683
v 7.581573 6.343933 1.508069
v 7.397249 6.343933 2.243931
v 7.141685 6.343933 2.958183
v 6.817344 6.343933 3.643946
v 6.427347 6.343933 4.294616
v 5.975452 6.343933 4.903926
v 5.466009 6.343933 5.466009
v 4.903926 6.343933 5.975452
v 4.294616 6.343933 6.427347
v 3.643946 6.343933 6.817344
v 2.958183 6.343933 7.141685
v 2.243931 6.343933 7.397249
v 1.508069 6.343933 7.581573
v 0.757683 6.343933 7.692882
v 0.000000 6.343933 7.730105
v -0.757683 6.343933 7.692882
v -1.508069 6.343933 7.581573
v -2.243931 6.343933 7.397249
v -2.958183 6.343933 7.141685
v -3.643946 6.343933 6.817344
v -4.294616 6.343933 6.427347
v -4.903926 6.343933 5.975452
v -5.466009 6.343933 5.466009
v -5.975452 6.343933 4.903926
v -6.427347 6.343933 4.294616
v -6.817344 6.343933 3.643946
v -7.141685 6.343933 2.958183
v -7.397249 6.343933 2.243931
v -7.581573 6.343933 1.508069
v -7.692882 6.343933 0.757683
v -7.730105 6.343933 0.000000
v -7.692882 6.343933 -0.757683
v -7.581573 6.343933 -1.508069
v -7.397249 6.343933 -2.243931
v -7.141685 6.343933 -2.958183
v -6.817344 6.343933 -3.643946
v -6.427347 6.343933 -4.294616
v -5.975452 6.343933 -4.903926
v -5.466009 6.343933 -5.466009
v -4.903926 6.343933 -5.975452
v -4.294616 6.343933 -6.427347
v -3.643946 6.343933 -6.817344
v -2.958183 6.343933 -7.141685
v -2.243931 6.343933 -7.397249
v -1.508069 6.343933 -7.581573
v -0.757683 6.343933 -7.692882
v -0.000000 6.343933 -7.730105
v 0.757683 6.343933 -7.692882
v 1.508069 6.343933 -7.581573
v 2.243931 6.343933 -7.397249
v 2.958183 6.343933 -7.141685
v 3.643946 6.343933 -6.817344
v 4.294616 6.343933 -6.427347
v 4.903926 6.343933 -5.975452
v 5.466009 6.343933 -5.466009
v 5.975452 6.343933 -4.903926
v 6.427347 6.343933 -4.294616
v 6.817344 6.343933 -3.643946
v 7.141685 6.343933 -2.958183
v 7.397249 6.343933 -2.243931
v 7.581573 6.343933 -1.508069
v 7.692882 6.343933 -0.757683
v 8.314696 5.555702 0.000000
v 8.274659 5.555702 0.814983
v 8.154932 5.555702 1.622117
v 7.956668 5.555702 2.413629
v 7.681778 5.555702 3.181896
v 7.332907 5.555702 3.919521
v 6.913417 5.555702 4.619398
v 6.427347 5.555702 5.274787
v 5.879378 5.555702 5.879378
v 5.274787 5.555702 6.427347
v 4.619398 5.555702 6.913417
v 3.919521 5.555702 7.332907
v 3.181896 5.555702 7.681778
v 2.413629 5.555702 7.956668
v 1.622117 5.555702 8.154932
v 0.814983 5.555702 8.274659
v 0.000000 5.555702 8.314696
v -0.814983 5.555702 8.274659
v -1.622117 5.555702 8.154932
v -2.413629 5.555702 7.956668
v -3.181896 5.555702 7.681778
v -3.919521 5.555702 7.332907
v -4.619398 5.555702 6.913417
v -5.274787 5.555702 6.427347
v -5.879378 5.555702 5.879378
v -6.427347 5.555702 5.274787
v -6.913417 5.555702 4.619398
v -7.332907 5.555702 3.919521
v -7.681778 5.555702 3.181896
v -7.956668 5.555702 2.413629
v -8.154932 5.555702 1.622117
v -8.274659 5.555702 0.814983
v -8.314696 5.555702 0.000000
v -8.274659 5.555702 -0.814983
v -8.154932 5.555702 -1.622117
v -7.956668 5.555702 -2.413629
v -7.681778 5.555702 -3.181896
v -7.332907 5.555702 -3.919521
v -6.913417 5.555702 -4.619398
v -6.427347 5.555702 -5.274787
v -5.879378 5.555702 -5.879378
v -5.274787 5.555702 -6.427347
v -4.619398 5.555702 -6.913417
v -3.919521 5.555702 -7.332907
v -3.181896 5.555702 -7.681778
v -2.413629 5.555702 -7.956668
v -1.622117 5.555702 -8.154932
v -0.814983 5.555702 -8.274659
v -0.000000 5.555702 -8.314696
v 0.814983 5.555702 -8.274659
v 1.622117 5.555702 -8.154932
v 2.413629 5.555702 -7.956668
v 3.181896 5.555702 -7.681778
v 3.919521 5.555702 -7.332907
v 4.619398 5.555702 -6.913417
v 5.274787 5.555702 -6.427347
v 5.879378 5.555702 -5.879378
v 6.427347 5.555702 -5.274787
v 6.913417 5.555702 -4.619398
v 7.332907 5.555702 -3.919521
v 7.681778 5.555702 -3.181896
v 7.956668 5.555702 -2.413629
v 8.154932 5.555702 -1.622117
v 8.274659 5.555702 -0.814983
v 8.819213 4.713967 0.000000
v 8.776746 4.713967 0.864434
v 8.649754 4.713967 1.720543
v 8.439460 4.713967 2.560082
v 8.147890 4.713967 3.374967
v 7.777851 4.713967 4.157348
v 7.332907 4.713967 4.899692
v 6.817344 4.713967 5.594849
v 6.236125 4.713967 6.236125
v 5.594849 4.713967 6.817344
v 4.899692 4.713967 7.332907
v 4.157348 4.713967 7.777851
v 3.374967 4.713967 8.147890
v 2.560082 4.713967 8.439460
v 1.720543 4.713967 8.649754
v 0.864434 4.713967 8.776746
v 0.000000 4.713967 8.819213
v -0.864434 4.713967 8.776746
v -1.720543 4.713967 8.649754
v -2.560082 4.713967 8.439460
v -3.374967 4.713967 8.147890
v -4.157348 4.713967 7.777851
v -4.899692 4.713967 7.332907
v -5.594849 4.713967 6.817344
v -6.236125 4.713967 6.236125
v -6.817344 4.713967 5.594849
v -7.332907 4.713967 4.899692
v -7.777851 4.713967 4.157348
v -8.147890 4.713967 3.374967
v -8.439460 4.713967 2.560082
v -8.649754 4.713967 1.720543
v -8.776746 4.713967 0.864434
v -8.819213 4.713967 0.000000
v -8.776746 4.713967 -0.864434
v -8.649754 4.713967 -1.720543
v -8.439460 4.713967 -2.560082
v -8.147890 4.713967 -3.374967
v -7.777851 4.713967 -4.157348
v -7.332907 4.713967 -4.899692
v -6.817344 4.713967 -5.594849
v -6.236125 4.713967 -6.236125
v -5.594849 4.713967 -6.817344
v -4.899692 4.713967 -7.332907
v -4.157348 4.713967 -7.777851
v -3.374967 4.713967 -8.147890
v -2.560082 4.713967 -8.439460
v -1.720543 4.713967 -8.649754
v -0.864434 4.713967 -8.776746
v -0.000000 4.713967 -8.819213
v 0.864434 4.713967 -8.776746
v 1.720543 4.713967 -8.649754
v 2.560082 4.713967 -8.439460
v 3.374967 4.713967 -8.147890
v 4.157348 4.713967 -7.777851
v 4.899692 4.713967 -7.332907
v 5.594849 4.713967 -6.817344
v 6.236125 4.713967 -6.236125
v 6.817344 4.713967 -5.594849
v 7.332907 4.713967 -4.899692
v 7.777851 4.713967 -4.157348
v 8.147890 4.713967 -3.374967
v 8.439460 4.713967 -2.560082
v 8.649754 4.713967 -1.720543
v 8.776746 4.713967 -0.864434
v 9.238795 3.826834 0.000000
v 9.194308 3.826834 0.905560
v 9.061274 3.826834 1.802400
v 8.840976 3.826834 2.681881
v 8.535534 3.826834 3.535534
v 8.147890 3.826834 4.355138
v 7.681778 3.826834 5.132800
v 7.141685 3.826834 5.861030
v 6.532815 3.826834 6.532815
v 5.861030 3.826834 7.141685
v 5.132800 3.826834 7.681778
v 4.355138 3.826834 8.147890
v 3.535534 3.826834 8.535534
v 2.681881 3.826834 8.840976
v 1.802400 3.826834 9.061274
v 0.905560 3.826834 9.194308
v 0.000000 3.826834 9.238795
v -0.905560 3.826834 9.194308
v -1.802400 3.826834 9.061274
v -2.681881 3.826834 8.840976
v -3.535534 3.826834 8.535534
v -4.355138 3.826834 8.147890
v -5.132800 3.826834 7.681778
v -5.861030 3.826834 7.141685
v -6.532815 3.826834 6.532815
v -7.141685 3.826834 5.861030
v -7.681778 3.826834 5.132800
v -8.147890 3.826834 4.355138
v -8.535534 3.826834 3.535534
v -8.840976 3.826834 2.681881
v -9.061274 3.826834 1.802400
v -9.194308 3.826834 0.905560
v -9.238795 3.826834 0.000000
v -9.194308 3.826834 -0.905560
v -9.061274 3.826834 -1.802400
v -8.840976 3.826834 -2.681881
v -8.535534 3.826834 -3.535534
v -8.147890 3.826834 -4.355138
v -7.681778 3.826834 -5.132800
v -7.141685 3.826834 -5.861030
v -6.532815 3.826834 -6.532815
v -5.861030 3.826834 -7.141685
v -5.132800 3.826834 -7.681778
v -4.355138 3.826834 -8.147890
v -3.535534 3.826834 -8.535534
v -2.681881 3.826834 -8.840976
v -1.802400 3.826834 -9.061274
v -0.905560 3.826834 -9.194308
v -0.000000 3.826834 -9.238795
v 0.905560 3.826834 -9.194308
v 1.802400 3.826834 -9.061274
v 2.681881 3.826834 -8.840976
v 3.535534 3.826834 -8.535534
v 4.355138 3.826834 -8.147890
v 5.132800 3.826834 -7.681778
v 5.861030 3.826834 -7.141685
v 6.532815 3.826834 -6.532815
v 7.141685 3.826834 -5.861030
v 7.681778 3.826834 -5.132800
v 8.147890 3.826834 -4.355138
v 8.535534 3.826834 -3.535534
v 8.840976 3.826834 -2.681881
v 9.061274 3.826834 -1.802400
v 9.194308 3.826834 -0.905560
v 9.569403 2.902847 0.000000
v 9.523324 2.902847 0.937966
v 9.385530 2.902847 1.866898
v 9.157348 2.902847 2.777851
v 8.840976 2.902847 3.662052
v 8.439460 2.902847 4.510986
v 7.956668 2.902847 5.316476
v 7.397249 2.902847 6.070765
v 6.766590 2.902847 6.766590
v 6.070765 2.902847 7.397249
v 5.316476 2.902847 7.956668
v 4.510986 2.902847 8.439460
v 3.662052 2.902847 8.840976
v 2.777851 2.902847 9.157348
v 1.866898 2.902847 9.385530
v 0.937966 2.902847 9.523324
v 0.000000 2.902847 9.569403
v -0.937966 2.902847 9.523324
v -1.866898 2.902847 9.385530
v -2.777851 2.902847 9.157348
v -3.662052 2.902847 8.840976
v -4.510986 2.902847 8.439460
v -5.316476 2.902847 7.956668
v -6.070765 2.902847 7.397249
v -6.766590 2.902847 6.766590
v -7.397249 2.902847 6.070765
v -7.956668 2.902847 5.316476
v -8.439460 2.902847 4.510986
v -8.840976 2.902847 3.662052
v -9.157348 2.902847 2.777851
v -9.385530 2.902847 1.866898
v -9.523324 2.902847 0.937966
v -9.569403 2.902847 0.000000
v -9.523324 2.902847 -0.937966
v -9.385530 2.902847 -1.866898
v -9.157348 2.902847 -2.777851
v -8.840976 2.902847 -3.662052
v -8.439460 2.902847 -4.510986
v -7.956668 2.902847 -5.316476
v -7.397249 2.902847 -6.070765
v -6.766590 2.902847 -6.766590
v -6.070765 2.902847 -7.397249
v -5.316476 2.902847 -7.956668
v -4.510986 2.902847 -8.439460
v -3.662052 2.902847 -8.840976
v -2.777851 2.902847 -9.157348
v -1.866898 2.902847 -9.385530
v -0.937966 2.902847 -9.523324
v -0.000000 2.902847 -9.569403
v 0.937966 2.902847 -9.523324
v 1.866898 2.902847 -9.385530
v 2.777851 2.902847 -9.157348
v 3.662052 2.902847 -8.840976
v 4.510986 2.902847 -8.439460
v 5.316476 2.902847 -7.956668
v 6.070765 2.902847 -7.397249
v 6.766590 2.902847 -6.766590
v 7.397249 2.902847 -6.070765
v 7.956668 2.902847 -5.316476
v 8.439460 2.902847 -4.510986
v 8.840976 2.902847 -3.662052
v 9.157348 2.902847 -2.777851
v 9.385530 2.902847 -1.866898
v 9.523324 2.902847 -0.937966
v 9.807853 1.950903 0.000000
v 9.760625 1.950903 0.961338
v 9.619398 1.950903 1.913417
v 9.385530 1.950903 2.847069
v 9.061274 1.950903 3.753303
v 8.649754 1.950903 4.623390
v 8.154932 1.950903 5.448951
v 7.581573 1.950903 6.222036
v 6.935199 1.950903 6.935199
v 6.222036 1.950903 7.581573
v 5.448951 1.950903 8.154932
v 4.623390 1.950903 8.649754
v 3.753303 1.950903 9.061274
v 2.847069 1.950903 9.385530
v 1.913417 1.950903 9.619398
v 0.961338 1.950903 9.760625
v 0.000000 1.950903 9.807853
v -0.961338 1.950903 9.760625
v -1.913417 1.950903 9.619398
v -2.847069 1.950903 9.385530
v -3.753303 1.950903 9.061274
v -4.623390 1.950903 8.649754
v -5.448951 1.950903 8.154932
v -6.222036 1.950903 7.581573
v -6.935199 1.950903 6.935199
v -7.581573 1.950903 6.222036
v -8.154932 1.950903 5.448951
v -8.649754 1.950903 4.623390
v -9.061274 1.950903 3.753303
v -9.385530 1.950903 2.847069
v -9.619398 1.950903 1.913417
v -9.760625 1.950903 0.961338
v -9.807853 1.950903 0.000000
v -9.760625 1.950903 -0.961338
v -9.619398 1.950903 -1.913417
v -9.385530 1.950903 -2.847069
v -9.061274 1.950903 -3.753303
v -8.649754 1.950903 -4.623390
v -8.154932 1.950903 -5.448951
v -7.581573 1.950903 -6.222036
v -6.935199 1.950903 -6.935199
v -6.222036 1.950903 -7.581573
v -5.448951 1.950903 -8.154932
v -4.623390 1.950903 -8.649754
v -3.753303 1.950903 -9.061274
v -2.847069 1.950903 -9.385530
v -1.913417 1.950903 -9.619398
v -0.961338 1.950903 -9.760625
v -0.000000 1.950903 -9.807853
v 0.961338 1.950903 -9.760625
v 1.913417 1.950903 -9.619398
v 2.847069 1.950903 -9.385530
v 3.753303 1.950903 -9.061274
v 4.623390 1.950903 -8.649754
v 5.448951 1.950903 -8.154932
v 6.222036 1.950903 -7.581573
v 6.935199 1.950903 -6.935199
v 7.581573 1.950903 -6.222036
v 8.154932 1.950903 -5.448951
v 8.649754 1.950903 -4.623390
v 9.061274 1.950903 -3.753303
v 9.385530 1.950903 -2.847069
v 9.619398 1.950903 -1.913417
v 9.760625 1.950903 -0.961338
v 9.951847 0.980171 0.000000
v 9.903926 0.980171 0.975452
v 9.760625 0.980171 1.941509
v 9.523324 0.980171 2.888869
v 9.194308 0.980171 3.808407
v 8.776746 0.980171 4.691268
v 8.274659 0.980171 5.528950
v 7.692882 0.980171 6.313385
v 7.037019 0.980171 7.037019
v 6.313385 0.980171 7.692882
v 5.528950 0.980171 8.274659
v 4.691268 0.980171 8.776746
v 3.808407 0.980171 9.194308
v 2.888869 0.980171 9.523324
v 1.941509 0.980171 9.760625
v 0.975452 0.980171 9.903926
v 0.000000 0.980171 9.951847
v -0.975452 0.980171 9.903926
v -1.941509 0.980171 9.760625
v -2.888869 0.980171 9.523324
v -3.808407 0.980171 9.194308
v -4.691268 0.980171 8.776746
v -5.528950 0.980171 8.274659
v -6.313385 0.980171 7.692882
v -7.037019 0.980171 7.037019
v -7.692882 0.980171 6.313385
v -8.274659 0.980171 5.528950
v -8.776746 0.980171 4.691268
v -9.194308 0.980171 3.808407
v -9.523324 0.980171 2.888869
v -9.760625 0.980171 1.941509
v -9.903926 0.980171 0.975452
v -9.951847 0.980171 0.000000
v -9.903926 0.980171 -0.975452
v -9.760625 0.980171 -1.941509
v -9.523324 0.980171 -2.888869
v -9.194308 0.980171 -3.808407
v -8.776746 0.980171 -4.691268
v -8.274659 0.980171 -5.528950
v -7.692882 0.980171 -6.313385
v -7.037019 0.980171 -7.037019
v -6.313385 0.980171 -7.692882
v -5.528950 0.980171 -8.274659
v -4.691268 0.980171 -8.776746
v -3.808407 0.980171 -9.194308
v -2.888869 0.980171 -9.523324
v -1.941509 0.980171 -9.760625
v -0.975452 0.980171 -9.903926
v -0.000000 0.980171 -9.951847
v 0.975452 0.980171 -9.903926
v 1.941509 0.980171 -9.760625
v 2.888869 0.980171 -9.523324
v 3.808407 0.980171 -9.194308
v 4.691268 0.980171 -8.776746
v 5.528950 0.980171 -8.274659
v 6.313385 0.980171 -7.692882
v 7.037019 0.980171 -7.037019
v 7.692882 0.980171 -6.313385
v 8.274659 0.980171 -5.528950
v 8.776746 0.980171 -4.691268
v 9.194308 0.980171 -3.808407
v 9.523324 0.980171 -2.888869
v 9.760625 0.980171 -1.941509
v 9.903926 0.980171 -0.975452
v 10.000000 0.000000 0.000000
v 9.951847 0.000000 0.980171
v 9.807853 0.000000 1.950903
v 9.569403 0.000000 2.902847
v 9.238795 0.000000 3.826834
v 8.819213 0.000000 4.713967
v 8.314696 0.000000 5.555702
v 7.730105 0.000000 6.343933
v 7.071068 0.000000 7.071068
v 6.343933 0.000000 7.730105
v 5.555702 0.000000 8.314696
v 4.713967 0.000000 8.819213
v 3.826834 0.000000 9.238795
v 2.902847 0.000000 9.569403
v 1.950903 0.000000 9.807853
v 0.980171 0.000000 9.951847
v 0.000000 0.000000 10.000000
v -0.980171 0.000000 9.951847
v -1.950903 0.000000 9.807853
v -2.902847 0.000000 9.569403
v -3.826834 0.000000 9.238795
v -4.713967 0.000000 8.819213
v -5.555702 0.000000 8.314696
v -6.343933 0.000000 7.730105
v -7.071068 0.000000 7.071068
v -7.730105 0.000000 6.343933
v -8.314696 0.000000 5.555702
v -8.819213 0.000000 4.713967
v -9.238795 0.000000 3.826834
v -9.569403 0.000000 2.902847
v -9.807853 0.000000 1.950903
v -9.951847 0.000000 0.980171
v -10.000000 0.000000 0.000000
v -9.951847 0.000000 -0.980171
v -9.807853 0.000000 -1.950903
v -9.569403 0.000000 -2.902847
v -9.238795 0.000000 -3.826834
v -8.819213 0.000000 -4.713967
v -8.314696 0.000000 -5.555702
v -7.730105 0.000000 -6.343933
v -7.071068 0.000000 -7.071068
v -6.343933 0.000000 -7.730105
v -5.555702 0.000000 -8.314696
v -4.713967 0.000000 -8.819213
v -3.826834 0.000000 -9.238795
v -2.902847 0.000000 -9.569403
v -1.950903 0.000000 -9.807853
v -0.980171 0.000000 -9.951847
v -0.000000 0.000000 -10.000000
v 0.980171 0.000000 -9.951847
v 1.950903 0.000000 -9.807853
v 2.902847 0.000000 -9.569403
v 3.826834 0.000000 -9.238795
v 4.713967 0.000000 -8.819213
v 5.555702 0.000000 -8.314696
v 6.343933 0.000000 -7.730105
v 7.071068 0.000000 -7.071068
v 7.730105 0.000000 -6.343933
v 8.314696 0.000000 -5.555702
v 8.819213 0.000000 -4.713967
v 9.238795 0.000000 -3.826834
v 9.569403 0.000000 -2.902847
v 9.807853 0.000000 -1.950903
v 9.951847 0.000000 -0.980171
v 9.951847 -0.980171 0.000000
v 9.903926 -0.980171 0.975452
v 9.760625 -0.980171 1.941509
v 9.523324 -0.980171 2.888869
v 9.194308 -0.980171 3.808407
v 8.776746 -0.980171 4.691268
v 8.274659 -0.980171 5.528950
v 7.692882 -0.980171 6.313385
v 7.037019 -0.980171 7.037019
v 6.313385 -0.980171 7.692882
v 5.528950 -0.980171 8.274659
v 4.691268 -0.980171 8.776746
v 3.808407 -0.980171 9.194308
v 2.888869 -0.980171 9.523324
v 1.941509 -0.980171 9.760625
v 0.975452 -0.980171 9.903926
v 0.000000 -0.980171 9.951847
v -0.975452 -0.980171 9.903926
v -1.941509 -0.980171 9.760625
v -2.888869 -0.980171 9.523324
v -3.808407 -0.980171 9.194308
v -4.691268 -0.980171 8.776746
v -5.528950 -0.980171 8.274659
v -6.313385 -0.980171 7.692882
v -7.037019 -0.980171 7.037019
v -7.692882 -0.980171 6.313385
v -8.274659 -0.980171 5.528950
v -8.776746 -0.980171 4.691268
v -9.194308 -0.980171 3.808407
v -9.523324 -0.980171 2.888869
v -9.760625 -0.980171 1.941509
v -9.903926 -0.980171 0.975452
v -9.951847 -0.980171 0.000000
v -9.903926 -0.980171 -0.975452
v -9.760625 -0.980171 -1.941509
v -9.523324 -0.980171 -2.888869
v -9.194308 -0.980171 -3.808407
v -8.776746 -0.980171 -4.691268
v -8.274659 -0.980171 -5.528950
v -7.692882 -0.980171 -6.313385
v -7.037019 -0.980171 -7.037019
v -6.313385 -0.980171 -7.692882
v -5.528950 -0.980171 -8.274659
v -4.691268 -0.980171 -8.776746
v -3.808407 -0.980171 -9.194308
v -2.888869 -0.980171 -9.523324
v -1.941509 -0.980171 -9.760625
v -0.975452 -0.980171 -9.903926
v -0.000000 -0.980171 -9.951847
v 0.975452 -0.980171 -9.903926
v 1.941509 -0.980171 -9.760625
v 2.888869 -0.980171 -9.523324
v 3.808407 -0.980171 -9.194308
v 4.691268 -0.980171 -8.776746
v 5.528950 -0.980171 -8.274659
v 6.313385 -0.980171 -7.692882
v 7.037019 -0.980171 -7.037019
v 7.692882 -0.980171 -6.313385
v 8.274659 -0.980171 -5.528950
v 8.776746 -0.980171 -4.691268
v 9.194308 -0.980171 -3.808407
v 9.523324 -0.980171 -2.888869
v 9.760625 -0.980171 -1.941509
v 9.903926 -0.980171 -0.975452
v 9.807853 -1.950903 0.000000
v 9.760625 -1.950903 0.961338
v 9.619398 -1.950903 1.913417
v 9.385530 -1.950903 2.847069
v 9.061274 -1.950903 3.753303
v 8.649754 -1.950903 4.623390
v 8.154932 -1.950903 5.448951
v 7.581573 -1.950903 6.222036
v 6.935199 -1.950903 6.935199
v 6.222036 -1.950903 7.581573
v 5.448951 -1.950903 8.154932
v 4.623390 -1.950903 8.649754
v 3.753303 -1.950903 9.061274
v 2.847069 -1.950903 9.385530
v 1.913417 -1.950903 9.619398
v 0.961338 -1.950903 9.760625
v 0.000000 -1.950903 9.807853
v -0.961338 -1.950903 9.760625
v -1.913417 -1.950903 9.619398
v -2.847069 -1.950903 9.385530
v -3.753303 -1.950903 9.061274
v -4.623390 -1.950903 8.649754
v -5.448951 -1.950903 8.154932
v -6.222036 -1.950903 7.581573
v -6.935199 -1.950903 6.935199
v -7.581573 -1.950903 6.222036
v -8.154932 -1.950903 5.448951
v -8.649754 -1.950903 4.623390
v -9.061274 -1.950903 3.753303
v -9.385530 -1.950903 2.847069
v -9.619398 -1.950903 1.913417
v -9.760625 -1.950903 0.961338
v -9.807853 -1.950903 0.000000
v -9.760625 -1.950903 -0.961338
v -9.619398 -1.950903 -1.913417
v -9.385530 -1.950903 -2.847069
v -9.061274 -1.950903 -3.753303
v -8.649754 -1.950903 -4.623390
v -8.154932 -1.950903 -5.448951
v -7.581573 -1.950903 -6.222036
v -6.935199 -1.950903 -6.935199
v -6.222036 -1.950903 -7.581573
v -5.448951 -1.950903 -8.154932
v -4.623390 -1.950903 -8.649754
v -3.753303 -1.950903 -9.061274
v -2.847069 -1.950903 -9.385530
v -1.913417 -1.950903 -9.619398
v -0.961338 -1.950903 -9.760625
v -0.000000 -1.950903 -9.807853
v 0.961338 -1.950903 -9.760625
v 1.913417 -1.950903 -9.619398
v 2.847069 -1.950903 -9.385530
v 3.753303 -1.950903 -9.061274
v 4.623390 -1.950903 -8.649754
v 5.448951 -1.950903 -8.154932
v 6.222036 -1.950903 -7.581573
v 6.935199 -1.950903 -6.935199
v 7.581573 -1.950903 -6.222036
v 8.154932 -1.950903 -5.448951
v 8.649754 -1.950903 -4.623390
v 9.061274 -1.950903 -3.753303
v 9.385530 -1.950903 -2.847069
v 9.619398 -1.950903 -1.913417
v 9.760625 -1.950903 -0.961338
v 9.569403 -2.902847 0.000000
v 9.523324 -2.902847 0.937966
v 9.385530 -2.902847 1.866898
v 9.157348 -2.902847 2.777851
v 8.840976 -2.902847 3.662052
v 8.439460 -2.902847 4.510986
v 7.956668 -2.902847 5.316476
v 7.397249 -2.902847 6.070765
v 6.766590 -2.902847 6.766590
v 6.070765 -2.902847 7.397249
v 5.316476 -2.902847 7.956668
v 4.510986 -2.902847 8.439460
v 3.662052 -2.902847 8.840976
v 2.777851 -2.902847 9.157348
v 1.866898 -2.902847 9.385530
v 0.937966 -2.902847 9.523324
v 0.000000 -2.902847 9.569403
v -0.937966 -2.902847 9.523324
v -1.866898 -2.902847 9.385530
v -2.777851 -2.902847 9.157348
v -3.662052 -2.902847 8.840976
v -4.510986 -2.902847 8.439460
v -5.316476 -2.902847 7.956668
v -6.070765 -2.902847 7.397249
v -6.766590 -2.902847 6.766590
v -7.397249 -2.902847 6.070765
v -7.956668 -2.902847 5.316476
v -8.439460 -2.902847 4.510986
v -8.840976 -2.902847 3.662052
v -9.157348 -2.902847 2.777851
v -9.385530 -2.902847 1.866898
v -9.523324 -2.902847 0.937966
v -9.569403 -2.902847 0.000000
v -9.523324 -2.902847 -0.937966
v -9.385530 -2.902847 -1.866898
v -9.157348 -2.902847 -2.777851
v -8.840976 -2.902847 -3.662052
v -8.439460 -2.902847 -4.510986
v -7.956668 -2.902847 -5.316476
v -7.397249 -2.902847 -6.070765
v -6.766590 -2.902847 -6.766590
v -6.070765 -2.902847 -7.397249
v -5.316476 -2.902847 -7.956668
v -4.510986 -2.902847 -8.439460
v -3.662052 -2.902847 -8.840976
v -2.777851 -2.902847 -9.157348
v -1.866898 -2.902847 -9.385530
v -0.937966 -2.902847 -9.523324
v -0.000000 -2.902847 -9.569403
v 0.937966 -2.902847 -9.523324
v 1.866898 -2.902847 -9.385530
v 2.777851 -2.902847 -9.157348
v 3.662052 -2.902847 -8.840976
v 4.510986 -2.902847 -8.439460
v 5.316476 -2.902847 -7.956668
v 6.070765 -2.902847 -7.397249
v 6.766590 -2.902847 -6.766590
v 7.397249 -2.902847 -6.070765
v 7.956668 -2.902847 -5.316476
v 8.439460 -2.902847 -4.510986
v 8.840976 -2.902847 -3.662052
v 9.157348 -2.902847 -2.777851
v 9.385530 -2.902847 -1.866898
v 9.523324 -2.902847 -0.937966
v 9.238795 -3.826834 0.000000
v 9.194308 -3.826834 0.905560
v 9.061274 -3.826834 1.802400
v 8.840976 -3.826834 2.681881
v 8.535534 -3.826834 3.535534
v 8.147890 -3.826834 4.355138
v 7.681778 -3.826834 5.132800
v 7.141685 -3.826834 5.861030
v 6.532815 -3.826834 6.532815
v 5.861030 -3.826834 7.141685
v 5.132800 -3.826834 7.681778
v 4.355138 -3.826834 8.147890
v 3.535534 -3.826834 8.535534
v 2.681881 -3.826834 8.840976
v 1.802400 -3.826834 9.061274
v 0.905560 -3.826834 9.194308
v 0.000000 -3.826834 9.238795
v -0.905560 -3.826834 9.194308
v -1.802400 -3.826834 9.061274
v -2.681881 -3.826834 8.840976
v -3.535534 -3.826834 8.535534
v -4.355138 -3.826834 8.147890
v -5.132800 -3.826834 7.681778
v -5.861030 -3.826834 7.141685
v -6.532815 -3.826834 6.532815
v -7.141685 -3.826834 5.861030
v -7.681778 -3.826834 5.132800
v -8.147890 -3.826834 4.355138
v -8.535534 -3.826834 3.535534
v -8.840976 -3.826834 2.681881
v -9.061274 -3.826834 1.802400
v -9.194308 -3.826834 0.905560
v -9.238795 -3.826834 0.000000
v -9.194308 -3.826834 -0.905560
v -9.061274 -3.826834 -1.802400
v -8.840976 -3.826834 -2.681881
v -8.535534 -3.826834 -3.535534
v -8.147890 -3.826834 -4.355138
v -7.681778 -3.826834 -5.132800
v -7.141685 -3.826834 -5.861030
v -6.532815 -3.826834 -6.532815
v -5.861030 -3.826834 -7.141685
v -5.132800 -3.826834 -7.681778
v -4.355138 -3.826834 -8.147890
v -3.535534 -3.826834 -8.535534
v -2.681881 -3.826834 -8.840976
v -1.802400 -3.826834 -9.061274
v -0.905560 -3.826834 -9.194308
v -0.000000 -3.826834 -9.238795
v 0.905560 -3.826834 -9.194308
v 1.802400 -3.826834 -9.061274
v 2.681881 -3.826834 -8.840976
v 3.535534 -3.826834 -8.535534
v 4.355138 -3.826834 -8.147890
v 5.132800 -3.826834 -7.681778
v 5.861030 -3.826834 -7.141685
v 6.532815 -3.826834 -6.532815
v 7.141685 -3.826834 -5.861030
v 7.681778 -3.826834 -5.132800
v 8.147890 -3.826834 -4.355138
v 8.535534 -3.826834 -3.535534
v 8.840976 -3.826834 -2.681881
v 9.061274 -3.826834 -1.802400
v 9.194308 -3.826834 -0.905560
v 8.819213 -4.713967 0.000000
v 8.776746 -4.713967 0.864434
v 8.649754 -4.713967 1.720543
v 8.439460 -4.713967 2.560082
v 8.147890 -4.713967 3.374967
v 7.777851 -4.713967 4.157348
v 7.332907 -4.713967 4.899692
v 6.817344 -4.713967 5.594849
v 6.236125 -4.713967 6.236125
v 5.594849 -4.713967 6.817344
v 4.899692 -4.713967 7.332907
v 4.157348 -4.713967 7.777851
v 3.374967 -4.713967 8.147890
v 2.560082 -4.713967 8.439460
v 1.720543 -4.713967 8.649754
v 0.864434 -4.713967 8.776746
v 0.000000 -4.713967 8.819213
v -0.864434 -4.713967 8.776746
v -1.720543 -4.713967 8.649754
v -2.560082 -4.713967 8.439460
v -3.374967 -4.713967 8.147890
v -4.157348 -4.713967 7.777851
v -4.899692 -4.713967 7.332907
v -5.594849 -4.713967 6.817344
v -6.236125 -4.713967 6.236125
v -6.817344 -4.713967 5.594849
v -7.332907 -4.713967 4.899692
v -7.777851 -4.713967 4.157348
v -8.147890 -4.713967 3.374967
v -8.439460 -4.713967 2.560082
v -8.649754 -4.713967 1.720543
v -8.776746 -4.713967 0.864434
v -8.819213 -4.713967 0.000000
v -8.776746 -4.713967 -0.864434
v -8.649754 -4.713967 -1.720543
v -8.439460 -4.713967 -2.560082
v -8.147890 -4.713967 -3.374967
v -7.777851 -4.713967 -4.157348
v -7.332907 -4.713967 -4.899692
v -6.817344 -4.713967 -5.594849
v -6.236125 -4.713967 -6.236125
v -5.594849 -4.713967 -6.817344
v -4.899692 -4.713967 -7.332907
v -4.157348 -4.713967 -7.777851
v -3.374967 -4.713967 -8.147890
v -2.560082 -4.713967 -8.439460
v -1.720543 -4.713967 -8.649754
v -0.864434 -4.713967 -8.776746
v -0.000000 -4.713967 -8.819213
v 0.864434 -4.713967 -8.776746
v 1.720543 -4.713967 -8.649754
v 2.560082 -4.713967 -8.439460
v 3.374967 -4.713967 -8.147890
v 4.157348 -4.713967 -7.777851
v 4.899692 -4.713967 -7.332907
v 5.594849 -4.713967 -6.817344
v 6.236125 -4.713967 -6.236125
v 6.817344 -4.713967 -5.594849
v 7.332907 -4.713967 -4.899692
v 7.777851 -4.713967 -4.157348
v 8.147890 -4.713967 -3.374967
v 8.439460 -4.713967 -2.560082
v 8.649754 -4.713967 -1.720543
v 8.776746 -4.713967 -0.864434
v 8.314696 -5.555702 0.000000
v 8.274659 -5.555702 0.814983
v 8.154932 -5.555702 1.622117
v 7.956668 -5.555702 2.413629
v 7.681778 -5.555702 3.181896
v 7.332907 -5.555702 3.919521
v 6.913417 -5.555702 4.619398
v 6.427347 -5.555702 5.274787
v 5.879378 -5.555702 5.879378
v 5.274787 -5.555702 6.427347
v 4.619398 -5.555702 6.913417
v 3.919521 -5.555702 7.332907
v 3.181896 -5.555702 7.681778
v 2.413629 -5.555702 7.956668
v 1.622117 -5.555702 8.154932
v 0.814983 -5.555702 8.274659
v 0.000000 -5.555702 8.314696
v -0.814983 -5.555702 8.274659
v -1.622117 -5.555702 8.154932
v -2.413629 -5.555702 7.956668
v -3.181896 -5.555702 7.681778
v -3.919521 -5.555702 7.332907
v -4.619398 -5.555702 6.913417
v -5.274787 -5.555702 6.427347
v -5.879378 -5.555702 5.879378
v -6.427347 -5.555702 5.274787
v -6.913417 -5.555702 4.619398
v -7.332907 -5.555702 3.919521
v -7.681778 -5.555702 3.181896
v -7.956668 -5.555702 2.413629
v -8.154932 -5.555702 1.622117
v -8.274659 -5.555702 0.814983
v -8.314696 -5.555702 0.000000
v -8.274659 -5.555702 -0.814983
v -8.154932 -5.555702 -1.622117
v -7.956668 -5.555702 -2.413629
v -7.681778 -5.555702 -3.181896
v -7.332907 -5.555702 -3.919521
v -6.913417 -5.555702 -4.619398
v -6.427347 -5.555702 -5.274787
v -5.879378 -5.555702 -5.879378
v -5.274787 -5.555702 -6.427347
v -4.619398 -5.555702 -6.913417
v -3.919521 -5.555702 -7.332907
v -3.181896 -5.555702 -7.681778
v -2.413629 -5.555702 -7.956668
v -1.622117 -5.555702 -8.154932
v -0.814983 -5.555702 -8.274659
v -0.000000 -5.555702 -8.314696
v 0.814983 -5.555702 -8.274659
v 1.622117 -5.555702 -8.154932
v 2.413629 -5.555702 -7.956668
v 3.181896 -5.555702 -7.681778
v 3.919521 -5.555702 -7.332907
v 4.619398 -5.555702 -6.913417
v 5.274787 -5.555702 -6.427347
v 5.879378 -5.555702 -5.879378
v 6.427347 -5.555702 -5.274787
v 6.913417 -5.555702 -4.619398
v 7.332907 -5.555702 -3.919521
v 7.681778 -5.555702 -3.181896
v 7.956668 -5.555702 -2.413629
v 8.154932 -5.555702 -1.622117
v 8.274659 -5.555702 -0.814983
v 7.730105 -6.343933 0.000000
v 7.692882 -6.343933 0.757683
v 7.581573 -6.343933 1.508069
v 7.397249 -6.343933 2.243931
v 7.141685 -6.343933 2.958183
v 6.817344 -6.343933 3.643946
v 6.427347 -6.343933 4.294616
v 5.975452 -6.343933 4.903926
v 5.466009 -6.343933 5.466009
v 4.903926 -6.343933 5.975452
v 4.294616 -6.343933 6.427347
v 3.643946 -6.343933 6.817344
v 2.958183 -6.343933 7.141685
v 2.243931 -6.343933 7.397249
v 1.508069 -6.343933 7.581573
v 0.757683 -6.343933 7.692882
v 0.000000 -6.343933 7.730105
v -0.757683 -6.343933 7.692882
v -1.508069 -6.343933 7.581573
v -2.243931 -6.343933 7.397249
v -2.958183 -6.343933 7.141685
v -3.643946 -6.343933 6.817344
v -4.294616 -6.343933 6.427347
v -4.903926 -6.343933 5.975452
v -5.466009 -6.343933 5.466009
v -5.975452 -6.343933 4.903926
v -6.427347 -6.343933 4.294616
v -6.817344 -6.343933 3.643946
v -7.141685 -6.343933 2.958183
v -7.397249 -6.343933 2.243931
v -7.581573 -6.343933 1.508069
v -7.692882 -6.343933 0.757683
v -7.730105 -6.343933 0.000000
v -7.692882 -6.343933 -0.757683
v -7.581573 -6.343933 -1.508069
v -7.397249 -6.343933 -2.243931
v -7.141685 -6.343933 -2.958183
v -6.817344 -6.343933 -3.643946
v -6.427347 -6.343933 -4.294616
v -5.975452 -6.343933 -4.903926
v -5.466009 -6.343933 -5.466009
v -4.903926 -6.343933 -5.975452
v -4.294616 -6.343933 -6.427347
v -3.643946 -6.343933 -6.817344
v -2.958183 -6.343933 -7.141685
v -2.243931 -6.343933 -7.397249
v -1.508069 -6.343933 -7.581573
v -0.757683 -6.343933 -7.692882
v -0.000000 -6.343933 -7.730105
v 0.757683 -6.343933 -7.692882
v 1.508069 -6.343933 -7.581573
v 2.243931 -6.343933 -7.397249
v 2.958183 -6.343933 -7.141685
v 3.643946 -6.343933 -6.817344
v 4.294616 -6.343933 -6.427347
v 4.903926 -6.343933 -5.975452
v 5.466009 -6.343933 -5.466009
v 5.975452 -6.343933 -4.903926
v 6.427347 -6.343933 -4.294616
v 6.817344 -6.343933 -3.643946
v 7.141685 -6.343933 -2.958183
v 7.397249 -6.343933 -2.243931
v 7.581573 -6.343933 -1.508069
v 7.692882 -6.343933 -0.757683
v 7.071068 -7.071068 0.000000
v 7.037019 -7.071068 0.693086
v 6.935199 -7.071068 1.379497
v 6.766590 -7.071068 2.052623
v 6.532815 -7.071068 2.705981
v 6.236125 -7.071068 3.333278
v 5.879378 -7.071068 3.928475
v 5.466009 -7.071068 4.485838
v 5.000000 -7.071068 5.000000
v 4.485838 -7.071068 5.466009
v 3.928475 -7.071068 5.879378
v 3.333278 -7.071068 6.236125
v 2.705981 -7.071068 6.532815
v 2.052623 -7.071068 6.766590
v 1.379497 -7.071068 6.935199
v 0.693086 -7.071068 7.037019
v 0.000000 -7.071068 7.071068
v -0.693086 -7.071068 7.037019
v -1.379497 -7.071068 6.935199
v -2.052623 -7.071068 6.766590
v -2.705981 -7.071068 6.532815
v -3.333278 -7.071068 6.236125
v -3.928475 -7.071068 5.879378
v -4.485838 -7.071068 5.466009
v -5.000000 -7.071068 5.000000
v -5.466009 -7.071068 4.485838
v -5.879378 -7.071068 3.928475
v -6.236125 -7.071068 3.333278
v -6.532815 -7.071068 2.705981
v -6.766590 -7.071068 2.052623
v -6.935199 -7.071068 1.379497
v -7.037019 -7.071068 0.693086
v -7.071068 -7.071068 0.000000
v -7.037019 -7.071068 -0.693086
v -6.935199 -7.071068 -1.379497
v -6.766590 -7.071068 -2.052623
v -6.532815 -7.071068 -2.705981
v -6.236125 -7.071068 -3.333278
v -5.879378 -7.071068 -3.928475
v -5.466009 -7.071068 -4.485838
v -5.000000 -7.071068 -5.000000
v -4.485838 -7.071068 -5.466009
v -3.928475 -7.071068 -5.879378
v -3.333278 -7.071068 -6.236125
v -2.705981 -7.071068 -6.532815
v -2.052623 -7.071068 -6.766590
v -1.379497 -7.071068 -6.935199
v -0.693086 -7.071068 -7.037019
v -0.000000 -7.071068 -7.071068
v 0.693086 -7.071068 -7.037019
v 1.379497 -7.071068 -6.935199
v 2.052623 -7.071068 -6.766590
v 2.705981 -7.071068 -6.532815
v 3.333278 -7.071068 -6.236125
v 3.928475 -7.071068 -5.879378
v 4.485838 -7.071068 -5.466009
v 5.000000 -7.071068 -5.000000
v 5.466009 -7.071068 -4.485838
v 5.879378 -7.071068 -3.928475
v 6.236125 -7.071068 -3.333278
v 6.532815 -7.071068 -2.705981
v 6.766590 -7.071068 -2.052623
v 6.935199 -7.071068 -1.379497
v 7.037019 -7.071068 -0.693086
v 6.343933 -7.730105 0.000000
v 6.313385 -7.730105 0.621814
v 6.222036 -7.730105 1.237640
v 6.070765 -7.730105 1.841546
v 5.861030 -7.730105 2.427718
v 5.594849 -7.730105 2.990509
v 5.274787 -7.730105 3.524500
v 4.903926 -7.730105 4.024548
v 4.485838 -7.730105 4.485838
v 4.024548 -7.730105 4.903926
v 3.524500 -7.730105 5.274787
v 2.990509 -7.730105 5.594849
v 2.427718 -7.730105 5.861030
v 1.841546 -7.730105 6.070765
v 1.237640 -7.730105 6.222036
v 0.621814 -7.730105 6.313385
v 0.000000 -7.730105 6.343933
v -0.621814 -7.730105 6.313385
v -1.237640 -7.730105 6.222036
v -1.841546 -7.730105 6.070765
v -2.427718 -7.730105 5.861030
v -2.990509 -7.730105 5.594849
v -3.524500 -7.730105 5.274787
v -4.024548 -7.730105 4.903926
v -4.485838 -7.730105 4.485838
v -4.903926 -7.730105 4.024548
v -5.274787 -7.730105 3.524500
v -5.594849 -7.730105 2.990509
v -5.861030 -7.730105 2.427718
v -6.070765 -7.730105 1.841546
v -6.222036 -7.730105 1.237640
v -6.313385 -7.730105 0.621814
v -6.343933 -7.730105 0.000000
v -6.313385 -7.730105 -0.621814
v -6.222036 -7.730105 -1.237640
v -6.070765 -7.730105 -1.841546
v -5.861030 -7.730105 -2.427718
v -5.594849 -7.730105 -2.990509
v -5.274787 -7.730105 -3.524500
v -4.903926 -7.730105 -4.024548
v -4.485838 -7.730105 -4.485838
v -4.024548 -7.730105 -4.903926
v -3.524500 -7.730105 -5.274787
v -2.990509 -7.730105 -5.594849
v -2.427718 -7.730105 -5.861030
v -1.841546 -7.730105 -6.070765
v -1.237640 -7.730105 -6.222036
v -0.621814 -7.730105 -6.313385
v -0.000000 -7.730105 -6.343933
v 0.621814 -7.730105 -6.313385
v 1.237640 -7.730105 -6.222036
v 1.841546 -7.730105 -6.070765
v 2.427718 -7.730105 -5.861030
v 2.990509 -7.730105 -5.594849
v 3.524500 -7.730105 -5.274787
v 4.024548 -7.730105 -4.903926
v 4.485838 -7.730105 -4.485838
v 4.903926 -7.730105 -4.024548
v 5.274787 -7.730105 -3.524500
v 5.594849 -7.730105 -2.990509
v 5.861030 -7.730105 -2.427718
v 6.070765 -7.730105 -1.841546
v 6.222036 -7.730105 -1.237640
v 6.313385 -7.730105 -0.621814
v 5.555702 -8.314696 0.000000
v 5.528950 -8.314696 0.544554
v 5.448951 -8.314696 1.083864
v 5.316476 -8.314696 1.612735
v 5.132800 -8.314696 2.126075
v 4.899692 -8.314696 2.618940
v 4.619398 -8.314696 3.086583
v 4.294616 -8.314696 3.524500
v 3.928475 -8.314696 3.928475
v 3.524500 -8.314696 4.294616
v 3.086583 -8.314696 4.619398
v 2.618940 -8.314696 4.899692
v 2.126075 -8.314696 5.132800
v 1.612735 -8.314696 5.316476
v 1.083864 -8.314696 5.448951
v 0.544554 -8.314696 5.528950
v 0.000000 -8.314696 5.555702
v -0.544554 -8.314696 5.528950
v -1.083864 -8.314696 5.448951
v -1.612735 -8.314696 5.316476
v -2.126075 -8.314696 5.132800
v -2.618940 -8.314696 4.899692
v -3.086583 -8.314696 4.619398
v -3.524500 -8.314696 4.294616
v -3.928475 -8.314696 3.928475
v -4.294616 -8.314696 3.524500
v -4.619398 -8.314696 3.086583
v -4.899692 -8.314696 2.618940
v -5.132800 -8.314696 2.126075
v -5.316476 -8.314696 1.612735
v -5.448951 -8.314696 1.083864
v -5.528950 -8.314696 0.544554
v -5.555702 -8.314696 0.000000
v -5.528950 -8.314696 -0.544554
v -5.448951 -8.314696 -1.083864
v -5.316476 -8.314696 -1.612735
v -5.132800 -8.314696 -2.126075
v -4.899692 -8.314696 -2.618940
v -4.619398 -8.314696 -3.086583
v -4.294616 -8.314696 -3.524500
v -3.928475 -8.314696 -3.928475
v -3.524500 -8.314696 -4.294616
v -3.086583 -8.314696 -4.619398
v -2.618940 -8.314696 -4.899692
v -2.126075 -8.314696 -5.132800
v -1.612735 -8.314696 -5.316476
v -1.083864 -8.314696 -5.448951
v -0.544554 -8.314696 -5.528950
v -0.000000 -8.314696 -5.555702
v 0.544554 -8.314696 -5.528950
v 1.083864 -8.314696 -5.448951
v 1.612735 -8.314696 -5.316476
v 2.126075 -8.314696 -5.132800
v 2.618940 -8.314696 -4.899692
v 3.086583 -8.314696 -4.619398
v 3.524500 -8.314696 -4.294616
v 3.928475 -8.314696 -3.928475
v 4.294616 -8.314696 -3.524500
v 4.619398 -8.314696 -3.086583
v 4.899692 -8.314696 -2.618940
v 5.132800 -8.314696 -2.126075
v 5.316476 -8.314696 -1.612735
v 5.448951 -8.314696 -1.083864
v 5.528950 -8.314696 -0.544554
v 4.713967 -8.819213 0.000000
v 4.691268 -8.819213 0.462050
v 4.623390 -8.819213 0.919649
v 4.510986 -8.819213 1.368392
v 4.355138 -8.819213 1.803957
v 4.157348 -8.819213 2.222149
v 3.919521 -8.819213 2.618940
v 3.643946 -8.819213 2.990509
v 3.333278 -8.819213 3.333278
v 2.990509 -8.819213 3.643946
v 2.618940 -8.819213 3.919521
v 2.222149 -8.819213 4.157348
v 1.803957 -8.819213 4.355138
v 1.368392 -8.819213 4.510986
v 0.919649 -8.819213 4.623390
v 0.462050 -8.819213 4.691268
v 0.000000 -8.819213 4.713967
v -0.462050 -8.819213 4.691268
v -0.919649 -8.819213 4.623390
v -1.368392 -8.819213 4.510986
v -1.803957 -8.819213 4.355138
v -2.222149 -8.819213 4.157348
v -2.618940 -8.819213 3.919521
v -2.990509 -8.819213 3.643946
v -3.333278 -8.819213 3.333278
v -3.643946 -8.819213 2.990509
v -3.919521 -8.819213 2.618940
v -4.157348 -8.819213 2.222149
v -4.355138 -8.819213 1.803957
v -4.510986 -8.819213 1.368392
v -4.623390 -8.819213 0.919649
v -4.691268 -8.819213 0.462050
v -4.713967 -8.819213 0.000000
v -4.691268 -8.819213 -0.462050
v -4.623390 -8.819213 -0.919649
v -4.510986 -8.819213 -1.368392
v -4.355138 -8.819213 -1.803957
v -4.157348 -8.819213 -2.222149
v -3.919521 -8.819213 -2.618940
v -3.643946 -8.819213 -2.990509
v -3.333278 -8.819213 -3.333278
v -2.990509 -8.819213 -3.643946
v -2.618940 -8.819213 -3.919521
v -2.222149 -8.819213 -4.157348
v -1.803957 -8.819213 -4.355138
v -1.368392 -8.819213 -4.510986
v -0.919649 -8.819213 -4.623390
v -0.462050 -8.819213 -4.691268
v -0.000000 -8.819213 -4.713967
v 0.462050 -8.819213 -4.691268
v 0.919649 -8.819213 -4.623390
v 1.368392 -8.819213 -4.510986
v 1.803957 -8.819213 -4.355138
v 2.222149 -8.819213 -4.157348
v 2.618940 -8.819213 -3.919521
v 2.990509 -8.819213 -3.643946
v 3.333278 -8.819213 -3.333278
v 3.643946 -8.819213 -2.990509
v 3.919521 -8.819213 -2.618940
v 4.157348 -8.819213 -2.222149
v 4.355138 -8.819213 -1.803957
v 4.510986 -8.819213 -1.368392
v 4.623390 -8.819213 -0.919649
v 4.691268 -8.819213 -0.462050
v 3.826834 -9.238795 0.000000
v 3.808407 -9.238795 0.375095
v 3.753303 -9.238795 0.746578
v 3.662052 -9.238795 1.110871
v 3.535534 -9.238795 1.464466
v 3.374967 -9.238795 1.803957
v 3.181896 -9.238795 2.126075
v 2.958183 -9.238795 2.427718
v 2.705981 -9.238795 2.705981
v 2.427718 -9.238795 2.958183
v 2.126075 -9.238795 3.181896
v 1.803957 -9.238795 3.374967
v 1.464466 -9.238795 3.535534
v 1.110871 -9.238795 3.662052
v 0.746578 -9.238795 3.753303
v 0.375095 -9.238795 3.808407
v 0.000000 -9.238795 3.826834
v -0.375095 -9.238795 3.808407
v -0.746578 -9.238795 3.753303
v -1.110871 -9.238795 3.662052
v -1.464466 -9.238795 3.535534
v -1.803957 -9.238795 3.374967
v -2.126075 -9.238795 3.181896
v -2.427718 -9.238795 2.958183
v -2.705981 -9.238795 2.705981
v -2.958183 -9.238795 2.427718
v -3.181896 -9.238795 2.126075
v -3.374967 -9.238795 1.803957
v -3.535534 -9.238795 1.464466
v -3.662052 -9.238795 1.110871
v -3.753303 -9.238795 0.746578
v -3.808407 -9.238795 0.375095
v -3.826834 -9.238795 0.000000
v -3.808407 -9.238795 -0.375095
v -3.753303 -9.238795 -0.746578
v -3.662052 -9.238795 -1.110871
v -3.535534 -9.238795 -1.464466
v -3.374967 -9.238795 -1.803957
v -3.181896 -9.238795 -2.126075
v -2.958183 -9.238795 -2.427718
v -2.705981 -9.238795 -2.705981
v -2.427718 -9.238795 -2.958183
v -2.126075 -9.238795 -3.181896
v -1.803957 -9.238795 -3.374967
v -1.464466 -9.238795 -3.535534
v -1.110871 -9.238795 -3.662052
v -0.746578 -9.238795 -3.753303
v -0.375095 -9.238795 -3.808407
v -0.000000 -9.238795 -3.826834
v 0.375095 -9.238795 -3.808407
v 0.746578 -9.238795 -3.753303
v 1.110871 -9.238795 -3.662052
v 1.464466 -9.238795 -3.535534
v 1.803957 -9.238795 -3.374967
v 2.126075 -9.238795 -3.181896
v 2.427718 -9.238795 -2.958183
v 2.705981 -9.238795 -2.705981
v 2.958183 -9.238795 -2.427718
v 3.181896 -9.238795 -2.126075
v 3.374967 -9.238795 -1.803957
v 3.535534 -9.238795 -1.464466
v 3.662052 -9.238795 -1.110871
v 3.753303 -9.238795 -0.746578
v 3.808407 -9.238795 -0.375095
v 2.902847 -9.569403 0.000000
v 2.888869 -9.569403 0.284529
v 2.847069 -9.569403 0.566317
v 2.777851 -9.569403 0.842652
v 2.681881 -9.569403 1.110871
v 2.560082 -9.569403 1.368392
v 2.413629 -9.569403 1.612735
v 2.243931 -9.569403 1.841546
v 2.052623 -9.569403 2.052623
v 1.841546 -9.569403 2.243931
v 1.612735 -9.569403 2.413629
v 1.368392 -9.569403 2.560082
v 1.110871 -9.569403 2.681881
v 0.842652 -9.569403 2.777851
v 0.566317 -9.569403 2.847069
v 0.284529 -9.569403 2.888869
v 0.000000 -9.569403 2.902847
v -0.284529 -9.569403 2.888869
v -0.566317 -9.569403 2.847069
v -0.842652 -9.569403 2.777851
v -1.110871 -9.569403 2.681881
v -1.368392 -9.569403 2.560082
v -1.612735 -9.569403 2.413629
v -1.841546 -9.569403 2.243931
v -2.052623 -9.569403 2.052623
v -2.243931 -9.569403 1.841546
v -2.413629 -9.569403 1.612735
v -2.560082 -9.569403 1.368392
v -2.681881 -9.569403 1.110871
v -2.777851 -9.569403 0.842652
v -2.847069 -9.569403 0.566317
v -2.888869 -9.569403 0.284529
v -2.902847 -9.569403 0.000000
v -2.888869 -9.569403 -0.284529
v -2.847069 -9.569403 -0.566317
v -2.777851 -9.569403 -0.842652
v -2.681881 -9.569403 -1.110871
v -2.560082 -9.569403 -1.368392
v -2.413629 -9.569403 -1.612735
v -2.243931 -9.569403 -1.841546
v -2.052623 -9.569403 -2.052623
v -1.841546 -9.569403 -2.243931
v -1.612735 -9.569403 -2.413629
v -1.368392 -9.569403 -2.560082
v -1.110871 -9.569403 -2.681881
v -0.842652 -9.569403 -2.777851
v -0.566317 -9.569403 -2.847069
v -0.284529 -9.569403 -2.888869
v -0.000000 -9.569403 -2.902847
v 0.284529 -9.569403 -2.888869
v 0.566317 -9.569403 -2.847069
v 0.842652 -9.569403 -2.777851
v 1.110871 -9.569403 -2.681881
v 1.368392 -9.569403 -2.560082
v 1.612735 -9.569403 -2.413629
v 1.841546 -9.569403 -2.243931
v 2.052623 -9.569403 -2.052623
v 2.243931 -9.569403 -1.841546
v 2.413629 -9.569403 -1.612735
v 2.560082 -9.569403 -1.368392
v 2.681881 -9.569403 -1.110871
v 2.777851 -9.569403 -0.842652
v 2.847069 -9.569403 -0.566317
v 2.888869 -9.569403 -0.284529
v 1.950903 -9.807853 0.000000
v 1.941509 -9.807853 0.191222
v 1.913417 -9.807853 0.380602
v 1.866898 -9.807853 0.566317
v 1.802400 -9.807853 0.746578
v 1.720543 -9.807853 0.919649
v 1.622117 -9.807853 1.083864
v 1.508069 -9.807853 1.237640
v 1.379497 -9.807853 1.379497
v 1.237640 -9.807853 1.508069
v 1.083864 -9.807853 1.622117
v 0.919649 -9.807853 1.720543
v 0.746578 -9.807853 1.802400
v 0.566317 -9.807853 1.866898
v 0.380602 -9.807853 1.913417
v 0.191222 -9.807853 1.941509
v 0.000000 -9.807853 1.950903
v -0.191222 -9.807853 1.941509
v -0.380602 -9.807853 1.913417
v -0.566317 -9.807853 1.866898
v -0.746578 -9.807853 1.802400
v -0.919649 -9.807853 1.720543
v -1.083864 -9.807853 1.622117
v -1.237640 -9.807853 1.508069
v -1.379497 -9.807853 1.379497
v -1.508069 -9.807853 1.237640
v -1.622117 -9.807853 1.083864
v -1.720543 -9.807853 0.919649
v -1.802400 -9.807853 0.746578
v -1.866898 -9.807853 0.566317
v -1.913417 -9.807853 0.380602
v -1.941509 -9.807853 0.191222
v -1.950903 -9.807853 0.000000
v -1.941509 -9.807853 -0.191222
v -1.913417 -9.807853 -0.380602
v -1.866898 -9.807853 -0.566317
v -1.802400 -9.807853 -0.746578
v -1.720543 -9.807853 -0.919649
v -1.622117 -9.807853 -1.083864
v -1.508069 -9.807853 -1.237640
v -1.379497 -9.807853 -1.379497
v -1.237640 -9.807853 -1.508069
v -1.083864 -9.807853 -1.622117
v -0.919649 -9.807853 -1.720543
v -0.746578 -9.807853 -1.802400
v -0.566317 -9.807853 -1.866898
v -0.380602 -9.807853 -1.913417
v -0.191222 -9.807853 -1.941509
v -0.000000 -9.807853 -1.950903
v 0.191222 -9.807853 -1.941509
v 0.380602 -9.807853 -1.913417
v 0.566317 -9.807853 -1.866898
v 0.746578 -9.807853 -1.802400
v 0.919649 -9.807853 -1.720543
v 1.083864 -9.807853 -1.622117
v 1.237640 -9.807853 -1.508069
v 1.379497 -9.807853 -1.379497
v 1.508069 -9.807853 -1.237640
v 1.622117 -9.807853 -1.083864
v 1.720543 -9.807853 -0.919649
v 1.802400 -9.807853 -0.746578
v 1.866898 -9.807853 -0.566317
v 1.913417 -9.807853 -0.380602
v 1.941509 -9.807853 -0.191222
v 0.980171 -9.951847 0.000000
v 0.975452 -9.951847 0.096074
v 0.961338 -9.951847 0.191222
v 0.937966 -9.951847 0.284529
v 0.905560 -9.951847 0.375095
v 0.864434 -9.951847 0.462050
v 0.814983 -9.951847 0.544554
v 0.757683 -9.951847 0.621814
v 0.693086 -9.951847 0.693086
v 0.621814 -9.951847 0.757683
v 0.544554 -9.951847 0.814983
v 0.462050 -9.951847 0.864434
v 0.375095 -9.951847 0.905560
v 0.284529 -9.951847 0.937966
v 0.191222 -9.951847 0.961338
v 0.096074 -9.951847 0.975452
v 0.000000 -9.951847 0.980171
v -0.096074 -9.951847 0.975452
v -0.191222 -9.951847 0.961338
v -0.284529 -9.951847 0.937966
v -0.375095 -9.951847 0.905560
v -0.462050 -9.951847 0.864434
v -0.544554 -9.951847 0.814983
v -0.621814 -9.951847 0.757683
v -0.693086 -9.951847 0.693086
v -0.757683 -9.951847 0.621814
v -0.814983 -9.951847 0.544554
v -0.864434 -9.951847 0.462050
v -0.905560 -9.951847 0.375095
v -0.937966 -9.951847 0.284529
v -0.961338 -9.951847 0.191222
v -0.975452 -9.951847 0.096074
v -0.980171 -9.951847 0.000000
v -0.975452 -9.951847 -0.096074
v -0.961338 -9.951847 -0.191222
v -0.937966 -9.951847 -0.284529
v -0.905560 -9.951847 -0.375095
v -0.864434 -9.951847 -0.462050
v -0.814983 -9.951847 -0.544554
v -0.757683 -9.951847 -0.621814
v -0.693086 -9.951847 -0.693086
v -0.621814 -9.951847 -0.757683
v -0.544554 -9.951847 -0.814983
v -0.462050 -9.951847 -0.864434
v -0.375095 -9.951847 -0.905560
v -0.284529 -9.951847 -0.937966
v -0.191222 -9.951847 -0.961338
v -0.096074 -9.951847 -0.975452
v -0.000000 -9.951847 -0.980171
v 0.096074 -9.951847 -0.975452
v 0.191222 -9.951847 -0.961338
v 0.284529 -9.951847 -0.937966
v 0.375095 -9.951847 -0.905560
v 0.462050 -9.951847 -0.864434
v 0.544554 -9.951847 -0.814983
v 0.621814 -9.951847 -0.757683
v 0.693086 -9.951847 -0.693086
v 0.757683 -9.951847 -0.621814
v 0.814983 -9.951847 -0.544554
v 0.864434 -9.951847 -0.462050
v 0.905560 -9.951847 -0.375095
v 0.937966 -9.951847 -0.284529
v 0.961338 -9.951847 -0.191222
v 0.975452 -9.951847 -0.096074
v 0.000000 -10.000000 0.000000
v 1.684449 9.852776 0.292280
v 0.000000 10.000000 0.000000
v 0.000000 10.200000 0.000000
v 1.718138 10.049832 0.298125
v 0.489347 9.987955 0.036096
v 0.483453 9.987955 0.083887
v 0.493122 10.187714 0.085565
v 0.499134 10.187714 0.036818
v 1.099236 9.939070 0.081084
v 1.085995 9.939070 0.188438
v 1.107715 10.137851 0.192207
v 1.121220 10.137851 0.082706
v 1.487517 9.852776 0.842668
v 0.000000 10.000000 0.000000
v 0.000000 10.200000 0.000000
v 1.517267 10.049832 0.859521
v 0.336495 9.993224 0.149158
v 0.320255 9.993224 0.181422
v 0.326660 10.193088 0.185051
v 0.343225 10.193088 0.152141
v 0.784367 9.963126 0.347686
v 0.746511 9.963126 0.422893
v 0.761441 10.162389 0.431351
v 0.800055 10.162389 0.354640
v 1.119090 9.924795 0.496059
v 1.065079 9.924795 0.603360
v 1.086381 10.123291 0.615427
v 1.141472 10.123291 0.505980
v 1.116677 9.852776 1.294539
v 0.000000 10.000000 0.000000
v 0.000000 10.200000 0.000000
v 1.139010 10.049832 1.320429
v 0.266575 9.993224 0.253801
v 0.211939 9.993224 0.300930
v 0.216178 10.193088 0.306949
v 0.271907 10.193088 0.258877
v 0.621385 9.963126 0.591607
v 0.494028 9.963126 0.701466
v 0.503909 10.162389 0.715495
v 0.633812 10.162389 0.603439
v 0.886556 9.924795 0.844071
v 0.704851 9.924795 1.000811
v 0.718948 10.123291 1.020827
v 0.904287 10.123291 0.860953
v 0.615283 9.852776 1.595062
v 0.000000 10.000000 0.000000
v 0.000000 10.200000 0.000000
v 0.627589 10.049832 1.626963
v 0.132467 9.993224 0.343409
v 0.098170 9.993224 0.354739
v 0.100133 10.193088 0.361834
v 0.135117 10.193088 0.350277
v 0.308780 9.963126 0.800483
v 0.228832 9.963126 0.826894
v 0.233409 10.162389 0.843432
v 0.314956 10.162389 0.816492
v 0.440550 9.924795 1.142083
v 0.326485 9.924795 1.179765
v 0.333015 10.123291 1.203360
v 0.449361 10.123291 1.164924
v 0.041956 9.852776 1.709104
v 0.000000 10.000000 0.000000
v 0.000000 10.200000 0.000000
v 0.042795 10.049832 1.743286
v 0.009033 9.993224 0.367961
v -0.027077 9.993224 0.367075
v -0.027619 10.193088 0.374416
v 0.009214 10.193088 0.375321
v 0.021056 9.963126 0.857715
v -0.063116 9.963126 0.855648
v -0.064379 10.162389 0.872761
v 0.021477 10.162389 0.874869
v 0.030041 9.924795 1.223738
v -0.090051 9.924795 1.220790
v -0.091852 10.123291 1.245206
v 0.030642 10.123291 1.248213
v -0.536276 9.852776 1.623331
v -0.000000 10.000000 0.000000
v -0.000000 10.200000 0.000000
v -0.547002 10.049832 1.655798
v -0.161181 9.972905 0.717771
v 0.099451 9.996988 -0.224358
v 0.101440 10.196928 -0.228845
v -0.164404 10.172363 0.732126
v -0.214757 9.951847 0.956355
v -0.000000 10.000000 0.000000
v -0.000000 10.200000 0.000000
v -0.219052 10.150884 0.975482
v -0.294868 9.909026 1.313107
v -0.149158 9.993224 0.336495
v -0.152141 10.193088 0.343225
v -0.300765 10.107207 1.339369
v -0.348060 9.873014 1.549982
v -0.248497 9.981181 0.560600
v -0.253467 10.180805 0.571812
v -0.355021 10.070474 1.580982
v -0.401043 9.831055 1.785924
v -0.347686 9.963126 0.784367
v -0.354640 10.162389 0.800055
v -0.409064 10.027676 1.821643
v -1.051812 9.852776 1.347772
v -0.000000 10.000000 0.000000
v -0.000000 10.200000 0.000000
v -1.072848 10.049832 1.374727
v -0.196918 9.993224 0.310967
v -0.253801 9.993224 0.266575
v -0.258877 10.193088 0.271907
v -0.200856 10.193088 0.317186
v -0.459014 9.963126 0.724862
v -0.591607 9.963126 0.621385
v -0.603439 10.162389 0.633812
v -0.468194 10.162389 0.739359
v -0.654894 9.924795 1.034191
v -0.844071 9.924795 0.886556
v -0.860953 10.123291 0.904287
v -0.667992 10.123291 1.054875
v -1.444378 9.852776 0.914642
v -0.000000 10.000000 0.000000
v -0.000000 10.200000 0.000000
v -1.473265 10.049832 0.932935
v -0.414550 9.987955 0.262511
v -0.438284 9.987955 0.220614
v -0.447050 10.187714 0.225026
v -0.422841 10.187714 0.267761
v -0.931216 9.939070 0.589686
v -0.984532 9.939070 0.495572
v -1.004222 10.137851 0.505483
v -0.949841 10.137851 0.601480
v -1.668079 9.852776 0.374580
v -0.000000 10.000000 0.000000
v -0.000000 10.200000 0.000000
v -1.701440 10.049832 0.382071
v -0.930700 9.951847 0.307462
v -0.000000 10.000000 0.000000
v -0.000000 10.200000 0.000000
v -0.949314 10.150884 0.313611
v -1.508403 9.873014 0.498309
v -0.608596 9.981181 0.075063
v -0.620768 10.180805 0.076564
v -1.538571 10.070474 0.508275
v -1.696762 9.852776 -0.209276
v -0.000000 10.000000 -0.000000
v -0.000000 10.200000 -0.000000
v -1.730697 10.049832 -0.213461
v 0.122678 9.999247 0.003012
v -0.837126 9.963126 -0.187983
v -0.853869 10.162389 -0.191743
v 0.125132 10.199232 0.003072
v -0.367961 9.993224 -0.009033
v -1.313107 9.909026 -0.294868
v -1.339369 10.107207 -0.300765
v -0.375321 10.193088 -0.009214
v -0.735424 9.972905 -0.018054
v -1.668079 9.852776 -0.374580
v -1.701440 10.049832 -0.382071
v -0.750133 10.172363 -0.018415
v -1.527073 9.852776 -0.768664
v -0.000000 10.000000 -0.000000
v -0.000000 10.200000 -0.000000
v -1.557615 10.049832 -0.784037
v -1.255628 9.909026 -0.484349
v -0.310967 9.993224 -0.196918
v -0.317186 10.193088 -0.200856
v -1.280741 10.107207 -0.494036
v -1.178852 9.852776 -1.238186
v -0.000000 10.000000 -0.000000
v -0.000000 10.200000 -0.000000
v -1.202429 10.049832 -1.262950
v -0.169222 9.996988 -0.177739
v -0.150985 9.996988 -0.193470
v -0.154005 10.196928 -0.197339
v -0.172606 10.196928 -0.181294
v -0.422831 9.981181 -0.444114
v -0.377265 9.981181 -0.483420
v -0.384810 10.180805 -0.493088
v -0.431288 10.180805 -0.452996
v -0.675868 9.951847 -0.709886
v -0.603032 9.951847 -0.772715
v -0.615093 10.150884 -0.788169
v -0.689385 10.150884 -0.724084
v -0.927989 9.909026 -0.974697
v -0.827983 9.909026 -1.060962
v -0.844543 10.107207 -1.082181
v -0.946548 10.107207 -0.994191
v -0.692808 9.852776 -1.562950
v -0.000000 10.000000 -0.000000
v -0.000000 10.200000 -0.000000
v -0.706664 10.049832 -1.594209
v -0.181422 9.993224 -0.320255
v -0.149158 9.993224 -0.336495
v -0.152141 10.193088 -0.343225
v -0.185051 10.193088 -0.326660
v -0.422893 9.963126 -0.746511
v -0.347686 9.963126 -0.784367
v -0.354640 10.162389 -0.800055
v -0.431351 10.162389 -0.761441
v -0.603360 9.924795 -1.065079
v -0.496059 9.924795 -1.119090
v -0.505980 10.123291 -1.141472
v -0.615427 10.123291 -1.086381
v -0.125767 9.852776 -1.704987
v -0.000000 10.000000 -0.000000
v -0.000000 10.200000 -0.000000
v -0.128283 10.049832 -1.739086
v -0.018054 9.996988 -0.244747
v 0.006023 9.996988 -0.245338
v 0.006143 10.196928 -0.250245
v -0.018415 10.196928 -0.249642
v -0.036096 9.987955 -0.489347
v 0.012042 9.987955 -0.490529
v 0.012283 10.187714 -0.500340
v -0.036818 10.187714 -0.499134
v -0.063116 9.963126 -0.855648
v 0.021056 9.963126 -0.857715
v 0.021477 10.162389 -0.874869
v -0.064379 10.162389 -0.872761
v -0.081084 9.939070 -1.099236
v 0.027050 9.939070 -1.101890
v 0.027591 10.137851 -1.123928
v -0.082706 10.137851 -1.121220
v -0.099004 9.909026 -1.342161
v 0.033028 9.909026 -1.345402
v 0.033688 10.107207 -1.372310
v -0.100984 10.107207 -1.369004
v 0.455977 9.852776 -1.647690
v 0.000000 10.000000 -0.000000
v 0.000000 10.200000 -0.000000
v 0.465097 10.049832 -1.680644
v 0.083887 9.987955 -0.483453
v 0.130870 9.987955 -0.472903
v 0.133487 10.187714 -0.482361
v 0.085565 10.187714 -0.493122
v 0.188438 9.939070 -1.085995
v 0.293977 9.939070 -1.062295
v 0.299856 10.137851 -1.083541
v 0.192207 10.137851 -1.107715
v 0.984413 9.852776 -1.397758
v 0.000000 10.000000 -0.000000
v 0.000000 10.200000 -0.000000
v 1.004101 10.049832 -1.425714
v 0.120963 9.996988 -0.213530
v 0.160297 9.996988 -0.185828
v 0.163503 10.196928 -0.189545
v 0.123383 10.196928 -0.217801
v 0.241854 9.987955 -0.426931
v 0.320497 9.987955 -0.371545
v 0.326907 10.187714 -0.378976
v 0.246691 10.187714 -0.435470
v 0.422893 9.963126 -0.746511
v 0.560405 9.963126 -0.649665
v 0.571613 10.162389 -0.662658
v 0.431351 10.162389 -0.761441
v 0.543283 9.939070 -0.959029
v 0.719942 9.939070 -0.834612
v 0.734340 10.137851 -0.851305
v 0.554149 10.137851 -0.978210
v 0.663346 9.909026 -1.170969
v 0.879045 9.909026 -1.019057
v 0.896626 10.107207 -1.039438
v 0.676613 10.107207 -1.194389
v 1.397758 9.852776 -0.984413
v 0.000000 10.000000 -0.000000
v 0.000000 10.200000 -0.000000
v 1.425714 10.049832 -1.004101
v 0.401170 9.987955 -0.282536
v 0.426931 9.987955 -0.241854
v 0.435470 10.187714 -0.246691
v 0.409193 10.187714 -0.288186
v 0.901160 9.939070 -0.634668
v 0.959029 9.939070 -0.543283
v 0.978210 10.137851 -0.554149
v 0.919183 10.137851 -0.647362
v 1.647690 9.852776 -0.455977
v 0.000000 10.000000 -0.000000
v 0.000000 10.200000 -0.000000
v 1.680644 10.049832 -0.465097
v 0.800483 9.963126 -0.308780
v 0.826894 9.963126 -0.228832
v 0.843432 10.162389 -0.233409
v 0.816492 10.162389 -0.314956
v 3.319300 9.415441 0.575953
v 1.684449 9.852776 0.292280
v 1.718138 10.049832 0.298125
v 3.385686 9.603749 0.587472
v 1.945617 9.807853 0.143517
v 1.880234 9.807853 0.520331
v 1.917839 10.004010 0.530737
v 1.984530 10.004010 0.146388
v 2.185076 9.757021 0.161181
v 2.111645 9.757021 0.584371
v 2.153878 9.952162 0.596058
v 2.228777 9.952162 0.164404
v 2.541751 9.669765 0.187491
v 2.456334 9.669765 0.679759
v 2.505461 9.863160 0.693354
v 2.592586 9.863160 0.191241
v 2.777650 9.604305 0.204892
v 2.684306 9.604305 0.742848
v 2.737992 9.796391 0.757704
v 2.833203 9.796391 0.208990
v 3.011877 9.533060 0.222169
v 2.910661 9.533060 0.805488
v 2.968874 9.723722 0.821598
v 3.072114 9.723722 0.226613
v 2.931235 9.415441 1.660524
v 1.487517 9.852776 0.842668
v 1.517267 10.049832 0.859521
v 2.989859 9.603749 1.693734
v 1.893432 9.783174 0.839301
v 2.469155 9.533060 1.738975
v 2.518538 9.723722 1.773754
v 1.931301 9.978837 0.856087
v 2.200473 9.415441 2.550960
v 1.116677 9.852776 1.294539
v 1.139010 10.049832 1.320429
v 2.244482 9.603749 2.601979
v 1.586834 9.757021 1.510792
v 1.431110 9.757021 1.659054
v 1.459732 9.952162 1.692235
v 1.618571 9.952162 1.541008
v 2.017171 9.604305 1.920506
v 1.819215 9.604305 2.108976
v 1.855599 9.796391 2.151155
v 2.057514 9.796391 1.958916
v 1.212450 9.415441 3.143158
v 0.615283 9.852776 1.595062
v 0.627589 10.049832 1.626963
v 1.236699 9.603749 3.206021
v 0.659717 9.891765 1.310632
v 0.648059 9.700313 2.341785
v 0.661020 9.894319 2.388621
v 0.672911 10.089600 1.336845
v 0.768664 9.852776 1.527073
v 0.711357 9.637761 2.570514
v 0.725584 9.830516 2.621924
v 0.784037 10.049832 1.557615
v 0.931196 9.783174 1.849969
v 0.805488 9.533060 2.910661
v 0.821598 9.723722 2.968874
v 0.949820 9.978837 1.886969
v 1.038863 9.729400 2.063867
v 0.867644 9.456073 3.135263
v 0.884997 9.645195 3.197968
v 1.059641 9.923988 2.105145
v 1.145905 9.669765 2.276522
v 0.929277 9.373390 3.357976
v 0.947863 9.560858 3.425135
v 1.168823 9.863160 2.322052
v 0.082677 9.415441 3.367884
v 0.041956 9.852776 1.709104
v 0.042795 10.049832 1.743286
v 0.084330 9.603749 3.435242
v 0.179614 9.891765 1.456270
v -0.178747 9.700313 2.423218
v -0.182322 9.894319 2.471683
v 0.183206 10.089600 1.485395
v 0.209276 9.852776 1.696762
v -0.196206 9.637761 2.659901
v -0.200130 9.830516 2.713099
v 0.213461 10.049832 1.730697
v 0.253526 9.783174 2.055538
v -0.222169 9.533060 3.011877
v -0.226613 9.723722 3.072114
v 0.258597 9.978837 2.096649
v 0.282840 9.729400 2.293204
v -0.239313 9.456073 3.244288
v -0.244099 9.645195 3.309174
v 0.288497 9.923988 2.339069
v 0.311983 9.669765 2.529490
v -0.256313 9.373390 3.474746
v -0.261439 9.560858 3.544241
v 0.318222 9.863160 2.580079
v -1.056762 9.415441 3.198864
v -0.536276 9.852776 1.623331
v -0.547002 10.049832 1.655798
v -1.077897 9.603749 3.262841
v -0.649671 9.783174 1.966581
v -0.839301 9.783174 1.893432
v -0.856087 9.978837 1.931301
v -0.662664 9.978837 2.005912
v -0.799467 9.669765 2.420021
v -1.032821 9.669765 2.330007
v -1.053477 9.863160 2.376607
v -0.815456 9.863160 2.468422
v -0.910570 9.569403 2.756335
v -1.176353 9.569403 2.653811
v -1.199881 9.760791 2.706887
v -0.928781 9.760791 2.811462
v -2.072653 9.415441 2.655859
v -1.051812 9.852776 1.347772
v -1.072848 10.049832 1.374727
v -2.114106 9.603749 2.708976
v -0.914642 9.852776 1.444378
v -1.839093 9.637761 1.931659
v -1.875874 9.830516 1.970293
v -0.932935 10.049832 1.473265
v -1.236155 9.729400 1.952103
v -2.243146 9.456073 2.356050
v -2.288009 9.645195 2.403171
v -1.260878 9.923988 1.991145
v -2.846226 9.415441 1.802353
v -1.444378 9.852776 0.914642
v -1.473265 10.049832 0.932935
v -2.903150 9.603749 1.838400
v -2.009224 9.669765 1.568014
v -2.276522 9.669765 1.145905
v -2.322052 9.863160 1.168823
v -2.049409 9.863160 1.599374
v -3.287041 9.415441 0.738130
v -1.668079 9.852776 0.374580
v -1.701440 10.049832 0.382071
v -3.352782 9.603749 0.752892
v -1.393247 9.891765 0.460267
v -2.411529 9.700313 0.297434
v -2.459759 9.894319 0.303382
v -1.421112 10.089600 0.469472
v -1.623331 9.852776 0.536276
v -2.647070 9.637761 0.326485
v -2.700011 9.830516 0.333015
v -1.655798 10.049832 0.547002
v -1.966581 9.783174 0.649671
v -2.997347 9.533060 0.369688
v -3.057294 9.723722 0.377081
v -2.005912 9.978837 0.662664
v -2.193962 9.729400 0.724787
v -3.228638 9.456073 0.398215
v -3.293211 9.645195 0.406179
v -2.237841 9.923988 0.739283
v -2.420021 9.669765 0.799467
v -3.457984 9.373390 0.426502
v -3.527144 9.560858 0.435032
v -2.468422 9.863160 0.815456
v -3.343563 9.415441 -0.412389
v -1.696762 9.852776 -0.209276
v -1.730697 10.049832 -0.213461
v -3.410434 9.603749 -0.420637
v -1.950316 9.807853 -0.047878
v -1.903500 9.807853 -0.427445
v -1.941570 10.004010 -0.435994
v -1.989322 10.004010 -0.048835
v -2.309885 9.729400 -0.056704
v -2.254439 9.729400 -0.506251
v -2.299528 9.923988 -0.516376
v -2.356083 9.923988 -0.057839
v -2.666324 9.637761 -0.065455
v -2.602322 9.637761 -0.584371
v -2.654368 9.830516 -0.596058
v -2.719651 9.830516 -0.066764
v -3.019150 9.533060 -0.074116
v -2.946678 9.533060 -0.661699
v -3.005612 9.723722 -0.674933
v -3.079533 9.723722 -0.075598
v -3.009182 9.415441 -1.514695
v -1.527073 9.852776 -0.768664
v -1.557615 10.049832 -0.784037
v -3.069366 9.603749 -1.544989
v -2.817694 9.533060 -1.086904
v -1.749788 9.783174 -1.108041
v -1.784784 9.978837 -1.130202
v -2.874048 9.723722 -1.108643
v -2.322992 9.415441 -2.439915
v -1.178852 9.852776 -1.238186
v -1.202429 10.049832 -1.262950
v -2.369452 9.603749 -2.488713
v -1.345227 9.807853 -1.412936
v -1.200257 9.807853 -1.537988
v -1.224262 10.004010 -1.568747
v -1.372131 10.004010 -1.441195
v -1.510792 9.757021 -1.586834
v -1.347980 9.757021 -1.727277
v -1.374940 9.952162 -1.761822
v -1.541008 9.952162 -1.618571
v -1.757402 9.669765 -1.845857
v -1.568014 9.669765 -2.009224
v -1.599374 9.863160 -2.049409
v -1.792550 9.863160 -1.882774
v -1.920506 9.604305 -2.017171
v -1.713541 9.604305 -2.195700
v -1.747812 9.796391 -2.239614
v -1.958916 9.796391 -2.057514
v -2.082453 9.533060 -2.187269
v -1.858036 9.533060 -2.380853
v -1.895197 9.723722 -2.428470
v -2.124103 9.723722 -2.231015
v -1.365217 9.415441 -3.079880
v -0.692808 9.852776 -1.562950
v -0.706664 10.049832 -1.594209
v -1.392521 9.603749 -3.141478
v -0.783009 9.873014 -1.382204
v -0.799467 9.669765 -2.420021
v -0.815456 9.863160 -2.468422
v -0.798669 10.070474 -1.409848
v -1.020848 9.783174 -1.802049
v -0.947338 9.533060 -2.867632
v -0.966284 9.723722 -2.924984
v -1.041265 9.978837 -1.838090
v -1.197645 9.700313 -2.114139
v -1.056762 9.415441 -3.198864
v -1.077897 9.603749 -3.262841
v -1.221598 9.894319 -2.156422
v -0.247832 9.415441 -3.359770
v -0.125767 9.852776 -1.704987
v -0.128283 10.049832 -1.739086
v -0.252788 9.603749 -3.426966
v -0.143517 9.807853 -1.945617
v 0.047878 9.807853 -1.950316
v 0.048835 10.004010 -1.989322
v -0.146388 10.004010 -1.984530
v -0.169977 9.729400 -2.304320
v 0.056704 9.729400 -2.309885
v 0.057839 9.923988 -2.356083
v -0.173376 9.923988 -2.350407
v -0.196206 9.637761 -2.659901
v 0.065455 9.637761 -2.666324
v 0.066764 9.830516 -2.719651
v -0.200130 9.830516 -2.713099
v -0.222169 9.533060 -3.011877
v 0.074116 9.533060 -3.019150
v 0.075598 9.723722 -3.079533
v -0.226613 9.723722 -3.072114
v 0.898528 9.415441 -3.246864
v 0.455977 9.852776 -1.647690
v 0.465097 10.049832 -1.680644
v 0.916499 9.603749 -3.311801
v 0.520331 9.807853 -1.880234
v 0.702120 9.807853 -1.820179
v 0.716163 10.004010 -1.856582
v 0.530737 10.004010 -1.917839
v 0.616261 9.729400 -2.226883
v 0.831567 9.729400 -2.155756
v 0.848198 9.923988 -2.198871
v 0.628587 9.923988 -2.271420
v 0.711357 9.637761 -2.570514
v 0.959886 9.637761 -2.488411
v 0.979084 9.830516 -2.538179
v 0.725584 9.830516 -2.621924
v 0.805488 9.533060 -2.910661
v 1.086904 9.533060 -2.817694
v 1.108643 9.723722 -2.874048
v 0.821598 9.723722 -2.968874
v 1.939839 9.415441 -2.754360
v 0.984413 9.852776 -1.397758
v 1.004101 10.049832 -1.425714
v 1.978636 9.603749 -2.809447
v 1.079946 9.757021 -1.906371
v 1.261603 9.757021 -1.791338
v 1.286835 9.952162 -1.827165
v 1.101545 9.952162 -1.944499
v 1.372819 9.604305 -2.423364
v 1.603739 9.604305 -2.277135
v 1.635814 9.796391 -2.322677
v 1.400275 9.796391 -2.471831
v 2.754360 9.415441 -1.939839
v 1.397758 9.852776 -0.984413
v 1.425714 10.049832 -1.004101
v 2.809447 9.603749 -1.978636
v 2.286816 9.533060 -1.972621
v 1.802049 9.783174 -1.020848
v 1.838090 9.978837 -1.041265
v 2.332552 9.723722 -2.012073
v 3.246864 9.415441 -0.898528
v 1.647690 9.852776 -0.455977
v 1.680644 10.049832 -0.465097
v 3.311801 9.603749 -0.916499
v 1.932334 9.783174 -0.745384
v 1.996090 9.783174 -0.552392
v 2.036012 9.978837 -0.563440
v 1.970981 9.978837 -0.760291
v 2.377878 9.669765 -0.917249
v 2.456334 9.669765 -0.679759
v 2.505461 9.863160 -0.693354
v 2.425436 9.863160 -0.935594
v 2.708335 9.569403 -1.044720
v 2.797694 9.569403 -0.774226
v 2.853648 9.760791 -0.789711
v 2.762502 9.760791 -1.065615
v 4.856416 8.700870 0.842668
v 3.319300 9.415441 0.575953
v 3.385686 9.603749 0.587472
v 4.953544 8.874887 0.859521
v 3.770494 9.238795 0.654243
v 3.688211 9.238795 1.020666
v 3.761976 9.423571 1.041079
v 3.845904 9.423571 0.667328
v 4.321588 8.986745 0.749867
v 4.227278 8.986745 1.169845
v 4.311824 9.166480 1.193242
v 4.408019 9.166480 0.764864
v 4.288643 8.700870 2.429486
v 2.931235 9.415441 1.660524
v 2.989859 9.603749 1.693734
v 4.374416 8.874887 2.478076
v 3.329679 9.238795 1.886240
v 3.128762 9.238795 2.203523
v 3.191337 9.423571 2.247593
v 3.396272 9.423571 1.923965
v 3.816343 8.986745 2.161932
v 3.586060 8.986745 2.525588
v 3.657781 9.166480 2.576100
v 3.892670 9.166480 2.205170
v 3.219477 8.700870 3.732269
v 2.200473 9.415441 2.550960
v 2.244482 9.603749 2.601979
v 3.283867 8.874887 3.806914
v 2.356050 9.456073 2.243146
v 2.397836 9.091680 3.404665
v 2.445792 9.273513 3.472758
v 2.403171 9.645195 2.288009
v 2.689254 9.285061 2.560383
v 2.651820 8.876396 3.765295
v 2.704856 9.053924 3.840600
v 2.743039 9.470762 2.611590
v 2.934948 9.142098 2.794303
v 2.838148 8.700870 4.029861
v 2.894911 8.874887 4.110458
v 2.993647 9.324940 2.850189
v 1.773916 8.700870 4.598705
v 1.212450 9.415441 3.143158
v 1.236699 9.603749 3.206021
v 1.809394 8.874887 4.690679
v 1.872314 9.091680 3.719650
v 1.110671 9.091680 4.013448
v 1.132884 9.273513 4.093717
v 1.909761 9.273513 3.794043
v 0.120963 8.700870 4.927497
v 0.082677 9.415441 3.367884
v 0.084330 9.603749 3.435242
v 0.123383 8.874887 5.026047
v 0.509754 9.091680 4.132978
v -0.306345 9.091680 4.153012
v -0.312471 9.273513 4.236073
v 0.519949 9.273513 4.215638
v -1.546132 8.700870 4.680207
v -1.056762 9.415441 3.198864
v -1.077897 9.603749 3.262841
v -1.577054 8.874887 4.773811
v -0.788534 9.329928 3.511504
v -1.458443 9.329928 3.290196
v -1.487612 9.516527 3.355999
v -0.804305 9.516527 3.581734
v -0.863241 9.191139 3.844189
v -1.596619 9.191139 3.601914
v -1.628551 9.374961 3.673952
v -0.880506 9.374961 3.921073
v -0.936779 9.039893 4.171664
v -1.732630 9.039893 3.908750
v -1.767282 9.220691 3.986925
v -0.955514 9.220691 4.255097
v -1.009046 8.876396 4.493486
v -1.866293 8.876396 4.210290
v -1.903619 9.053924 4.294496
v -1.029227 9.053924 4.583356
v -3.032465 8.700870 3.885745
v -2.072653 9.415441 2.655859
v -2.114106 9.603749 2.708976
v -3.093115 8.874887 3.963460
v -2.463871 8.876396 3.890878
v -2.560383 9.285061 2.689254
v -2.611590 9.470762 2.743039
v -2.513149 9.053924 3.968695
v -4.164268 8.700870 2.636994
v -2.846226 9.415441 1.802353
v -2.903150 9.603749 1.838400
v -4.247553 8.874887 2.689733
v -3.630640 8.876396 2.833380
v -3.316695 9.285061 1.669484
v -3.383029 9.470762 1.702874
v -3.703253 9.053924 2.890047
v -4.809218 8.700870 1.079946
v -3.287041 9.415441 0.738130
v -3.352782 9.603749 0.752892
v -4.905403 8.874887 1.101545
v -3.525761 9.285061 1.164754
v -4.570752 8.876396 0.563749
v -4.662168 9.053924 0.575024
v -3.596277 9.470762 1.188049
v -4.891914 8.700870 -0.603360
v -3.343563 9.415441 -0.412389
v -3.410434 9.603749 -0.420637
v -4.989752 8.874887 -0.615427
v -4.132978 9.091680 -0.509754
v -4.063112 9.091680 -0.912402
v -4.144374 9.273513 -0.930650
v -4.215638 9.273513 -0.519949
v -4.402686 8.700870 -2.216126
v -3.009182 9.415441 -1.514695
v -3.069366 9.603749 -1.544989
v -4.490740 8.874887 -2.260449
v -3.357795 9.329928 -1.295244
v -3.214670 9.329928 -1.618129
v -3.278963 9.516527 -1.650491
v -3.424951 9.516527 -1.321149
v -3.570409 9.238795 -1.377259
v -3.418221 9.238795 -1.720588
v -3.486586 9.423571 -1.755000
v -3.641817 9.423571 -1.404804
v -3.885258 9.091680 -1.498709
v -3.719650 9.091680 -1.872314
v -3.794043 9.273513 -1.909761
v -3.962963 9.273513 -1.528684
v -4.092258 8.986745 -1.578558
v -3.917827 8.986745 -1.972068
v -3.996183 9.166480 -2.011510
v -4.174103 9.166480 -1.610129
v -4.296793 8.876396 -1.657456
v -4.113644 8.876396 -2.070634
v -4.195917 9.053924 -2.112047
v -4.382729 9.053924 -1.690605
v -3.398733 8.700870 -3.569801
v -2.322992 9.415441 -2.439915
v -2.369452 9.603749 -2.488713
v -3.466708 8.874887 -3.641197
v -2.811647 9.285061 -2.425343
v -2.284461 9.285061 -2.927266
v -2.330150 9.470762 -2.985811
v -2.867880 9.470762 -2.473850
v -3.153241 9.091680 -2.720005
v -2.562006 9.091680 -3.282908
v -2.613246 9.273513 -3.348566
v -3.216306 9.273513 -2.774405
v -3.404497 8.932243 -2.936739
v -2.766151 8.932243 -3.544495
v -2.821474 9.110888 -3.615385
v -3.472587 9.110888 -2.995474
v -1.997427 8.700870 -4.506123
v -1.365217 9.415441 -3.079880
v -1.392521 9.603749 -3.141478
v -2.037376 8.874887 -4.596246
v -1.830216 9.285061 -3.230783
v -1.164754 9.285061 -3.525761
v -1.188049 9.470762 -3.596277
v -1.866820 9.470762 -3.295398
v -2.052574 9.091680 -3.623299
v -1.306263 9.091680 -3.954116
v -1.332389 9.273513 -4.033198
v -2.093625 9.273513 -3.695765
v -2.216126 8.932243 -3.912010
v -1.410349 8.932243 -4.269186
v -1.438556 9.110888 -4.354570
v -2.260449 9.110888 -3.990250
v -0.362598 8.700870 -4.915627
v -0.247832 9.415441 -3.359770
v -0.252788 9.603749 -3.426966
v -0.369850 8.874887 -5.013939
v -0.711936 9.091680 -4.102987
v -0.306345 9.091680 -4.153012
v -0.312471 9.273513 -4.236073
v -0.726175 9.273513 -4.185047
v 1.314622 8.700870 -4.750435
v 0.898528 9.415441 -3.246864
v 0.916499 9.603749 -3.311801
v 1.340915 8.874887 -4.845444
v 0.634811 9.285061 -3.658505
v 1.657456 8.876396 -4.296793
v 1.690605 9.053924 -4.382729
v 0.647507 9.470762 -3.731675
v 2.838148 8.700870 -4.029861
v 1.939839 9.415441 -2.754360
v 1.978636 9.603749 -2.809447
v 2.894911 8.874887 -4.110458
v 2.138075 9.285061 -3.035833
v 2.425343 9.285061 -2.811647
v 2.473850 9.470762 -2.867880
v 2.180836 9.470762 -3.096550
v 2.397836 9.091680 -3.404665
v 2.720005 9.091680 -3.153241
v 2.774405 9.273513 -3.216306
v 2.445792 9.273513 -3.472758
v 2.588899 8.932243 -3.675954
v 2.936739 8.932243 -3.404497
v 2.995474 9.110888 -3.472587
v 2.640677 9.110888 -3.749473
v 4.029861 8.700870 -2.838148
v 2.754360 9.415441 -1.939839
v 2.809447 9.603749 -1.978636
v 4.110458 8.874887 -2.894911
v 2.463278 9.456073 -2.124838
v 3.623299 9.091680 -2.052574
v 3.695765 9.273513 -2.093625
v 2.512544 9.645195 -2.167335
v 2.811647 9.285061 -2.425343
v 4.007087 8.876396 -2.269987
v 4.087229 9.053924 -2.315387
v 2.867880 9.470762 -2.473850
v 3.068523 9.142098 -2.646926
v 4.288643 8.700870 -2.429486
v 4.374416 8.874887 -2.478076
v 3.129894 9.324940 -2.699865
v 4.750435 8.700870 -1.314622
v 3.246864 9.415441 -0.898528
v 3.311801 9.603749 -0.916499
v 4.845444 8.874887 -1.340915
v 3.357795 9.329928 -1.295244
v 3.468582 9.329928 -0.959886
v 3.537954 9.516527 -0.979084
v 3.424951 9.516527 -1.321149
v 3.675917 9.191139 -1.417958
v 3.797201 9.191139 -1.050827
v 3.873145 9.374961 -1.071844
v 3.749436 9.374961 -1.446317
v 3.989058 9.039893 -1.538750
v 4.120674 9.039893 -1.140344
v 4.203087 9.220691 -1.163151
v 4.068839 9.220691 -1.569525
v 4.296793 8.876396 -1.657456
v 4.438562 8.876396 -1.228315
v 4.527333 9.053924 -1.252882
v 4.382729 9.053924 -1.690605
v 6.250535 7.730105 1.084571
v 4.856416 8.700870 0.842668
v 4.953544 8.874887 0.859521
v 6.375546 7.884707 1.106262
v 5.231683 8.513552 0.385912
v 5.055870 8.513552 1.399148
v 5.156987 8.683823 1.427131
v 5.336316 8.683823 0.393630
v 5.641989 8.245893 0.416178
v 5.452388 8.245893 1.508879
v 5.561436 8.410811 1.539056
v 5.754829 8.410811 0.424502
v 5.940852 8.032075 0.438224
v 5.741207 8.032075 1.588806
v 5.856031 8.192717 1.620582
v 6.059669 8.192717 0.446988
v 5.519773 7.730105 3.126913
v 4.288643 8.700870 2.429486
v 4.374416 8.874887 2.478076
v 5.630169 7.884707 3.189451
v 4.891000 8.448536 2.168031
v 4.654945 8.448536 2.636994
v 4.748044 8.617506 2.689733
v 4.988820 8.617506 2.211392
v 5.355421 8.104572 2.373895
v 5.096951 8.104572 2.887387
v 5.198890 8.266663 2.945135
v 5.462530 8.266663 2.421373
v 4.143685 7.730105 4.803682
v 3.219477 8.700870 3.732269
v 3.283867 8.874887 3.806914
v 4.226558 7.884707 4.899756
v 3.357980 8.577286 3.892831
v 2.960246 8.577286 4.203226
v 3.019451 8.748832 4.287290
v 3.425139 8.748832 3.970688
v 3.561915 8.382247 4.129249
v 3.140026 8.382247 4.458494
v 3.202826 8.549892 4.547664
v 3.633153 8.549892 4.211834
v 3.761023 8.175848 4.360071
v 3.315551 8.175848 4.707720
v 3.381862 8.339365 4.801875
v 3.836243 8.339365 4.447272
v 3.955034 7.958369 4.584983
v 3.486582 7.958369 4.950566
v 3.556314 8.117536 5.049578
v 4.034134 8.117536 4.676683
v 2.283150 7.730105 5.918844
v 1.773916 8.700870 4.598705
v 1.809394 8.874887 4.690679
v 2.328813 7.884707 6.037221
v 2.167953 8.760701 4.306983
v 1.508879 8.245893 5.452388
v 1.539056 8.410811 5.561436
v 2.211312 8.935915 4.393122
v 2.358615 8.513552 4.685763
v 1.614975 7.958369 5.835770
v 1.647275 8.117536 5.952486
v 2.405787 8.683823 4.779478
v 2.497907 8.314696 4.962488
v 1.692008 7.730105 6.114131
v 1.725848 7.884707 6.236413
v 2.547865 8.480990 5.061738
v 0.155688 7.730105 6.342022
v 0.120963 8.700870 4.927497
v 0.123383 8.874887 5.026047
v 0.158802 7.884707 6.468863
v 0.629317 8.577286 5.102365
v 0.126167 8.577286 5.139479
v 0.128690 8.748832 5.242269
v 0.641903 8.748832 5.204412
v 0.667536 8.382247 5.412239
v 0.133829 8.382247 5.451607
v 0.136506 8.549892 5.560640
v 0.680887 8.549892 5.520484
v 0.704851 8.175848 5.714778
v 0.141310 8.175848 5.756348
v 0.144137 8.339365 5.871475
v 0.718948 8.339365 5.829074
v 0.741210 7.958369 6.009573
v 0.148600 7.958369 6.053287
v 0.151572 8.117536 6.174352
v 0.756034 8.117536 6.129765
v -1.989976 7.730105 6.023743
v -1.546132 8.700870 4.680207
v -1.577054 8.874887 4.773811
v -2.029775 7.884707 6.144218
v -1.172186 8.448536 5.219983
v -1.678190 8.448536 5.079953
v -1.711754 8.617506 5.181552
v -1.195630 8.617506 5.324383
v -1.283490 8.104572 5.715642
v -1.837541 8.104572 5.562316
v -1.874292 8.266663 5.673562
v -1.309160 8.266663 5.829955
v -3.902988 7.730105 5.001217
v -3.032465 8.700870 3.885745
v -3.093115 8.874887 3.963460
v -3.981048 7.884707 5.101241
v -3.291474 8.448536 4.217635
v -3.689026 8.448536 3.874705
v -3.762806 8.617506 3.952199
v -3.357304 8.617506 4.301987
v -3.604013 8.104572 4.618116
v -4.039314 8.104572 4.242624
v -4.120100 8.266663 4.327476
v -3.676094 8.266663 4.710479
v -5.359694 7.730105 3.393989
v -4.164268 8.700870 2.636994
v -4.247553 8.874887 2.689733
v -5.466888 7.884707 3.461869
v -4.052911 8.577286 3.162922
v -4.343415 8.577286 2.750437
v -4.430284 8.748832 2.805446
v -4.133969 8.748832 3.226181
v -4.217635 8.448536 3.291474
v -4.519946 8.448536 2.862225
v -4.610345 8.617506 2.919469
v -4.301987 8.617506 3.357304
v -4.459927 8.245893 3.480561
v -4.779605 8.245893 3.026652
v -4.875197 8.410811 3.087185
v -4.549125 8.410811 3.550172
v -4.618116 8.104572 3.604013
v -4.949134 8.104572 3.134005
v -5.048117 8.266663 3.196685
v -4.710479 8.266663 3.676094
v -4.773525 7.958369 3.725295
v -5.115682 7.958369 3.239470
v -5.217995 8.117536 3.304259
v -4.868995 8.117536 3.799801
v -6.189789 7.730105 1.389964
v -4.809218 8.700870 1.079946
v -4.905403 8.874887 1.101545
v -6.313585 7.884707 1.417763
v -5.016111 8.577286 1.126405
v -5.102365 8.577286 0.629317
v -5.204412 8.748832 0.641903
v -5.116434 8.748832 1.148934
v -5.219983 8.448536 1.172186
v -5.309742 8.448536 0.654894
v -5.415937 8.617506 0.667992
v -5.324383 8.617506 1.195630
v -5.519857 8.245893 1.239525
v -5.614772 8.245893 0.692516
v -5.727068 8.410811 0.706366
v -5.630254 8.410811 1.264316
v -5.715642 8.104572 1.283490
v -5.813924 8.104572 0.717079
v -5.930202 8.266663 0.731421
v -5.829955 8.266663 1.309160
v -5.907984 7.958369 1.326682
v -6.009573 7.958369 0.741210
v -6.129765 8.117536 0.756034
v -6.026144 8.117536 1.353216
v -6.296224 7.730105 -0.776565
v -4.891914 8.700870 -0.603360
v -4.989752 8.874887 -0.615427
v -6.422148 7.884707 -0.792096
v -6.053287 7.958369 -0.148600
v -5.118433 8.513552 -1.149383
v -5.220801 8.683823 -1.172370
v -6.174352 8.117536 -0.151572
v -5.666555 7.730105 -2.852304
v -4.402686 8.700870 -2.216126
v -4.490740 8.874887 -2.260449
v -5.779886 7.884707 -2.909350
v -5.183430 8.314696 -1.999470
v -3.982612 8.819213 -2.521961
v -4.062264 8.995597 -2.572401
v -5.287099 8.480990 -2.039459
v -5.465452 8.104572 -2.108257
v -4.254162 8.639729 -2.693918
v -4.339245 8.812523 -2.747797
v -5.574761 8.266663 -2.150423
v -5.740066 7.883464 -2.214188
v -4.519946 8.448536 -2.862225
v -4.610345 8.617506 -2.919469
v -5.854868 8.041134 -2.258472
v -6.006902 7.651673 -2.317118
v -4.779605 8.245893 -3.026652
v -4.875197 8.410811 -3.087185
v -6.127040 7.804706 -2.363460
v -4.374399 7.730105 -4.594575
v -3.398733 8.700870 -3.569801
v -3.466708 8.874887 -3.641197
v -4.461887 7.884707 -4.686466
v -3.892831 8.577286 -3.357980
v -3.544947 8.577286 -3.723374
v -3.615846 8.748832 -3.797842
v -3.970688 8.748832 -3.425139
v -4.051049 8.448536 -3.494459
v -3.689026 8.448536 -3.874705
v -3.762806 8.617506 -3.952199
v -4.132070 8.617506 -3.564348
v -4.283771 8.245893 -3.695207
v -3.900950 8.245893 -4.097296
v -3.978969 8.410811 -4.179242
v -4.369447 8.410811 -3.769111
v -4.435713 8.104572 -3.826273
v -4.039314 8.104572 -4.242624
v -4.120100 8.266663 -4.327476
v -4.524427 8.266663 -3.902798
v -4.584983 7.958369 -3.955034
v -4.175244 7.958369 -4.385396
v -4.258749 8.117536 -4.473104
v -4.676683 8.117536 -4.034134
v -2.570824 7.730105 -5.799685
v -1.997427 8.700870 -4.506123
v -2.037376 8.874887 -4.596246
v -2.622240 7.884707 -5.915679
v -2.788482 8.245893 -4.922359
v -1.512522 8.760701 -4.578471
v -1.542773 8.935915 -4.670040
v -2.844252 8.410811 -5.020806
v -2.984553 7.958369 -5.268473
v -1.645542 8.513552 -4.981127
v -1.678453 8.683823 -5.080749
v -3.044244 8.117536 -5.373842
v -3.126913 7.730105 -5.519773
v -1.742722 8.314696 -5.275296
v -1.777577 8.480990 -5.380802
v -3.189451 7.884707 -5.630169
v -0.466689 7.730105 -6.326744
v -0.362598 8.700870 -4.915627
v -0.369850 8.874887 -5.013939
v -0.476022 7.884707 -6.453279
v -0.393569 8.448536 -5.335480
v 0.131295 8.448536 -5.348365
v 0.133921 8.617506 -5.455332
v -0.401440 8.617506 -5.442190
v -0.430940 8.104572 -5.842106
v 0.143762 8.104572 -5.856214
v 0.146637 8.266663 -5.973339
v -0.439558 8.266663 -5.958948
v 1.692008 7.730105 -6.114131
v 1.314622 8.700870 -4.750435
v 1.340915 8.874887 -4.845444
v 1.725848 7.884707 -6.236413
v 1.399148 8.513552 -5.055870
v 1.887972 8.513552 -4.894384
v 1.925732 8.683823 -4.992272
v 1.427131 8.683823 -5.156987
v 1.508879 8.245893 -5.452388
v 2.036041 8.245893 -5.278237
v 2.076762 8.410811 -5.383802
v 1.539056 8.410811 -5.561436
v 1.588806 8.032075 -5.741207
v 2.143892 8.032075 -5.557832
v 2.186770 8.192717 -5.668988
v 1.620582 8.192717 -5.856031
v 3.652888 7.730105 -5.186703
v 2.838148 8.700870 -4.029861
v 2.894911 8.874887 -4.110458
v 3.725946 7.884707 -5.290437
v 2.585693 8.513552 -4.564387
v 3.020630 8.513552 -4.288966
v 3.081043 8.683823 -4.374745
v 2.637407 8.683823 -4.655674
v 2.788482 8.245893 -4.922359
v 3.257530 8.245893 -4.625337
v 3.322681 8.410811 -4.717844
v 2.844252 8.410811 -5.020806
v 2.936191 8.032075 -5.183102
v 3.430085 8.032075 -4.870347
v 3.498687 8.192717 -4.967754
v 2.994915 8.192717 -5.286764
v 5.186703 7.730105 -3.652888
v 4.029861 8.700870 -2.838148
v 4.110458 8.874887 -2.894911
v 5.290437 7.884707 -3.725946
v 3.569458 8.819213 -3.079035
v 4.833944 8.314696 -2.738396
v 4.930623 8.480990 -2.793164
v 3.640847 8.995597 -3.140616
v 3.732269 8.700870 -3.219477
v 5.010032 8.175848 -2.838148
v 5.110233 8.339365 -2.894911
v 3.806914 8.874887 -3.283867
v 3.972239 8.513552 -3.426477
v 5.268473 7.958369 -2.984553
v 5.373842 8.117536 -3.044244
v 4.051684 8.683823 -3.495007
v 4.129249 8.382247 -3.561915
v 5.436821 7.807372 -3.079921
v 5.545558 7.963520 -3.141520
v 4.211834 8.549892 -3.633153
v 4.283771 8.245893 -3.695207
v 5.601894 7.651673 -3.173434
v 5.713932 7.804706 -3.236903
v 4.369447 8.410811 -3.769111
v 6.114131 7.730105 -1.692008
v 4.750435 8.700870 -1.314622
v 4.845444 8.874887 -1.340915
v 6.236413 7.884707 -1.725848
v 5.183430 8.314696 -1.999470
v 4.644567 8.819213 -0.805909
v 4.737458 8.995597 -0.822027
v 5.287099 8.480990 -2.039459
v 5.465452 8.104572 -2.108257
v 4.961251 8.639729 -0.860859
v 5.060476 8.812523 -0.878076
v 5.574761 8.266663 -2.150423
v 5.740066 7.883464 -2.214188
v 5.271212 8.448536 -0.914642
v 5.376636 8.617506 -0.932935
v 5.854868 8.041134 -2.258472
v 6.006902 7.651673 -2.317118
v 5.574029 8.245893 -0.967186
v 5.685510 8.410811 -0.986530
v 6.127040 7.804706 -2.363460
v 7.460609 6.531728 1.294539
v 6.250535 7.730105 1.084571
v 6.375546 7.884707 1.106262
v 7.609822 6.662363 1.320429
v 6.606209 7.491364 0.487303
v 7.061147 6.806010 1.954082
v 7.202369 6.942130 1.993164
v 6.738334 7.641191 0.497049
v 6.588376 6.531728 3.732269
v 5.519773 7.730105 3.126913
v 5.630169 7.884707 3.189451
v 6.720143 6.662363 3.806914
v 6.303847 7.242471 2.794303
v 5.030040 7.883464 3.542554
v 5.130641 8.041134 3.613405
v 6.429924 7.387320 2.850189
v 6.543281 6.983762 2.900437
v 5.263869 7.651673 3.707235
v 5.369146 7.804706 3.781379
v 6.674147 7.123438 2.958446
v 6.773847 6.715590 3.002640
v 5.490564 7.409511 3.866891
v 5.600375 7.557701 3.944229
v 6.909324 6.849901 3.062693
v 6.995234 6.438315 3.100774
v 5.709818 7.157308 4.021308
v 5.824015 7.300454 4.101734
v 7.135138 6.567082 3.162789
v 4.945883 6.531728 5.733652
v 4.143685 7.730105 4.803682
v 4.226558 7.884707 4.899756
v 5.044800 6.662363 5.848325
v 4.730585 7.572088 4.503892
v 4.266348 7.572088 4.945883
v 4.351675 7.723530 5.044800
v 4.825197 7.723530 4.593969
v 4.929233 7.326543 4.693020
v 4.445501 7.326543 5.153571
v 4.534411 7.473074 5.256642
v 5.027818 7.473074 4.786880
v 5.121200 7.071068 4.875788
v 4.618629 7.071068 5.354275
v 4.711002 7.212489 5.461361
v 5.223624 7.212489 4.973304
v 5.306227 6.806010 5.051948
v 4.785499 6.806010 5.547723
v 4.881209 6.942130 5.658677
v 5.412352 6.942130 5.152987
v 2.725157 6.531728 7.064704
v 2.283150 7.730105 5.918844
v 2.328813 7.884707 6.037221
v 2.779660 6.662363 7.205998
v 2.852304 7.730105 5.666555
v 1.885944 7.071068 6.814926
v 1.923663 7.212489 6.951224
v 2.909350 7.884707 5.779886
v 3.060059 7.326543 6.079294
v 1.998042 6.624158 7.219997
v 2.038003 6.756641 7.364397
v 3.121260 7.473074 6.200879
v 0.185828 6.531728 7.569808
v 0.155688 7.730105 6.342022
v 0.158802 7.884707 6.468863
v 0.189545 6.662363 7.721204
v 0.810868 7.491364 6.574341
v -0.538974 6.806010 7.306691
v -0.549753 6.942130 7.452825
v 0.827085 7.641191 6.705828
v -2.375226 6.531728 7.189911
v -1.989976 7.730105 6.023743
v -2.029775 7.884707 6.144218
v -2.422730 6.662363 7.333710
v -1.347980 7.883464 6.002828
v -2.794303 7.242471 6.303847
v -2.850189 7.387320 6.429924
v -1.374940 8.041134 6.122884
v -1.410643 7.651673 6.281878
v -2.900437 6.983762 6.543281
v -2.958446 7.123438 6.674147
v -1.438856 7.804706 6.407516
v -1.471394 7.409511 6.552415
v -3.002640 6.715590 6.773847
v -3.062693 6.849901 6.909324
v -1.500822 7.557701 6.683463
v -1.530151 7.157308 6.814072
v -3.100774 6.438315 6.995234
v -3.162789 6.567082 7.135138
v -1.560754 7.300454 6.950353
v -4.658588 6.531728 5.969429
v -3.902988 7.730105 5.001217
v -3.981048 7.884707 5.101241
v -4.751760 6.662363 6.088817
v -3.689026 7.242471 5.825608
v -4.242271 7.883464 4.455797
v -4.327117 8.041134 4.544913
v -3.762806 7.387320 5.942120
v -3.829143 6.983762 6.046877
v -4.439480 7.651673 4.662931
v -4.528269 7.804706 4.756190
v -3.905726 7.123438 6.167815
v -3.964071 6.715590 6.259952
v -4.630671 7.409511 4.863746
v -4.723285 7.557701 4.961021
v -4.043352 6.849901 6.385151
v -4.093627 6.438315 6.464543
v -4.815587 7.157308 5.057970
v -4.911899 7.300454 5.159129
v -4.175499 6.567082 6.593834
v -6.397306 6.531728 4.051049
v -5.359694 7.730105 3.393989
v -5.466888 7.884707 3.461869
v -6.525252 6.662363 4.132070
v -5.505624 7.157308 4.296631
v -5.900257 7.157308 3.736296
v -6.018262 7.300454 3.811022
v -5.615737 7.300454 4.382564
v -7.388103 6.531728 1.659054
v -6.189789 7.730105 1.389964
v -6.313585 7.884707 1.417763
v -7.535865 6.662363 1.692235
v -6.956759 6.806010 2.298203
v -6.574341 7.491364 0.810868
v -6.705828 7.641191 0.827085
v -7.095894 6.942130 2.344167
v -7.515143 6.531728 -0.926904
v -6.296224 7.730105 -0.776565
v -6.422148 7.884707 -0.792096
v -7.665446 6.662363 -0.945443
v -6.931241 7.157308 -0.854887
v -6.814072 7.157308 -1.530151
v -6.950353 7.300454 -1.560754
v -7.069866 7.300454 -0.871985
v -6.763573 6.531728 -3.404497
v -5.666555 7.730105 -2.852304
v -5.779886 7.884707 -2.909350
v -6.898845 6.662363 -3.472587
v -6.180292 7.491364 -2.384002
v -6.189856 6.806010 -3.919683
v -6.313653 6.942130 -3.998077
v -6.303897 7.641191 -2.431682
v -5.221262 6.531728 -5.484063
v -4.374399 7.730105 -4.594575
v -4.461887 7.884707 -4.686466
v -5.325687 6.662363 -5.593744
v -5.085104 7.409511 -4.386441
v -4.630671 7.409511 -4.863746
v -4.723285 7.557701 -4.961021
v -5.186806 7.557701 -4.474170
v -5.419577 6.983762 -4.674959
v -4.935254 6.983762 -5.183660
v -5.033959 7.123438 -5.287333
v -5.527969 7.123438 -4.768459
v -3.068523 6.531728 -6.922477
v -2.570824 7.730105 -5.799685
v -2.622240 7.884707 -5.915679
v -3.129894 6.662363 -7.060927
v -2.721434 7.409511 -6.139457
v -2.106558 7.409511 -6.376642
v -2.148689 7.557701 -6.504174
v -2.775863 7.557701 -6.262247
v -2.900437 6.983762 -6.543281
v -2.245117 6.983762 -6.796066
v -2.290019 7.123438 -6.931987
v -2.958446 7.123438 -6.674147
v -0.557037 6.531728 -7.551572
v -0.466689 7.730105 -6.326744
v -0.476022 7.884707 -6.453279
v -0.568178 6.662363 -7.702603
v -0.513757 7.157308 -6.964840
v 0.171390 7.157308 -6.981659
v 0.174818 7.300454 -7.121292
v -0.524033 7.300454 -7.104136
v 2.019573 6.531728 -7.297798
v 1.692008 7.730105 -6.114131
v 1.725848 7.884707 -6.236413
v 2.059964 6.662363 -7.443754
v 1.193957 7.157308 -6.880945
v 2.248838 7.807372 -5.829894
v 2.293815 7.963520 -5.946492
v 1.217836 7.300454 -7.018564
v 1.252560 6.806010 -7.218679
v 2.384002 7.491364 -6.180292
v 2.431682 7.641191 -6.303897
v 1.277611 6.942130 -7.363052
v 1.294539 6.531728 -7.460609
v 2.481622 7.242471 -6.433364
v 2.531255 7.387320 -6.562031
v 1.320429 6.662363 -7.609822
v 4.360071 6.531728 -6.190825
v 3.652888 7.730105 -5.186703
v 3.725946 7.884707 -5.290437
v 4.447272 6.662363 -6.314641
v 3.485317 7.071068 -6.152444
v 4.143685 7.730105 -4.803682
v 4.226558 7.884707 -4.899756
v 3.555023 7.212489 -6.275493
v 3.692480 6.624158 -6.518138
v 4.445501 7.326543 -5.153571
v 4.534411 7.473074 -5.256642
v 3.766329 6.756641 -6.648501
v 6.190825 6.531728 -4.360071
v 5.186703 7.730105 -3.652888
v 5.290437 7.884707 -3.725946
v 6.314641 6.662363 -4.447272
v 5.221262 7.242471 -4.503892
v 5.353050 7.883464 -3.032465
v 5.460111 8.041134 -3.093115
v 5.325687 7.387320 -4.593969
v 5.419577 6.983762 -4.674959
v 5.601894 7.651673 -3.173434
v 5.713932 7.804706 -3.236903
v 5.527969 7.123438 -4.768459
v 5.610547 6.715590 -4.839692
v 5.843147 7.409511 -3.310102
v 5.960010 7.557701 -3.376304
v 5.722758 6.849901 -4.936485
v 5.793914 6.438315 -4.997865
v 6.076481 7.157308 -3.442284
v 6.198011 7.300454 -3.511130
v 5.909793 6.567082 -5.097822
v 7.297798 6.531728 -2.019573
v 6.114131 7.730105 -1.692008
v 6.236413 7.884707 -1.725848
v 7.443754 6.662363 -2.059964
v 6.515800 7.157308 -2.513421
v 6.730783 7.157308 -1.862659
v 6.865399 7.300454 -1.899912
v 6.646116 7.300454 -2.563690
v 8.451008 5.141027 1.466389
v 7.460609 6.531728 1.294539
v 7.609822 6.662363 1.320429
v 8.620028 5.243848 1.495717
v 7.709159 6.343933 0.568662
v 7.450090 6.343933 2.061717
v 7.599092 6.470811 2.102952
v 7.863343 6.470811 0.580035
v 7.862104 6.152316 0.579944
v 7.597894 6.152316 2.102620
v 7.749852 6.275362 2.144673
v 8.019346 6.275362 0.591542
v 8.082612 5.857979 0.596209
v 7.810993 5.857979 2.161593
v 7.967212 5.975138 2.204825
v 8.244265 5.975138 0.608133
v 8.223550 5.657318 0.606606
v 7.947194 5.657318 2.199285
v 8.106138 5.770464 2.243271
v 8.388021 5.770464 0.618738
v 8.359535 5.453250 0.616636
v 8.078609 5.453250 2.235652
v 8.240181 5.562315 2.280365
v 8.526726 5.562315 0.628969
v 7.462985 5.141027 4.227729
v 6.588376 6.531728 3.732269
v 6.720143 6.662363 3.806914
v 7.612245 5.243848 4.312283
v 7.409279 5.857979 3.284307
v 7.051683 5.857979 3.994729
v 7.192716 5.975138 4.074623
v 7.557464 5.975138 3.349994
v 5.602450 5.141027 6.494797
v 4.945883 6.531728 5.733652
v 5.044800 6.662363 5.848325
v 5.714499 5.243848 6.624693
v 5.921334 5.758082 5.637579
v 4.360071 6.531728 6.190825
v 4.447272 6.662363 6.314641
v 6.039761 5.873244 5.750330
v 6.165915 5.245897 5.870439
v 4.582494 6.055110 6.506642
v 4.674144 6.176213 6.636775
v 6.289233 5.350815 5.987848
v 3.086923 5.141027 8.002546
v 2.725157 6.531728 7.064704
v 2.779660 6.662363 7.205998
v 3.148661 5.243848 8.162597
v 3.475543 6.343933 6.904717
v 2.061717 6.343933 7.450090
v 2.102952 6.470811 7.599092
v 3.545053 6.470811 7.042812
v 3.578173 6.055110 7.108609
v 2.122599 6.055110 7.670086
v 2.165051 6.176213 7.823487
v 3.649736 6.176213 7.250781
v 3.675954 5.758082 7.302866
v 2.180603 5.758082 7.879687
v 2.224215 5.873244 8.037280
v 3.749473 5.873244 7.448924
v 3.768753 5.453250 7.487227
v 2.235652 5.453250 8.078609
v 2.280365 5.562315 8.240181
v 3.844128 5.562315 7.636971
v 0.210497 5.141027 8.574703
v 0.185828 6.531728 7.569808
v 0.189545 6.662363 7.721204
v 0.214707 5.243848 8.746197
v 0.946247 6.343933 7.671971
v 0.189706 6.343933 7.727776
v 0.193500 6.470811 7.882332
v 0.965172 6.470811 7.825410
v 0.974189 6.055110 7.898518
v 0.195308 6.055110 7.955972
v 0.199214 6.176213 8.115092
v 0.993673 6.176213 8.056489
v 1.000811 5.758082 8.114362
v 0.200645 5.758082 8.173386
v 0.204658 5.873244 8.336853
v 1.020827 5.873244 8.276649
v 1.026077 5.453250 8.319209
v 0.205711 5.453250 8.379722
v 0.209825 5.562315 8.547317
v 1.046598 5.562315 8.485593
v -2.690538 5.141027 8.144375
v -2.375226 6.531728 7.189911
v -2.422730 6.662363 7.333710
v -2.744349 5.243848 8.307262
v -1.693675 6.343933 7.542279
v -2.424793 6.343933 7.339952
v -2.473288 6.470811 7.486751
v -1.727549 6.470811 7.693125
v -1.743689 6.055110 7.764998
v -2.496395 6.055110 7.556696
v -2.546323 6.176213 7.707830
v -1.778562 6.176213 7.920298
v -1.791338 5.758082 7.977192
v -2.564614 5.758082 7.763198
v -2.615907 5.873244 7.918462
v -1.827165 5.873244 8.136736
v -1.836561 5.453250 8.178576
v -2.629358 5.453250 7.959180
v -2.681945 5.562315 8.118363
v -1.873292 5.562315 8.342148
v -5.277017 5.141027 6.761873
v -4.658588 6.531728 5.969429
v -4.751760 6.662363 6.088817
v -5.382558 5.243848 6.897110
v -4.335927 5.857979 6.847177
v -4.986189 5.857979 6.389210
v -5.085912 5.975138 6.516995
v -4.422645 5.975138 6.984120
v -7.246551 5.141027 4.588828
v -6.397306 6.531728 4.051049
v -6.525252 6.662363 4.132070
v -7.391482 5.243848 4.680604
v -6.530806 6.343933 4.135588
v -6.904717 6.343933 3.475543
v -7.042812 6.470811 3.545053
v -6.661423 6.470811 4.218299
v -6.723656 6.055110 4.257708
v -7.108609 6.055110 3.578173
v -7.250781 6.176213 3.649736
v -6.858130 6.176213 4.342863
v -6.907394 5.758082 4.374059
v -7.302866 5.758082 3.675954
v -7.448924 5.873244 3.749473
v -7.045542 5.873244 4.461540
v -7.081771 5.453250 4.484482
v -7.487227 5.453250 3.768753
v -7.636971 5.562315 3.844128
v -7.223407 5.562315 4.574172
v -8.368876 5.141027 1.879294
v -7.388103 6.531728 1.659054
v -7.535865 6.662363 1.692235
v -8.536254 5.243848 1.916880
v -7.626682 5.956993 2.519515
v -7.353788 6.715590 0.907003
v -7.500864 6.849901 0.925143
v -7.779215 6.076133 2.569906
v -7.763198 5.758082 2.564614
v -7.515143 6.531728 0.926904
v -7.665446 6.662363 0.945443
v -7.918462 5.873244 2.615907
v -7.959180 5.453250 2.629358
v -7.748657 6.248595 0.955706
v -7.903630 6.373567 0.974820
v -8.118363 5.562315 2.681945
v -8.083857 5.245897 2.670546
v -7.898518 6.055110 0.974189
v -8.056489 6.176213 0.993673
v -8.245535 5.350815 2.723957
v -8.203666 5.035384 2.710125
v -8.043622 5.857979 0.992086
v -8.204494 5.975138 1.011928
v -8.367739 5.136092 2.764328
v -8.512781 5.141027 -1.049951
v -7.515143 6.531728 -0.926904
v -7.665446 6.662363 -0.945443
v -8.683037 5.243848 -1.070950
v -8.029656 5.956993 -0.197117
v -7.229476 6.715590 -1.623433
v -7.374065 6.849901 -1.655902
v -8.190249 6.076133 -0.201059
v -8.173386 5.758082 -0.200645
v -7.388103 6.531728 -1.659054
v -7.535865 6.662363 -1.692235
v -8.336853 5.873244 -0.204658
v -8.379722 5.453250 -0.205711
v -7.617670 6.248595 -1.710605
v -7.770023 6.373567 -1.744817
v -8.547317 5.562315 -0.209825
v -8.510988 5.245897 -0.208933
v -7.764998 6.055110 -1.743689
v -7.920298 6.176213 -1.778562
v -8.681208 5.350815 -0.213112
v -8.637126 5.035384 -0.212030
v -7.907648 5.857979 -1.775722
v -8.065801 5.975138 -1.811236
v -8.809869 5.136092 -0.216270
v -7.661440 5.141027 -3.856445
v -6.763573 6.531728 -3.404497
v -6.898845 6.662363 -3.472587
v -7.814669 5.243848 -3.933574
v -7.820576 5.453250 -3.016729
v -6.596086 6.248595 -4.176926
v -6.728008 6.373567 -4.260464
v -7.976988 5.562315 -3.077064
v -5.914387 5.141027 -6.212074
v -5.221262 6.531728 -5.484063
v -5.325687 6.662363 -5.593744
v -6.032674 5.243848 -6.336316
v -5.435968 6.152316 -5.709576
v -4.850156 6.152316 -6.214901
v -4.947159 6.275362 -6.339199
v -5.544688 6.275362 -5.823768
v -5.685878 5.657318 -5.972064
v -5.073134 5.657318 -6.500620
v -5.174597 5.770464 -6.630633
v -5.799595 5.770464 -6.091505
v -3.475871 5.141027 -7.841439
v -3.068523 6.531728 -6.922477
v -3.129894 6.662363 -7.060927
v -3.545388 5.243848 -7.998267
v -3.132558 6.343933 -7.066937
v -2.424793 6.343933 -7.339952
v -2.473288 6.470811 -7.486751
v -3.195209 6.470811 -7.208276
v -3.225060 6.055110 -7.275619
v -2.496395 6.055110 -7.556696
v -2.546323 6.176213 -7.707830
v -3.289561 6.176213 -7.421131
v -3.313191 5.758082 -7.474440
v -2.564614 5.758082 -7.763198
v -2.615907 5.873244 -7.918462
v -3.379455 5.873244 -7.623929
v -3.396833 5.453250 -7.663132
v -2.629358 5.453250 -7.959180
v -2.681945 5.562315 -8.118363
v -3.464769 5.562315 -7.816395
v -0.630984 5.141027 -8.554046
v -0.557037 6.531728 -7.551572
v -0.568178 6.662363 -7.702603
v -0.643604 5.243848 -8.725126
v -1.385573 5.857979 -7.985254
v -0.596209 5.857979 -8.082612
v -0.608133 5.975138 -8.244265
v -1.413284 5.975138 -8.144959
v 2.287672 5.141027 -8.266583
v 2.019573 6.531728 -7.297798
v 2.059964 6.662363 -7.443754
v 2.333425 5.243848 -8.431915
v 1.347772 6.152316 -7.767401
v 2.102620 6.152316 -7.597894
v 2.144673 6.275362 -7.749852
v 1.374727 6.275362 -7.922749
v 1.409733 5.657318 -8.124494
v 2.199285 5.657318 -7.947194
v 2.243271 5.770464 -8.106138
v 1.437928 5.770464 -8.286984
v 4.938872 5.141027 -7.012659
v 4.360071 6.531728 -6.190825
v 4.447272 6.662363 -6.314641
v 5.037649 5.243848 -7.152912
v 3.994729 5.857979 -7.051683
v 4.893155 6.624158 -5.672527
v 4.991019 6.756641 -5.785978
v 4.074623 5.975138 -7.192716
v 4.131594 5.453250 -7.293284
v 5.099564 6.248595 -5.911811
v 5.201555 6.373567 -6.030048
v 4.214226 5.562315 -7.439150
v 4.227729 5.141027 -7.462985
v 5.246333 5.956993 -6.081958
v 5.351260 6.076133 -6.203598
v 4.312283 5.243848 -7.612245
v 7.012659 5.141027 -4.938872
v 6.190825 6.531728 -4.360071
v 6.314641 6.662363 -4.447272
v 7.152912 5.243848 -5.037649
v 5.911811 6.248595 -5.099564
v 6.793093 6.248595 -3.848240
v 6.928955 6.373567 -3.925204
v 6.030048 6.373567 -5.201555
v 6.136854 5.857979 -5.293686
v 7.051683 5.857979 -3.994729
v 7.192716 5.975138 -4.074623
v 6.259591 5.975138 -5.399560
v 6.295961 5.555702 -5.430934
v 7.234509 5.555702 -4.098299
v 7.379199 5.666816 -4.180265
v 6.421881 5.666816 -5.539552
v 8.266583 5.141027 -2.287672
v 7.297798 6.531728 -2.019573
v 7.443754 6.662363 -2.059964
v 8.431915 5.243848 -2.333425
v 6.989389 6.624158 -2.696105
v 7.985254 5.857979 -1.385573
v 8.144959 5.975138 -1.413284
v 7.129176 6.756641 -2.750027
v 7.284222 6.248595 -2.809835
v 8.258841 5.453250 -1.433045
v 8.424017 5.562315 -1.461706
v 7.429907 6.373567 -2.866031
v 7.493868 5.956993 -2.890704
v 8.451008 5.141027 -1.466389
v 8.620028 5.243848 -1.495717
v 7.643746 6.076133 -2.948518
v 9.192569 3.598950 1.595062
v 8.451008 5.141027 1.466389
v 8.620028 5.243848 1.495717
v 9.376421 3.670929 1.626963
v 9.166235 3.939920 0.676142
v 8.443354 4.821838 2.336591
v 8.612221 4.918274 2.383323
v 9.349559 4.018719 0.689665
v 8.117849 3.598950 4.598705
v 7.462985 5.141027 4.227729
v 7.612245 5.243848 4.312283
v 8.280206 3.670929 4.690679
v 7.723734 5.349976 3.423696
v 7.302866 4.496113 5.143259
v 7.448924 4.586036 5.246124
v 7.878208 5.456976 3.492170
v 7.841439 5.141027 3.475871
v 7.390879 4.275551 5.205244
v 7.538697 4.361062 5.309349
v 7.998267 5.243848 3.545388
v 8.009118 4.821838 3.550198
v 7.514535 3.939920 5.292333
v 7.664826 4.018719 5.398180
v 8.169301 4.918274 3.621202
v 8.114888 4.605387 3.597082
v 7.591325 3.713172 5.346414
v 7.743151 3.787435 5.453342
v 8.277186 4.697495 3.669024
v 8.215770 4.386162 3.641800
v 7.663541 3.484187 5.397275
v 7.816812 3.553871 5.505220
v 8.380085 4.473886 3.714636
v 6.094056 3.598950 7.064704
v 5.602450 5.141027 6.494797
v 5.714499 5.243848 6.624693
v 6.215937 3.670929 7.205998
v 6.212074 5.141027 5.914387
v 5.205244 4.275551 7.390879
v 5.309349 4.361062 7.538697
v 6.336316 5.243848 6.032674
v 6.428704 4.605387 6.120635
v 5.346414 3.713172 7.591325
v 5.453342 3.787435 7.743151
v 6.557278 4.697495 6.243048
v 3.357795 3.598950 8.704756
v 3.086923 5.141027 8.002546
v 3.148661 5.243848 8.162597
v 3.424951 3.670929 8.878851
v 3.938910 4.821838 7.825271
v 2.336591 4.821838 8.443354
v 2.383323 4.918274 8.612221
v 4.017689 4.918274 7.981776
v 4.040542 4.386162 8.027179
v 2.396879 4.386162 8.661209
v 2.444817 4.473886 8.834434
v 4.121353 4.473886 8.187722
v 4.110391 4.052413 8.165944
v 2.438314 4.052413 8.810935
v 2.487080 4.133461 8.987154
v 4.192598 4.133461 8.329263
v 0.228968 3.598950 9.327118
v 0.210497 5.141027 8.574703
v 0.214707 5.243848 8.746197
v 0.233547 3.670929 9.513660
v 1.106579 4.275551 8.971909
v -0.630984 5.141027 8.554046
v -0.643604 5.243848 8.725126
v 1.128711 4.361062 9.151347
v 1.136591 3.713172 9.215233
v -0.652988 4.605387 8.852345
v -0.666048 4.697495 9.029392
v 1.159322 3.787435 9.399537
v -2.926628 3.598950 8.859030
v -2.690538 5.141027 8.144375
v -2.744349 5.243848 8.307262
v -2.985161 3.670929 9.036210
v -1.906371 4.928982 8.489457
v -3.525952 4.928982 7.954420
v -3.596471 5.027562 8.113509
v -1.944499 5.027562 8.659246
v -1.932300 4.713967 8.604925
v -3.573909 4.713967 8.062610
v -3.645388 4.808247 8.223862
v -1.970946 4.808247 8.777023
v -1.969007 4.386162 8.768386
v -3.641800 4.386162 8.215770
v -3.714636 4.473886 8.380085
v -2.008387 4.473886 8.943754
v -1.991998 4.164296 8.870771
v -3.684324 4.164296 8.311702
v -3.758011 4.247582 8.477936
v -2.031838 4.247582 9.048187
v -2.013790 3.939920 8.967813
v -3.724629 3.939920 8.402628
v -3.799122 4.018719 8.570681
v -2.054066 4.018719 9.147170
v -5.740066 3.598950 7.355215
v -5.277017 5.141027 6.761873
v -5.382558 5.243848 6.897110
v -5.854868 3.670929 7.502320
v -4.807887 4.386162 7.592483
v -5.528929 4.386162 7.084668
v -5.639508 4.473886 7.226361
v -4.904045 4.473886 7.744333
v -7.882423 3.598950 4.991489
v -7.246551 5.141027 4.588828
v -7.391482 5.243848 4.680604
v -8.040071 3.670929 5.091319
v -6.859300 4.928982 5.353050
v -7.350961 4.928982 4.654945
v -7.497980 5.027562 4.748044
v -6.996486 5.027562 5.460111
v -6.997675 4.605387 5.461039
v -7.499255 4.605387 4.748851
v -7.649240 4.697495 4.843828
v -7.137629 4.697495 5.570260
v -7.126567 4.275551 5.561628
v -7.637386 4.275551 4.836321
v -7.790133 4.361062 4.933048
v -7.269099 4.361062 5.672860
v -7.245801 3.939920 5.654679
v -7.765166 3.939920 4.917237
v -7.920469 4.018719 5.015582
v -7.390717 4.018719 5.767772
v -9.103231 3.598950 2.044199
v -8.368876 5.141027 1.879294
v -8.536254 5.243848 1.916880
v -9.285295 3.670929 2.085083
v -8.318532 4.821838 2.748072
v -8.694816 4.821838 1.072403
v -8.868713 4.918274 1.093851
v -8.484903 4.918274 2.803033
v -8.533167 4.386162 2.818978
v -8.919160 4.386162 1.100073
v -9.097543 4.473886 1.122075
v -8.703831 4.473886 2.875357
v -8.680679 4.052413 2.867709
v -9.073345 4.052413 1.119090
v -9.254812 4.133461 1.141472
v -8.854293 4.133461 2.925063
v -9.259763 3.598950 -1.142083
v -8.512781 5.141027 -1.049951
v -8.683037 5.243848 -1.070950
v -9.444958 3.670929 -1.164924
v -8.635435 4.928982 -1.065079
v -8.489457 4.928982 -1.906371
v -8.659246 5.027562 -1.944499
v -8.808144 5.027562 -1.086381
v -8.752888 4.713967 -1.079566
v -8.604925 4.713967 -1.932300
v -8.777023 4.808247 -1.970946
v -8.927946 4.808247 -1.101157
v -8.919160 4.386162 -1.100073
v -8.768386 4.386162 -1.969007
v -8.943754 4.473886 -2.008387
v -9.097543 4.473886 -1.122075
v -9.023306 4.164296 -1.112919
v -8.870771 4.164296 -1.991998
v -9.048187 4.247582 -2.031838
v -9.203772 4.247582 -1.135177
v -9.122017 3.939920 -1.125093
v -8.967813 3.939920 -2.013790
v -9.147170 4.018719 -2.054066
v -9.304457 4.018719 -1.147595
v -8.333718 3.598950 -4.194841
v -7.661440 5.141027 -3.856445
v -7.814669 5.243848 -3.933574
v -8.500393 3.670929 -4.278738
v -7.771828 4.928982 -3.912010
v -7.350961 4.928982 -4.654945
v -7.497980 5.027562 -4.748044
v -7.927265 5.027562 -3.990250
v -7.928613 4.605387 -3.990928
v -7.499255 4.605387 -4.748851
v -7.649240 4.697495 -4.843828
v -8.087185 4.697495 -4.070747
v -8.074652 4.275551 -4.064438
v -7.637386 4.275551 -4.836321
v -7.790133 4.361062 -4.933048
v -8.236145 4.361062 -4.145727
v -8.209748 3.939920 -4.132440
v -7.765166 3.939920 -4.917237
v -7.920469 4.018719 -5.015582
v -8.373943 4.018719 -4.215089
v -6.433364 3.598950 -6.757173
v -5.914387 5.141027 -6.212074
v -6.032674 5.243848 -6.336316
v -6.562031 3.670929 -6.892317
v -6.081205 4.713967 -6.387289
v -5.425858 4.713967 -6.952595
v -5.534375 4.808247 -7.091647
v -6.202829 4.808247 -6.515035
v -6.269082 4.164296 -6.584623
v -5.593489 4.164296 -7.167393
v -5.705358 4.247582 -7.310741
v -6.394464 4.247582 -6.716315
v -3.780872 3.598950 -8.529511
v -3.475871 5.141027 -7.841439
v -3.545388 5.243848 -7.998267
v -3.856490 3.670929 -8.700101
v -4.455747 4.275551 -7.865493
v -2.690538 5.141027 -8.144375
v -2.744349 5.243848 -8.307262
v -4.544862 4.361062 -8.022803
v -4.576590 3.713172 -8.078811
v -2.784363 4.605387 -8.428388
v -2.840051 4.697495 -8.596956
v -4.668121 3.787435 -8.240387
v -0.686352 3.598950 -9.304648
v -0.630984 5.141027 -8.554046
v -0.643604 5.243848 -8.725126
v -0.700079 3.670929 -9.490741
v -1.487517 4.928982 -8.572773
v 0.213530 4.928982 -8.698249
v 0.217801 5.027562 -8.872214
v -1.517267 5.027562 -8.744228
v -1.517525 4.605387 -8.745715
v 0.217838 4.605387 -8.873723
v 0.222194 4.697495 -9.051197
v -1.547876 4.697495 -8.920629
v -1.545477 4.275551 -8.906804
v 0.221850 4.275551 -9.037170
v 0.226287 4.361062 -9.217914
v -1.576387 4.361062 -9.084940
v -1.571334 3.939920 -9.055823
v 0.225562 3.939920 -9.188370
v 0.230073 4.018719 -9.372138
v -1.602761 4.018719 -9.236940
v 2.488411 3.598950 -8.991961
v 2.287672 5.141027 -8.266583
v 2.333425 5.243848 -8.431915
v 2.538179 3.670929 -9.171801
v 2.320633 4.928982 -8.385690
v 3.131400 4.928982 -8.117849
v 3.194028 5.027562 -8.280206
v 2.367046 5.027562 -8.553404
v 2.352197 4.713967 -8.499746
v 3.173991 4.713967 -8.228262
v 3.237471 4.808247 -8.392827
v 2.399240 4.808247 -8.669741
v 2.396879 4.386162 -8.661209
v 3.234285 4.386162 -8.384568
v 3.298970 4.473886 -8.552259
v 2.444817 4.473886 -8.834434
v 2.424867 4.164296 -8.762343
v 3.272050 4.164296 -8.482472
v 3.337491 4.247582 -8.652121
v 2.473364 4.247582 -8.937590
v 2.451394 3.939920 -8.858199
v 3.307845 3.939920 -8.575266
v 3.374002 4.018719 -8.746771
v 2.500422 4.018719 -9.035363
v 5.372249 3.598950 -7.628007
v 4.938872 5.141027 -7.012659
v 5.037649 5.243848 -7.152912
v 5.479694 3.670929 -7.780568
v 4.346974 4.713967 -7.673482
v 5.078175 4.713967 -7.210454
v 5.179738 4.808247 -7.354663
v 4.433913 4.808247 -7.826952
v 4.481273 4.164296 -7.910552
v 5.235064 4.164296 -7.433219
v 5.339765 4.247582 -7.581884
v 4.570898 4.247582 -8.068763
v 7.628007 3.598950 -5.372249
v 7.012659 5.141027 -4.938872
v 7.152912 5.243848 -5.037649
v 7.780568 3.670929 -5.479694
v 6.588376 4.928982 -5.683172
v 7.570514 4.928982 -4.288643
v 7.721924 5.027562 -4.374416
v 6.720143 5.027562 -5.796835
v 6.721286 4.605387 -5.797821
v 7.723237 4.605387 -4.375160
v 7.877702 4.697495 -4.462663
v 6.855711 4.697495 -5.913777
v 6.845087 4.275551 -5.904613
v 7.865493 4.275551 -4.455747
v 8.022803 4.361062 -4.544862
v 6.981989 4.361062 -6.022705
v 6.959611 3.939920 -6.003402
v 7.997090 3.939920 -4.530296
v 8.157032 4.018719 -4.620901
v 7.098804 4.018719 -6.123470
v 8.991961 3.598950 -2.488411
v 8.266583 5.141027 -2.287672
v 8.431915 5.243848 -2.333425
v 9.171801 3.670929 -2.538179
v 7.943083 5.245897 -3.063985
v 8.854439 4.386162 -1.536391
v 9.031527 4.473886 -1.567119
v 8.101944 5.350815 -3.125265
v 8.173671 4.821838 -3.152933
v 9.055823 3.939920 -1.571334
v 9.236940 4.018719 -1.602761
v 8.337144 4.918274 -3.215991
v 8.333718 4.496113 -3.214670
v 9.192569 3.598950 -1.595062
v 9.376421 3.670929 -1.626963
v 8.500393 4.586036 -3.278963
v 9.663458 1.950903 1.676769
v 9.192569 3.598950 1.595062
v 9.376421 3.670929 1.626963
v 9.856727 1.989921 1.710304
v 9.389929 3.368899 0.692643
v 9.276823 3.368899 1.609682
v 9.462360 3.436277 1.641875
v 9.577728 3.436277 0.706496
v 9.507230 3.020059 0.701295
v 9.392711 3.020059 1.629790
v 9.580566 3.080461 1.662386
v 9.697375 3.080461 0.715321
v 9.611647 2.667128 0.708998
v 9.495870 2.667128 1.647690
v 9.685788 2.720470 1.680644
v 9.803880 2.720470 0.723178
v 9.703037 2.310581 0.715739
v 9.586160 2.310581 1.663357
v 9.777883 2.356793 1.696624
v 9.897098 2.356793 0.730054
v 8.533685 1.950903 4.834273
v 8.117849 3.598950 4.598705
v 8.280206 3.670929 4.690679
v 8.704359 1.989921 4.930958
v 8.780350 2.785197 3.892061
v 8.356581 2.785197 4.733945
v 8.523713 2.840901 4.828624
v 8.955956 2.840901 3.969902
v 6.406223 1.950903 7.426593
v 6.094056 3.598950 7.064704
v 6.215937 3.670929 7.205998
v 6.534348 1.989921 7.575125
v 7.046489 2.310581 6.708815
v 5.444884 3.253103 7.731142
v 5.553782 3.318165 7.885765
v 7.187419 2.356793 6.842992
v 3.529798 1.950903 9.150656
v 3.357795 3.598950 8.704756
v 3.424951 3.670929 8.878851
v 3.600393 1.989921 9.333669
v 4.269186 3.136817 8.481416
v 2.532513 3.136817 9.151325
v 2.583163 3.199554 9.334352
v 4.354570 3.199554 8.651045
v 4.347636 2.548657 8.637269
v 2.579050 2.548657 9.319488
v 2.630631 2.599630 9.505878
v 4.434588 2.599630 8.810014
v 0.240697 1.950903 9.804899
v 0.228968 3.598950 9.327118
v 0.233547 3.670929 9.513660
v 0.245511 1.989921 10.000997
v 1.157524 3.253103 9.384959
v 0.232064 3.253103 9.453225
v 0.236705 3.318165 9.642290
v 1.180675 3.318165 9.572658
v 1.175669 2.785197 9.532076
v 0.235701 2.785197 9.601413
v 0.240415 2.840901 9.793441
v 1.199183 2.840901 9.722718
v 1.187422 2.429802 9.627362
v 0.238058 2.429802 9.697391
v 0.242819 2.478398 9.891339
v 1.211170 2.478398 9.819909
v -3.076544 1.950903 9.312833
v -2.926628 3.598950 8.859030
v -2.985161 3.670929 9.036210
v -3.138075 1.989921 9.499089
v -2.044199 3.598950 9.103231
v -3.905619 2.667128 8.810935
v -3.983731 2.720470 8.987154
v -2.085083 3.670929 9.285295
v -2.088705 3.020059 9.301427
v -3.964546 2.071114 8.943873
v -4.043837 2.112536 9.122750
v -2.130479 3.080461 9.487456
v -6.034101 1.950903 7.731986
v -5.740066 3.598950 7.355215
v -5.854868 3.670929 7.502320
v -6.154783 1.989921 7.886625
v -5.138280 2.785197 8.114231
v -6.622558 2.785197 6.955890
v -6.755009 2.840901 7.095008
v -5.241046 2.840901 8.276516
v -8.286199 1.950903 5.247178
v -7.882423 3.598950 4.991489
v -8.040071 3.670929 5.091319
v -8.451923 1.989921 5.352121
v -7.544005 2.902847 5.887399
v -8.252316 3.826834 4.153867
v -8.417363 3.903371 4.236944
v -7.694885 2.960904 6.005147
v -7.623124 2.548657 5.949145
v -8.372540 3.484187 4.214382
v -8.539991 3.553871 4.298670
v -7.775587 2.599630 6.068128
v -7.691913 2.191012 6.002828
v -8.481416 3.136817 4.269186
v -8.651045 3.199554 4.354570
v -7.845751 2.234833 6.122884
v -7.750277 1.830399 6.048376
v -8.578799 2.785197 4.318204
v -8.750375 2.840901 4.404569
v -7.905283 1.867007 6.169343
v -9.569543 1.950903 2.148913
v -9.103231 3.598950 2.044199
v -9.285295 3.670929 2.085083
v -9.760934 1.989921 2.191891
v -8.940226 3.368899 2.953452
v -9.344632 3.368899 1.152550
v -9.531525 3.436277 1.175601
v -9.119031 3.436277 3.012521
v -9.016038 3.136817 2.978497
v -9.423873 3.136817 1.162324
v -9.612350 3.199554 1.185570
v -9.196358 3.199554 3.038066
v -9.119558 2.785197 3.012695
v -9.532076 2.785197 1.175669
v -9.722718 2.840901 1.199183
v -9.301950 2.840901 3.072949
v -9.181714 2.548657 3.033229
v -9.597044 2.548657 1.183682
v -9.788984 2.599630 1.207356
v -9.365348 2.599630 3.093893
v -9.238339 2.310581 3.051935
v -9.656230 2.310581 1.190982
v -9.849355 2.356793 1.214802
v -9.423106 2.356793 3.112974
v -9.734093 1.950903 -1.200586
v -9.259763 3.598950 -1.142083
v -9.444958 3.670929 -1.164924
v -9.928775 1.989921 -1.224598
v -9.453225 3.253103 -0.232064
v -9.492996 2.310581 -2.131724
v -9.682856 2.356793 -2.174358
v -9.642290 3.318165 -0.236705
v -8.760612 1.950903 -4.409722
v -8.333718 3.598950 -4.194841
v -8.500393 3.670929 -4.278738
v -8.935825 1.989921 -4.497916
v -8.784538 3.368899 -3.388570
v -8.410100 3.368899 -4.233289
v -8.578302 3.436277 -4.317955
v -8.960229 3.436277 -3.456342
v -8.894277 3.020059 -3.430901
v -8.515161 3.020059 -4.286172
v -8.685464 3.080461 -4.371895
v -9.072162 3.080461 -3.499519
v -8.991961 2.667128 -3.468582
v -8.608682 2.667128 -4.333246
v -8.780856 2.720470 -4.419911
v -9.171801 2.720470 -3.537954
v -9.077460 2.310581 -3.501563
v -8.690536 2.310581 -4.374448
v -8.864347 2.356793 -4.461937
v -9.259009 2.356793 -3.571594
v -6.762912 1.950903 -7.103309
v -6.433364 3.598950 -6.757173
v -6.562031 3.670929 -6.892317
v -6.898170 1.989921 -7.245375
v -6.995698 3.826834 -6.034530
v -5.887399 2.902847 -7.544005
v -6.005147 2.960904 -7.694885
v -7.135612 3.903371 -6.155221
v -7.064704 3.598950 -6.094056
v -5.929455 2.667128 -7.597894
v -6.048044 2.720470 -7.749852
v -7.205998 3.670929 -6.215937
v -7.160222 3.253103 -6.176450
v -5.985834 2.310581 -7.670137
v -6.105551 2.356793 -7.823540
v -7.303427 3.318165 -6.299979
v -7.218518 3.020059 -6.226736
v -6.018918 2.071114 -7.712530
v -6.139296 2.112536 -7.866781
v -7.362888 3.080461 -6.351271
v -7.272465 2.785197 -6.273271
v -6.048376 1.830399 -7.750277
v -6.169343 1.867007 -7.905283
v -7.417914 2.840901 -6.398737
v -3.974547 1.950903 -8.966435
v -3.780872 3.598950 -8.529511
v -3.856490 3.670929 -8.700101
v -4.054038 1.989921 -9.145763
v -4.750435 2.667128 -8.385690
v -2.926628 3.598950 -8.859030
v -2.985161 3.670929 -9.036210
v -4.845444 2.720470 -8.553404
v -4.822109 2.071114 -8.512212
v -2.990347 3.020059 -9.051910
v -3.050154 3.080461 -9.232948
v -4.918551 2.112536 -8.682456
v -0.721510 1.950903 -9.781278
v -0.686352 3.598950 -9.304648
v -0.700079 3.670929 -9.490741
v -0.735941 1.989921 -9.976904
v -0.698516 3.136817 -9.469554
v 0.233026 3.136817 -9.492422
v 0.237686 3.199554 -9.682270
v -0.712487 3.199554 -9.658945
v -0.711352 2.548657 -9.643564
v 0.237308 2.548657 -9.666852
v 0.242054 2.599630 -9.860189
v -0.725579 2.599630 -9.836435
v 2.615879 1.950903 -9.452574
v 2.488411 3.598950 -8.991961
v 2.538179 3.670929 -9.171801
v 2.668197 1.989921 -9.641625
v 1.641970 2.785197 -9.462907
v 3.341647 3.713172 -8.662895
v 3.408480 3.787435 -8.836153
v 1.674810 2.840901 -9.652165
v 1.663357 2.310581 -9.586160
v 3.403194 3.253103 -8.822448
v 3.471258 3.318165 -8.998897
v 1.696624 2.356793 -9.777883
v 1.676769 1.950903 -9.663458
v 3.443981 2.902847 -8.928184
v 3.512860 2.960904 -9.106748
v 1.710304 1.989921 -9.856727
v 5.647442 1.950903 -8.018752
v 5.372249 3.598950 -7.628007
v 5.479694 3.670929 -7.780568
v 5.760391 1.989921 -8.179127
v 4.640854 3.368899 -8.192252
v 6.149910 3.368899 -7.129455
v 6.272908 3.436277 -7.272044
v 4.733671 3.436277 -8.356097
v 4.698828 3.020059 -8.294592
v 6.226736 3.020059 -7.218518
v 6.351271 3.080461 -7.362888
v 4.792805 3.080461 -8.460484
v 4.750435 2.667128 -8.385690
v 6.295124 2.667128 -7.297798
v 6.421026 2.720470 -7.443754
v 4.845444 2.720470 -8.553404
v 4.795603 2.310581 -8.465424
v 6.354980 2.310581 -7.367187
v 6.482079 2.356793 -7.514531
v 4.891516 2.356793 -8.634732
v 8.018752 1.950903 -5.647442
v 7.628007 3.598950 -5.372249
v 7.780568 3.670929 -5.479694
v 8.179127 1.989921 -5.760391
v 7.697921 3.368899 -5.421488
v 8.192252 3.368899 -4.640854
v 8.356097 3.436277 -4.733671
v 7.851880 3.436277 -5.529918
v 7.794085 3.020059 -5.489214
v 8.294592 3.020059 -4.698828
v 8.460484 3.080461 -4.792805
v 7.949967 3.080461 -5.598999
v 7.879687 2.667128 -5.549502
v 8.385690 2.667128 -4.750435
v 8.553404 2.720470 -4.845444
v 8.037280 2.720470 -5.660492
v 7.954609 2.310581 -5.602268
v 8.465424 2.310581 -4.795603
v 8.634732 2.356793 -4.891516
v 8.113701 2.356793 -5.714313
v 9.452574 1.950903 -2.615879
v 8.991961 3.598950 -2.488411
v 9.171801 3.670929 -2.538179
v 9.641625 1.989921 -2.668197
v 8.960748 2.785197 -3.456542
v 9.256399 2.785197 -2.561591
v 9.441527 2.840901 -2.612823
v 9.139963 2.840901 -3.525673
v 9.849809 0.245412 1.709104
v 9.663458 1.950903 1.676769
v 9.856727 1.989921 1.710304
v 10.046805 0.250321 1.743286
v 9.826080 1.709619 0.724815
v 9.707720 1.709619 1.684449
v 9.901875 1.743811 1.718138
v 10.022601 1.743811 0.739312
v 9.864963 1.467305 0.727683
v 9.746135 1.467305 1.691115
v 9.941058 1.496651 1.724937
v 10.062262 1.496651 0.742237
v 9.912139 1.102222 0.731163
v 9.792743 1.102222 1.699202
v 9.988598 1.124267 1.733186
v 10.110382 1.124267 0.745787
v 9.936131 0.857973 0.732933
v 9.816445 0.857973 1.703315
v 10.012774 0.875133 1.737381
v 10.134853 0.875133 0.747592
v 9.954137 0.613207 0.734261
v 9.834235 0.613207 1.706402
v 10.030919 0.625472 1.740530
v 10.153219 0.625472 0.748946
v 8.698249 0.245412 4.927497
v 8.533685 1.950903 4.834273
v 8.704359 1.989921 4.930958
v 8.872214 0.250321 5.026047
v 9.007504 1.709619 3.992752
v 8.572773 1.709619 4.856416
v 8.744228 1.743811 4.953544
v 9.187654 1.743811 4.072607
v 9.043148 1.467305 4.008552
v 8.606696 1.467305 4.875633
v 8.778830 1.496651 4.973146
v 9.224011 1.496651 4.088723
v 9.086394 1.102222 4.027722
v 8.647855 1.102222 4.898949
v 8.820812 1.124267 4.996928
v 9.268122 1.124267 4.108276
v 9.108387 0.857973 4.037470
v 8.668786 0.857973 4.910807
v 8.842162 0.875133 5.009023
v 9.290555 0.875133 4.118220
v 9.124893 0.613207 4.044787
v 8.684496 0.613207 4.919706
v 8.858186 0.625472 5.018100
v 9.307391 0.625472 4.125683
v 6.529761 0.245412 7.569808
v 6.406223 1.950903 7.426593
v 6.534348 1.989921 7.575125
v 6.660356 0.250321 7.721204
v 7.198342 1.102222 6.853392
v 5.722998 1.102222 8.126032
v 5.837458 1.124267 8.288553
v 7.342309 1.124267 6.990459
v 3.597866 0.245412 9.327118
v 3.529798 1.950903 9.150656
v 3.600393 1.989921 9.333669
v 3.669824 0.250321 9.513660
v 3.545965 1.709619 9.192569
v 2.627861 1.709619 9.495870
v 2.680418 1.743811 9.685788
v 3.616885 1.743811 9.376421
v 3.559997 1.467305 9.228946
v 2.638260 1.467305 9.533446
v 2.691025 1.496651 9.724115
v 3.631197 1.496651 9.413525
v 3.577022 1.102222 9.273080
v 2.650877 1.102222 9.579037
v 2.703894 1.124267 9.770618
v 3.648562 1.124267 9.458542
v 3.585680 0.857973 9.295525
v 2.657293 0.857973 9.602222
v 2.710439 0.875133 9.794267
v 3.657393 0.875133 9.481435
v 3.592178 0.613207 9.312370
v 2.662108 0.613207 9.619623
v 2.715351 0.625472 9.812016
v 3.664021 0.625472 9.498618
v 0.245338 0.245412 9.993977
v 0.240697 1.950903 9.804899
v 0.245511 1.989921 10.000997
v 0.250245 0.250321 10.193857
v 1.208562 1.588581 9.798765
v -0.734261 0.613207 9.954137
v -0.748946 0.625472 10.153219
v 1.232734 1.620353 9.994740
v -3.135873 0.245412 9.492422
v -3.076544 1.950903 9.312833
v -3.138075 1.989921 9.499089
v -3.198590 0.250321 9.682270
v -2.163190 1.588581 9.633121
v -4.044787 0.613207 9.124893
v -4.125683 0.625472 9.307391
v -2.206453 1.620353 9.825783
v -6.150463 0.245412 7.881090
v -6.034101 1.950903 7.731986
v -6.154783 1.989921 7.886625
v -6.273472 0.250321 8.038712
v -5.317379 1.102222 8.397058
v -6.114830 1.102222 7.835430
v -6.237126 1.124267 7.992139
v -5.423726 1.124267 8.565000
v -8.445991 0.245412 5.348365
v -8.286199 1.950903 5.247178
v -8.451923 1.989921 5.352121
v -8.614911 0.250321 5.455332
v -7.798138 1.467305 6.085726
v -8.835565 1.467305 4.447450
v -9.012276 1.496651 4.536399
v -7.954100 1.496651 6.207441
v -7.854395 0.857973 6.129630
v -8.899306 0.857973 4.479534
v -9.077292 0.875133 4.569125
v -8.011483 0.875133 6.252223
v -9.754083 0.245412 2.190353
v -9.569543 1.950903 2.148913
v -9.760934 1.989921 2.191891
v -9.949164 0.250321 2.234160
v -9.355489 1.709619 3.090636
v -9.613375 1.709619 2.158756
v -9.805642 1.743811 2.201931
v -9.542599 1.743811 3.152449
v -9.408900 1.345807 3.108281
v -9.668258 1.345807 2.171080
v -9.861623 1.372723 2.214502
v -9.597078 1.372723 3.170446
v -9.449559 0.980171 3.121713
v -9.710039 0.980171 2.180462
v -9.904239 0.999775 2.224071
v -9.638551 0.999775 3.184147
v -9.477413 0.613207 3.130914
v -9.738660 0.613207 2.186889
v -9.933433 0.625472 2.230627
v -9.666961 0.625472 3.193533
v -9.921806 0.245412 -1.223738
v -9.734093 1.950903 -1.200586
v -9.928775 1.989921 -1.224598
v -10.120242 0.250321 -1.248213
v -9.778679 1.709619 -1.206085
v -9.613375 1.709619 -2.158756
v -9.805642 1.743811 -2.201931
v -9.974253 1.743811 -1.230207
v -9.834506 1.345807 -1.212971
v -9.668258 1.345807 -2.171080
v -9.861623 1.372723 -2.214502
v -10.031196 1.372723 -1.237230
v -9.877005 0.980171 -1.218212
v -9.710039 0.980171 -2.180462
v -9.904239 0.999775 -2.224071
v -10.074545 0.999775 -1.242577
v -9.906118 0.613207 -1.221803
v -9.738660 0.613207 -2.186889
v -9.933433 0.625472 -2.230627
v -10.104240 0.625472 -1.246239
v -8.929553 0.245412 -4.494759
v -8.760612 1.950903 -4.409722
v -8.935825 1.989921 -4.497916
v -9.108144 0.250321 -4.584654
v -9.192569 1.709619 -3.545965
v -8.324153 1.709619 -5.271212
v -8.490636 1.743811 -5.376636
v -9.376421 1.743811 -3.616885
v -9.245050 1.345807 -3.566209
v -8.371676 1.345807 -5.301306
v -8.539110 1.372723 -5.407332
v -9.429951 1.372723 -3.637534
v -9.285002 0.980171 -3.581620
v -8.407854 0.980171 -5.324215
v -8.576011 0.999775 -5.430699
v -9.470702 0.999775 -3.653253
v -9.312370 0.613207 -3.592178
v -8.432636 0.613207 -5.339908
v -8.601289 0.625472 -5.446706
v -9.498618 0.625472 -3.664021
v -6.893329 0.245412 -7.240290
v -6.762912 1.950903 -7.103309
v -6.898170 1.989921 -7.245375
v -7.031195 0.250321 -7.385095
v -7.490132 1.467305 -6.461032
v -6.820773 1.467305 -7.164082
v -6.957189 1.496651 -7.307364
v -7.639935 1.496651 -6.590253
v -7.544167 0.857973 -6.507643
v -6.869979 0.857973 -7.215765
v -7.007379 0.875133 -7.360080
v -7.695051 0.875133 -6.637796
v -4.051193 0.245412 -9.139344
v -3.974547 1.950903 -8.966435
v -4.054038 1.989921 -9.145763
v -4.132216 0.250321 -9.322131
v -4.027722 1.102222 -9.086394
v -3.117705 1.102222 -9.437427
v -3.180059 1.124267 -9.626175
v -4.108276 1.124267 -9.268122
v -0.735424 0.245412 -9.969901
v -0.721510 1.950903 -9.781278
v -0.735941 1.989921 -9.976904
v -0.750133 0.250321 -10.169299
v -1.691115 1.467305 -9.746135
v 0.242756 1.467305 -9.888786
v 0.247611 1.496651 -10.086562
v -1.724937 1.496651 -9.941058
v -1.703315 0.857973 -9.816445
v 0.244507 0.857973 -9.960125
v 0.249398 0.875133 -10.159328
v -1.737381 0.875133 -10.012774
v 2.666324 0.245412 -9.634858
v 2.615879 1.950903 -9.452574
v 2.668197 1.989921 -9.641625
v 2.719651 0.250321 -9.827555
v 1.672550 2.071114 -9.639142
v 3.577022 1.102222 -9.273080
v 3.648562 1.124267 -9.458542
v 1.706001 2.112536 -9.831925
v 1.687909 1.588581 -9.727660
v 3.592178 0.613207 -9.312370
v 3.664021 0.625472 -9.498618
v 1.721667 1.620353 -9.922213
v 1.696762 1.224107 -9.778679
v 3.597866 0.245412 -9.327118
v 3.669824 0.250321 -9.513660
v 1.730697 1.248589 -9.974253
v 5.756348 0.245412 -8.173386
v 5.647442 1.950903 -8.018752
v 5.760391 1.989921 -8.179127
v 5.871475 0.250321 -8.336853
v 4.898949 1.102222 -8.647855
v 6.491930 1.102222 -7.525952
v 6.621769 1.124267 -7.676471
v 4.996928 1.124267 -8.820812
v 8.173386 0.245412 -5.756348
v 8.018752 1.950903 -5.647442
v 8.179127 1.989921 -5.760391
v 8.336853 0.250321 -5.871475
v 7.515143 1.224107 -6.482607
v 8.489457 2.191012 -4.809218
v 8.659246 2.234833 -4.905403
v 7.665446 1.248589 -6.612259
v 7.535627 0.980171 -6.500276
v 8.533685 1.950903 -4.834273
v 8.704359 1.989921 -4.930958
v 7.686339 0.999775 -6.630282
v 7.557839 0.613207 -6.519436
v 8.590381 1.588581 -4.866391
v 8.762189 1.620353 -4.963719
v 7.708995 0.625472 -6.649825
v 7.566958 0.368072 -6.527302
v 8.621715 1.345807 -4.884141
v 8.794149 1.372723 -4.981824
v 7.718297 0.375434 -6.657848
v 7.571518 0.122715 -6.531237
v 8.647855 1.102222 -4.898949
v 8.820812 1.124267 -4.996928
v 7.722949 0.125170 -6.661861
v 9.634858 0.245412 -2.666324
v 9.452574 1.950903 -2.615879
v 9.641625 1.989921 -2.668197
v 9.827555 0.250321 -2.719651
v 9.259763 1.224107 -3.571885
v 9.613375 2.191012 -1.668079
v 9.805642 2.234833 -1.701440
v 9.444958 1.248589 -3.643322
v 9.285002 0.980171 -3.581620
v 9.663458 1.950903 -1.676769
v 9.856727 1.989921 -1.710304
v 9.470702 0.999775 -3.653253
v 9.312370 0.613207 -3.592178
v 9.727660 1.588581 -1.687909
v 9.922213 1.620353 -1.721667
v 9.498618 0.625472 -3.664021
v 9.323606 0.368072 -3.596512
v 9.763142 1.345807 -1.694066
v 9.958405 1.372723 -1.727947
v 9.510078 0.375434 -3.668442
v 9.329225 0.122715 -3.598679
v 9.792743 1.102222 -1.699202
v 9.988598 1.124267 -1.733186
v 9.515810 0.125170 -3.670653
v 9.746135 -1.467305 1.691115
v 9.849809 0.245412 1.709104
v 10.046805 0.250321 1.743286
v 9.941058 -1.496651 1.724937
v 9.960892 0.490677 0.734760
v 9.626152 -0.490677 2.663915
v 9.818675 -0.500490 2.717193
v 10.160110 0.500490 0.749455
v 9.972154 0.122715 0.735590
v 9.602222 -0.857973 2.657293
v 9.794267 -0.875133 2.710439
v 10.171597 0.125170 0.750302
v 9.969901 -0.245412 0.735424
v 9.565280 -1.224107 2.647070
v 9.756586 -1.248589 2.700011
v 10.169299 -0.250321 0.750133
v 9.954137 -0.613207 0.734261
v 9.515375 -1.588581 2.633259
v 9.705682 -1.620353 2.685924
v 10.153219 -0.625472 0.748946
v 8.606696 -1.467305 4.875633
v 8.698249 0.245412 4.927497
v 8.872214 0.250321 5.026047
v 8.778830 -1.496651 4.973146
v 9.131086 0.490677 4.047532
v 8.166000 -0.490677 5.751146
v 8.329320 -0.500490 5.866169
v 9.313707 0.500490 4.128482
v 9.139344 0.245412 4.051193
v 8.153695 -0.735646 5.742480
v 8.316769 -0.750359 5.857330
v 9.322131 0.250321 4.132216
v 9.141409 -0.122715 4.052108
v 8.126032 -1.102222 5.722998
v 8.288553 -1.124267 5.837458
v 9.324237 -0.125170 4.133150
v 9.135903 -0.368072 4.049667
v 8.101469 -1.345807 5.705699
v 8.263499 -1.372723 5.819813
v 9.318621 -0.375434 4.130661
v 9.124893 -0.613207 4.044787
v 8.072026 -1.588581 5.684962
v 8.233467 -1.620353 5.798662
v 9.307391 -0.625472 4.125683
v 6.461032 -1.467305 7.490132
v 6.529761 0.245412 7.569808
v 6.660356 0.250321 7.721204
v 6.590253 -1.496651 7.639935
v 6.531728 0.000000 7.572088
v 5.758082 0.000000 8.175848
v 5.873244 0.000000 8.339365
v 6.662363 0.000000 7.723530
v 6.527302 -0.368072 7.566958
v 5.754180 -0.368072 8.170308
v 5.869264 -0.375434 8.333714
v 6.657848 -0.375434 7.718297
v 6.514030 -0.735646 7.551572
v 5.742480 -0.735646 8.153695
v 5.857330 -0.750359 8.316769
v 6.644311 -0.750359 7.702603
v 6.491930 -1.102222 7.525952
v 5.722998 -1.102222 8.126032
v 5.837458 -1.124267 8.288553
v 6.621769 -1.124267 7.676471
v 3.559997 -1.467305 9.228946
v 3.597866 0.245412 9.327118
v 3.669824 0.250321 9.513660
v 3.631197 -1.496651 9.413525
v 4.487652 -0.613207 8.915434
v 2.662108 -0.613207 9.619623
v 2.715351 -0.625472 9.812016
v 4.577405 -0.625472 9.093742
v 0.242756 -1.467305 9.888786
v 0.245338 0.245412 9.993977
v 0.250245 0.250321 10.193857
v 0.247611 -1.496651 10.086562
v 0.245412 0.000000 9.996988
v -0.735646 0.000000 9.972905
v -0.750359 0.000000 10.172363
v 0.250321 0.000000 10.196928
v 0.245338 -0.245412 9.993977
v -0.735424 -0.245412 9.969901
v -0.750133 -0.250321 10.169299
v 0.250245 -0.250321 10.193857
v 0.244950 -0.613207 9.978175
v -0.734261 -0.613207 9.954137
v -0.748946 -0.625472 10.153219
v 0.249849 -0.625472 10.177738
v 0.244507 -0.857973 9.960125
v -0.732933 -0.857973 9.936131
v -0.747592 -0.875133 10.134853
v 0.249398 -0.875133 10.159328
v 0.243917 -1.102222 9.936076
v -0.731163 -1.102222 9.912139
v -0.745787 -1.124267 10.110382
v 0.248795 -1.124267 10.134798
v -3.102866 -1.467305 9.392510
v -3.135873 0.245412 9.492422
v -3.198590 0.250321 9.682270
v -3.164923 -1.496651 9.580360
v -2.186889 -0.613207 9.738660
v -4.049667 0.368072 9.135903
v -4.130661 0.375434 9.318621
v -2.230627 -0.625472 9.933433
v -2.177662 -1.102222 9.697571
v -4.052108 -0.122715 9.141409
v -4.133150 -0.125170 9.324237
v -2.221216 -1.124267 9.891523
v -2.167298 -1.467305 9.651416
v -4.047532 -0.490677 9.131086
v -4.128482 -0.500490 9.313707
v -2.210644 -1.496651 9.844445
v -6.085726 -1.467305 7.798138
v -6.150463 0.245412 7.881090
v -6.273472 0.250321 8.038712
v -6.207441 -1.496651 7.954100
v -5.335480 -0.735646 8.425644
v -6.893329 0.245412 7.240290
v -7.031195 0.250321 7.385095
v -5.442190 -0.750359 8.594157
v -5.301306 -1.345807 8.371676
v -6.890733 -0.368072 7.237563
v -7.028548 -0.375434 7.382314
v -5.407332 -1.372723 8.539110
v -8.357093 -1.467305 5.292071
v -8.445991 0.245412 5.348365
v -8.614911 0.250321 5.455332
v -8.524235 -1.496651 5.397912
v -7.868628 -0.613207 6.140738
v -8.915434 -0.613207 4.487652
v -9.093742 -0.625472 4.577405
v -8.026001 -0.625472 6.263553
v -9.651416 -1.467305 2.167298
v -9.754083 0.245412 2.190353
v -9.949164 0.250321 2.234160
v -9.844445 -1.496651 2.210644
v -9.477413 -0.613207 3.130914
v -9.738660 -0.613207 2.186889
v -9.933433 -0.625472 2.230627
v -9.666961 -0.625472 3.193533
v -9.817374 -1.467305 -1.210858
v -9.921806 0.245412 -1.223738
v -10.120242 0.250321 -1.248213
v -10.013722 -1.496651 -1.235075
v -9.921806 -0.245412 -1.223738
v -9.754083 -0.245412 -2.190353
v -9.949164 -0.250321 -2.234160
v -10.120242 -0.250321 -1.248213
v -9.888199 -0.857973 -1.219593
v -9.721043 -0.857973 -2.182933
v -9.915464 -0.875133 -2.226592
v -10.085963 -0.875133 -1.243985
v -8.835565 -1.467305 -4.447450
v -8.929553 0.245412 -4.494759
v -9.108144 0.250321 -4.584654
v -9.012276 -1.496651 -4.536399
v -9.329225 -0.122715 -3.598679
v -8.447899 -0.122715 -5.349573
v -8.616857 -0.125170 -5.456565
v -9.515810 -0.125170 -3.670653
v -9.312370 -0.613207 -3.592178
v -8.432636 -0.613207 -5.339908
v -8.601289 -0.625472 -5.446706
v -9.498618 -0.625472 -3.664021
v -9.285002 -0.980171 -3.581620
v -8.407854 -0.980171 -5.324215
v -8.576011 -0.999775 -5.430699
v -9.470702 -0.999775 -3.653253
v -6.820773 -1.467305 -7.164082
v -6.893329 0.245412 -7.240290
v -7.031195 0.250321 -7.385095
v -6.957189 -1.496651 -7.307364
v -7.557839 -0.613207 -6.519436
v -6.882429 -0.613207 -7.228841
v -7.020078 -0.625472 -7.373418
v -7.708995 -0.625472 -6.649825
v -4.008552 -1.467305 -9.043148
v -4.051193 0.245412 -9.139344
v -4.132216 0.250321 -9.322131
v -4.088723 -1.496651 -9.224011
v -4.928611 -0.122715 -8.700215
v -3.136581 -0.122715 -9.494567
v -3.199313 -0.125170 -9.684458
v -5.027183 -0.125170 -8.874219
v -4.919706 -0.613207 -8.684496
v -3.130914 -0.613207 -9.477413
v -3.193533 -0.625472 -9.666961
v -5.018100 -0.625472 -8.858186
v -4.905248 -0.980171 -8.658973
v -3.121713 -0.980171 -9.449559
v -3.184147 -0.999775 -9.638551
v -5.003352 -0.999775 -8.832152
v -0.727683 -1.467305 -9.864963
v -0.735424 0.245412 -9.969901
v -0.750133 0.250321 -10.169299
v -0.742237 -1.496651 -10.062262
v -1.709490 -0.122715 -9.852035
v 0.243917 -1.102222 -9.936076
v 0.248795 -1.124267 -10.134798
v -1.743680 -0.125170 -10.049075
v 2.638260 -1.467305 -9.533446
v 2.666324 0.245412 -9.634858
v 2.719651 0.250321 -9.827555
v 2.691025 -1.496651 -9.724115
v 1.709619 0.000000 -9.852776
v 2.667128 0.000000 -9.637761
v 2.720470 0.000000 -9.830516
v 1.743811 0.000000 -10.049832
v 1.708460 -0.368072 -9.846100
v 2.665320 -0.368072 -9.631230
v 2.718627 -0.375434 -9.823855
v 1.742630 -0.375434 -10.043022
v 1.704987 -0.735646 -9.826080
v 2.659901 -0.735646 -9.611647
v 2.713099 -0.750359 -9.803880
v 1.739086 -0.750359 -10.022601
v 1.699202 -1.102222 -9.792743
v 2.650877 -1.102222 -9.579037
v 2.703894 -1.124267 -9.770618
v 1.733186 -1.124267 -9.988598
v 5.695759 -1.467305 -8.087357
v 5.756348 0.245412 -8.173386
v 5.871475 0.250321 -8.336853
v 5.809675 -1.496651 -8.249104
v 4.923045 0.490677 -8.690389
v 6.523861 -0.490677 -7.562968
v 6.654338 -0.500490 -7.714227
v 5.021506 0.500490 -8.864197
v 4.928611 0.122715 -8.700215
v 6.507643 -0.857973 -7.544167
v 6.637796 -0.875133 -7.695051
v 5.027183 0.125170 -8.874219
v 4.927497 -0.245412 -8.698249
v 6.482607 -1.224107 -7.515143
v 6.612259 -1.248589 -7.665446
v 5.026047 -0.250321 -8.872214
v 4.919706 -0.613207 -8.684496
v 6.448785 -1.588581 -7.475934
v 6.577760 -1.620353 -7.625452
v 5.018100 -0.625472 -8.858186
v 8.087357 -1.467305 -5.695759
v 8.173386 0.245412 -5.756348
v 8.336853 0.250321 -5.871475
v 8.249104 -1.496651 -5.809675
v 8.175848 0.000000 -5.758082
v 8.700870 0.000000 -4.928982
v 8.874887 0.000000 -5.027562
v 8.339365 0.000000 -5.873244
v 8.173386 -0.245412 -5.756348
v 8.698249 -0.245412 -4.927497
v 8.872214 -0.250321 -5.026047
v 8.336853 -0.250321 -5.871475
v 8.160462 -0.613207 -5.747246
v 8.684496 -0.613207 -4.919706
v 8.858186 -0.625472 -5.018100
v 8.323671 -0.625472 -5.862191
v 8.145701 -0.857973 -5.736850
v 8.668786 -0.857973 -4.910807
v 8.842162 -0.875133 -5.009023
v 8.308615 -0.875133 -5.851587
v 8.126032 -1.102222 -5.722998
v 8.647855 -1.102222 -4.898949
v 8.820812 -1.124267 -4.996928
v 8.288553 -1.124267 -5.837458
v 9.533446 -1.467305 -2.638260
v 9.634858 0.245412 -2.666324
v 9.827555 0.250321 -2.719651
v 9.724115 -1.496651 -2.691025
v 9.304648 -0.735646 -3.589199
v 9.849809 0.245412 -1.709104
v 10.046805 0.250321 -1.743286
v 9.490741 -0.750359 -3.660983
v 9.245050 -1.345807 -3.566209
v 9.846100 -0.368072 -1.708460
v 10.043022 -0.375434 -1.742630
v 9.429951 -1.372723 -3.637534
v 9.355489 -3.136817 1.623331
v 9.746135 -1.467305 1.691115
v 9.941058 -1.496651 1.724937
v 9.542599 -3.199554 1.655798
v 9.882177 -1.345807 0.728953
v 9.376962 -2.310581 2.594955
v 9.564502 -2.356793 2.646854
v 10.079821 -1.372723 0.743532
v 9.804417 -1.830399 0.723217
v 9.256399 -2.785197 2.561591
v 9.441527 -2.840901 2.612823
v 10.000506 -1.867007 0.737682
v 9.730584 -2.191012 0.717771
v 9.151325 -3.136817 2.532513
v 9.334352 -3.199554 2.583163
v 9.925196 -2.234833 0.732126
v 8.261721 -3.136817 4.680207
v 8.606696 -1.467305 4.875633
v 8.778830 -1.496651 4.973146
v 8.426956 -3.199554 4.773811
v 9.007504 -1.709619 3.992752
v 8.572773 -1.709619 4.856416
v 8.744228 -1.743811 4.953544
v 9.187654 -1.743811 4.072607
v 8.943873 -2.071114 3.964546
v 8.512212 -2.071114 4.822109
v 8.682456 -2.112536 4.918551
v 9.122750 -2.112536 4.043837
v 8.868120 -2.429802 3.930967
v 8.440116 -2.429802 4.781267
v 8.608918 -2.478398 4.876892
v 9.045483 -2.478398 4.009587
v 8.780350 -2.785197 3.892061
v 8.356581 -2.785197 4.733945
v 8.523713 -2.840901 4.828624
v 8.955956 -2.840901 3.969902
v 6.202060 -3.136817 7.189911
v 6.461032 -1.467305 7.490132
v 6.590253 -1.496651 7.639935
v 6.326101 -3.199554 7.333710
v 7.066494 -2.191012 6.727862
v 5.714778 -1.224107 8.114362
v 5.829074 -1.248589 8.276649
v 7.207824 -2.234833 6.862419
v 7.003299 -2.548657 6.667695
v 5.684962 -1.588581 8.072026
v 5.798662 -1.620353 8.233467
v 7.143365 -2.599630 6.801049
v 6.930612 -2.902847 6.598492
v 5.647442 -1.950903 8.018752
v 5.760391 -1.989921 8.179127
v 7.069225 -2.960904 6.730461
v 6.848533 -3.253103 6.520346
v 5.602268 -2.310581 7.954609
v 5.714313 -2.356793 8.113701
v 6.985504 -3.318165 6.650753
v 3.417305 -3.136817 8.859030
v 3.559997 -1.467305 9.228946
v 3.631197 -1.496651 9.413525
v 3.485651 -3.199554 9.036210
v 4.420154 -1.830399 8.781337
v 2.622068 -1.830399 9.474935
v 2.674509 -1.867007 9.664434
v 4.508557 -1.867007 8.956964
v 4.374448 -2.310581 8.690536
v 2.594955 -2.310581 9.376962
v 2.646854 -2.356793 9.564502
v 4.461937 -2.356793 8.864347
v 4.333246 -2.667128 8.608682
v 2.570514 -2.667128 9.288643
v 2.621924 -2.720470 9.474416
v 4.419911 -2.720470 8.780856
v 0.233026 -3.136817 9.492422
v 0.242756 -1.467305 9.888786
v 0.247611 -1.496651 10.086562
v 0.237686 -3.199554 9.682270
v 1.214901 -1.224107 9.850156
v -0.717771 -2.191012 9.730584
v -0.732126 -2.234833 9.925196
v 1.239199 -1.248589 10.047159
v 1.210858 -1.467305 9.817374
v -0.713599 -2.429802 9.674029
v -0.727871 -2.478398 9.867510
v 1.235075 -1.496651 10.013722
v 1.203426 -1.830399 9.757121
v -0.706537 -2.785197 9.578282
v -0.720667 -2.840901 9.769848
v 1.227495 -1.867007 9.952263
v 1.197565 -2.071114 9.709600
v -0.701295 -3.020059 9.507230
v -0.715321 -3.080461 9.697375
v 1.221516 -2.112536 9.903792
v 1.190982 -2.310581 9.656230
v -0.695632 -3.253103 9.430452
v -0.709545 -3.318165 9.619061
v 1.214802 -2.356793 9.849355
v -2.978497 -3.136817 9.016038
v -3.102866 -1.467305 9.392510
v -3.164923 -1.496651 9.580360
v -3.038066 -3.199554 9.196358
v -2.125351 -2.429802 9.464616
v -4.008552 -1.467305 9.043148
v -4.088723 -1.496651 9.224011
v -2.167858 -2.478398 9.653908
v -2.088705 -3.020059 9.301427
v -3.964546 -2.071114 8.943873
v -4.043837 -2.112536 9.122750
v -2.130479 -3.080461 9.487456
v -5.841797 -3.136817 7.485571
v -6.085726 -1.467305 7.798138
v -6.207441 -1.496651 7.954100
v -5.958633 -3.199554 7.635283
v -5.259591 -1.830399 8.305802
v -6.048376 -1.830399 7.750277
v -6.169343 -1.867007 7.905283
v -5.364783 -1.867007 8.471918
v -5.205206 -2.310581 8.219918
v -5.985834 -2.310581 7.670137
v -6.105551 -2.356793 7.823540
v -5.309310 -2.356793 8.384316
v -5.156179 -2.667128 8.142496
v -5.929455 -2.667128 7.597894
v -6.048044 -2.720470 7.749852
v -5.259303 -2.720470 8.305346
v -8.022123 -3.136817 5.079953
v -8.357093 -1.467305 5.292071
v -8.524235 -1.496651 5.397912
v -8.182565 -3.199554 5.181552
v -7.811746 -1.345807 6.096346
v -8.690536 -2.310581 4.374448
v -8.864347 -2.356793 4.461937
v -7.967980 -1.372723 6.218273
v -7.750277 -1.830399 6.048376
v -8.578799 -2.785197 4.318204
v -8.750375 -2.840901 4.404569
v -7.905283 -1.867007 6.169343
v -7.691913 -2.191012 6.002828
v -8.481416 -3.136817 4.269186
v -8.651045 -3.199554 4.354570
v -7.845751 -2.234833 6.122884
v -9.264567 -3.136817 2.080428
v -9.651416 -1.467305 2.167298
v -9.844445 -1.496651 2.210644
v -9.449858 -3.199554 2.122037
v -9.423873 -1.224107 3.113227
v -9.683644 -2.191012 1.194364
v -9.877317 -2.234833 1.218251
v -9.612350 -1.248589 3.175492
v -9.392510 -1.467305 3.102866
v -9.627362 -2.429802 1.187422
v -9.819909 -2.478398 1.211170
v -9.580360 -1.496651 3.164923
v -9.334864 -1.830399 3.083822
v -9.532076 -2.785197 1.175669
v -9.722718 -2.840901 1.199183
v -9.521561 -1.867007 3.145499
v -9.289399 -2.071114 3.068803
v -9.461367 -3.020059 1.166948
v -9.650595 -3.080461 1.190287
v -9.475187 -2.112536 3.130179
v -9.238339 -2.310581 3.051935
v -9.384959 -3.253103 1.157524
v -9.572658 -3.318165 1.180675
v -9.423106 -2.356793 3.112974
v -9.423873 -3.136817 -1.162324
v -9.817374 -1.467305 -1.210858
v -10.013722 -1.496651 -1.235075
v -9.612350 -3.199554 -1.185570
v -9.921806 -1.224107 -0.243567
v -9.519946 -2.191012 -2.137775
v -9.710345 -2.234833 -2.180531
v -10.120242 -1.248589 -0.248438
v -9.870041 -1.588581 -0.242296
v -9.434810 -2.548657 -2.118657
v -9.623506 -2.599630 -2.161031
v -10.067441 -1.620353 -0.247142
v -9.804899 -1.950903 -0.240697
v -9.336887 -2.902847 -2.096668
v -9.523625 -2.960904 -2.138602
v -10.000997 -1.989921 -0.245511
v -9.726469 -2.310581 -0.238771
v -9.226311 -3.253103 -2.071837
v -9.410837 -3.318165 -2.113274
v -9.920999 -2.356793 -0.243547
v -8.481416 -3.136817 -4.269186
v -8.835565 -1.467305 -4.447450
v -9.012276 -1.496651 -4.536399
v -8.651045 -3.199554 -4.354570
v -9.077460 -2.310581 -3.501563
v -8.219918 -2.310581 -5.205206
v -8.384316 -2.356793 -5.309310
v -9.259009 -2.356793 -3.571594
v -6.547382 -3.136817 -6.876930
v -6.820773 -1.467305 -7.164082
v -6.957189 -1.496651 -7.307364
v -6.678329 -3.199554 -7.014469
v -7.367187 -2.310581 -6.354980
v -5.985834 -2.310581 -7.670137
v -6.105551 -2.356793 -7.823540
v -7.514531 -2.356793 -6.482079
v -3.847880 -3.136817 -8.680679
v -4.008552 -1.467305 -9.043148
v -4.088723 -1.496651 -9.224011
v -3.924838 -3.199554 -8.854293
v -4.795603 -2.310581 -8.465424
v -3.051935 -2.310581 -9.238339
v -3.112974 -2.356793 -9.423106
v -4.891516 -2.356793 -8.634732
v -0.698516 -3.136817 -9.469554
v -0.727683 -1.467305 -9.864963
v -0.742237 -1.496651 -10.062262
v -0.712487 -3.199554 -9.658945
v -1.658384 -2.429802 -9.557501
v 0.242756 -1.467305 -9.888786
v 0.247611 -1.496651 -10.086562
v -1.691551 -2.478398 -9.748651
v -1.629790 -3.020059 -9.392711
v 0.240091 -2.071114 -9.780227
v 0.244893 -2.112536 -9.975832
v -1.662386 -3.080461 -9.580566
v 2.532513 -3.136817 -9.151325
v 2.638260 -1.467305 -9.533446
v 2.691025 -1.496651 -9.724115
v 2.583163 -3.199554 -9.334352
v 1.684449 -1.709619 -9.707720
v 2.627861 -1.709619 -9.495870
v 2.680418 -1.743811 -9.685788
v 1.718138 -1.743811 -9.901875
v 1.672550 -2.071114 -9.639142
v 2.609297 -2.071114 -9.428789
v 2.661483 -2.112536 -9.617364
v 1.706001 -2.112536 -9.831925
v 1.658384 -2.429802 -9.557501
v 2.587197 -2.429802 -9.348929
v 2.638941 -2.478398 -9.535908
v 1.691551 -2.478398 -9.748651
v 1.641970 -2.785197 -9.462907
v 2.561591 -2.785197 -9.256399
v 2.612823 -2.840901 -9.441527
v 1.674810 -2.840901 -9.652165
v 5.467461 -3.136817 -7.763198
v 5.695759 -1.467305 -8.087357
v 5.809675 -1.496651 -8.249104
v 5.576810 -3.199554 -7.918462
v 5.673309 -1.709619 -8.055480
v 6.435566 -1.709619 -7.460609
v 6.564277 -1.743811 -7.609822
v 5.786776 -1.743811 -8.216590
v 5.647442 -1.950903 -8.018752
v 6.406223 -1.950903 -7.426593
v 6.534348 -1.989921 -7.575125
v 5.760391 -1.989921 -8.179127
v 5.602268 -2.310581 -7.954609
v 6.354980 -2.310581 -7.367187
v 6.482079 -2.356793 -7.514531
v 5.714313 -2.356793 -8.113701
v 5.567930 -2.548657 -7.905853
v 6.316028 -2.548657 -7.322031
v 6.442348 -2.599630 -7.468472
v 5.679288 -2.599630 -8.063970
v 5.530238 -2.785197 -7.852334
v 6.273271 -2.785197 -7.272465
v 6.398737 -2.840901 -7.417914
v 5.640842 -2.840901 -8.009381
v 7.763198 -3.136817 -5.467461
v 8.087357 -1.467305 -5.695759
v 8.249104 -1.496651 -5.809675
v 7.918462 -3.199554 -5.576810
v 7.503202 -1.345807 -6.472307
v 8.465424 -2.310581 -4.795603
v 8.634732 -2.356793 -4.891516
v 7.653266 -1.372723 -6.601753
v 7.444162 -1.830399 -6.421378
v 8.356581 -2.785197 -4.733945
v 8.523713 -2.840901 -4.828624
v 7.593045 -1.867007 -6.549806
v 7.388103 -2.191012 -6.373021
v 8.261721 -3.136817 -4.680207
v 8.426956 -3.199554 -4.773811
v 7.535865 -2.234833 -6.500482
v 9.151325 -3.136817 -2.532513
v 9.533446 -1.467305 -2.638260
v 9.724115 -1.496651 -2.691025
v 9.334352 -3.199554 -2.583163
v 9.192569 -1.709619 -3.545965
v 9.495870 -1.709619 -2.627861
v 9.685788 -1.743811 -2.680418
v 9.376421 -1.743811 -3.616885
v 9.127631 -2.071114 -3.520916
v 9.428789 -2.071114 -2.609297
v 9.617364 -2.112536 -2.661483
v 9.310183 -2.112536 -3.591334
v 9.050322 -2.429802 -3.491094
v 9.348929 -2.429802 -2.587197
v 9.535908 -2.478398 -2.638941
v 9.231328 -2.478398 -3.560916
v 8.960748 -2.785197 -3.456542
v 9.256399 -2.785197 -2.561591
v 9.441527 -2.840901 -2.612823
v 9.139963 -2.840901 -3.525673
v 8.689373 -4.713967 1.507749
v 9.355489 -3.136817 1.623331
v 9.542599 -3.199554 1.655798
v 8.863161 -4.808247 1.537904
v 9.276823 -3.368899 1.609682
v 9.074376 -3.368899 2.511218
v 9.255864 -3.436277 2.561443
v 9.462360 -3.436277 1.641875
v 9.192569 -3.598950 1.595062
v 8.991961 -3.598950 2.488411
v 9.171801 -3.670929 2.538179
v 9.376421 -3.670929 1.626963
v 9.055823 -3.939920 1.571334
v 8.858199 -3.939920 2.451394
v 9.035363 -4.018719 2.500422
v 9.236940 -4.018719 1.602761
v 8.957829 -4.164296 1.554331
v 8.762343 -4.164296 2.424867
v 8.937590 -4.247582 2.473364
v 9.136985 -4.247582 1.585417
v 8.854439 -4.386162 1.536391
v 8.661209 -4.386162 2.396879
v 8.834434 -4.473886 2.444817
v 9.031527 -4.473886 1.567119
v 7.673482 -4.713967 4.346974
v 8.261721 -3.136817 4.680207
v 8.426956 -3.199554 4.773811
v 7.826952 -4.808247 4.433913
v 8.192252 -3.368899 4.640854
v 7.697921 -3.368899 5.421488
v 7.851880 -3.436277 5.529918
v 8.356097 -3.436277 4.733671
v 8.117849 -3.598950 4.598705
v 7.628007 -3.598950 5.372249
v 7.780568 -3.670929 5.479694
v 8.280206 -3.670929 4.690679
v 7.997090 -3.939920 4.530296
v 7.514535 -3.939920 5.292333
v 7.664826 -4.018719 5.398180
v 8.157032 -4.018719 4.620901
v 7.910552 -4.164296 4.481273
v 7.433219 -4.164296 5.235064
v 7.581884 -4.247582 5.339765
v 8.068763 -4.247582 4.570898
v 7.819250 -4.386162 4.429550
v 7.347426 -4.386162 5.174641
v 7.494374 -4.473886 5.278134
v 7.975635 -4.473886 4.518141
v 5.760470 -4.713967 6.677986
v 6.202060 -3.136817 7.189911
v 6.326101 -3.199554 7.333710
v 5.875680 -4.808247 6.811546
v 6.788650 -3.484187 6.463333
v 5.397275 -3.484187 7.663541
v 5.505220 -3.553871 7.816812
v 6.924423 -3.553871 6.592599
v 6.656655 -3.939920 6.337663
v 5.292333 -3.939920 7.514535
v 5.398180 -4.018719 7.664826
v 6.789788 -4.018719 6.464416
v 6.547116 -4.275551 6.233373
v 5.205244 -4.275551 7.390879
v 5.309349 -4.361062 7.538697
v 6.678058 -4.361062 6.358040
v 3.173991 -4.713967 8.228262
v 3.417305 -3.136817 8.859030
v 3.485651 -3.199554 9.036210
v 3.237471 -4.808247 8.392827
v 4.153867 -3.826834 8.252316
v 2.552282 -2.902847 9.222762
v 2.603328 -2.960904 9.407217
v 4.236944 -3.903371 8.417363
v 4.087722 -4.164296 8.120909
v 2.522055 -3.253103 9.113537
v 2.572496 -3.318165 9.295808
v 4.169477 -4.247582 8.283328
v 4.016038 -4.496113 7.978497
v 2.488411 -3.598950 8.991961
v 2.538179 -3.670929 9.171801
v 4.096358 -4.586036 8.138066
v 3.938910 -4.821838 7.825271
v 2.451394 -3.939920 8.858199
v 2.500422 -4.018719 9.035363
v 4.017689 -4.918274 7.981776
v 0.216434 -4.713967 8.816556
v 0.233026 -3.136817 9.492422
v 0.237686 -3.199554 9.682270
v 0.220763 -4.808247 8.992888
v 1.125093 -3.939920 9.122017
v 0.225562 -3.939920 9.188370
v 0.230073 -4.018719 9.372138
v 1.147595 -4.018719 9.304457
v -2.766426 -4.713967 8.374091
v -2.978497 -3.136817 9.016038
v -3.038066 -3.199554 9.196358
v -2.821754 -4.808247 8.541573
v -2.062935 -3.368899 9.186665
v -2.953452 -3.368899 8.940226
v -3.012521 -3.436277 9.119031
v -2.104193 -3.436277 9.370399
v -2.044199 -3.598950 9.103231
v -2.926628 -3.598950 8.859030
v -2.985161 -3.670929 9.036210
v -2.085083 -3.670929 9.285295
v -2.013790 -3.939920 8.967813
v -2.883092 -3.939920 8.727245
v -2.940754 -4.018719 8.901790
v -2.054066 -4.018719 9.147170
v -1.991998 -4.164296 8.870771
v -2.851894 -4.164296 8.632806
v -2.908932 -4.247582 8.805462
v -2.031838 -4.247582 9.048187
v -1.969007 -4.386162 8.768386
v -2.818978 -4.386162 8.533167
v -2.875357 -4.473886 8.703831
v -2.008387 -4.473886 8.943754
v -5.425858 -4.713967 6.952595
v -5.841797 -3.136817 7.485571
v -5.958633 -3.199554 7.635283
v -5.534375 -4.808247 7.091647
v -5.740066 -3.598950 7.355215
v -6.433364 -3.598950 6.757173
v -6.562031 -3.670929 6.892317
v -5.854868 -3.670929 7.502320
v -5.593489 -4.164296 7.167393
v -6.269082 -4.164296 6.584623
v -6.394464 -4.247582 6.716315
v -5.705358 -4.247582 7.310741
v -7.450943 -4.713967 4.718258
v -8.022123 -3.136817 5.079953
v -8.182565 -3.199554 5.181552
v -7.599962 -4.808247 4.812623
v -7.544005 -2.902847 5.887399
v -8.252316 -3.826834 4.153867
v -8.417363 -3.903371 4.236944
v -7.694885 -2.960904 6.005147
v -7.485571 -3.136817 5.841797
v -8.165944 -4.052413 4.110391
v -8.329263 -4.133461 4.192598
v -7.635283 -3.199554 5.958633
v -7.389479 -3.484187 5.766806
v -8.027179 -4.386162 4.040542
v -8.187722 -4.473886 4.121353
v -7.537268 -3.553871 5.882142
v -7.319845 -3.713172 5.712463
v -7.928613 -4.605387 3.990928
v -8.087185 -4.697495 4.070747
v -7.466241 -3.787435 5.826712
v -7.245801 -3.939920 5.654679
v -7.825271 -4.821838 3.938910
v -7.981776 -4.918274 4.017689
v -7.390717 -4.018719 5.767772
v -8.604925 -4.713967 1.932300
v -9.264567 -3.136817 2.080428
v -9.449858 -3.199554 2.122037
v -8.777023 -4.808247 1.970946
v -8.727245 -3.939920 2.883092
v -9.122017 -3.939920 1.125093
v -9.304457 -4.018719 1.147595
v -8.901790 -4.018719 2.940754
v -8.752888 -4.713967 -1.079566
v -9.423873 -3.136817 -1.162324
v -9.612350 -3.199554 -1.185570
v -8.927946 -4.808247 -1.101157
v -9.412605 -3.368899 -0.231066
v -9.186665 -3.368899 -2.062935
v -9.370399 -3.436277 -2.104193
v -9.600857 -3.436277 -0.235688
v -9.282264 -3.713172 -0.227867
v -9.059454 -3.713172 -2.034368
v -9.240643 -3.787435 -2.075056
v -9.467910 -3.787435 -0.232424
v -9.139344 -4.052413 -0.224358
v -8.919964 -4.052413 -2.003045
v -9.098363 -4.133461 -2.043106
v -9.322131 -4.133461 -0.228845
v -8.984038 -4.386162 -0.220546
v -8.768386 -4.386162 -1.969007
v -8.943754 -4.473886 -2.008387
v -9.163719 -4.473886 -0.224957
v -7.877535 -4.713967 -3.965218
v -8.481416 -3.136817 -4.269186
v -8.651045 -3.199554 -4.354570
v -8.035086 -4.808247 -4.044522
v -8.859030 -3.136817 -3.417305
v -7.723734 -4.052413 -4.891000
v -7.878208 -4.133461 -4.988820
v -9.036210 -3.199554 -3.485651
v -8.662895 -3.713172 -3.341647
v -7.499255 -4.605387 -4.748851
v -7.649240 -4.697495 -4.843828
v -8.836153 -3.787435 -3.408480
v -6.081205 -4.713967 -6.387289
v -6.547382 -3.136817 -6.876930
v -6.678329 -3.199554 -7.014469
v -6.202829 -4.808247 -6.515035
v -7.218518 -3.020059 -6.226736
v -5.654679 -3.939920 -7.245801
v -5.767772 -4.018719 -7.390717
v -7.362888 -3.080461 -6.351271
v -7.097614 -3.484187 -6.122444
v -5.528929 -4.386162 -7.084668
v -5.639508 -4.473886 -7.226361
v -7.239566 -3.553871 -6.244893
v -6.995698 -3.826834 -6.034530
v -5.425858 -4.713967 -6.952595
v -5.534375 -4.808247 -7.091647
v -7.135612 -3.903371 -6.155221
v -3.573909 -4.713967 -8.062610
v -3.847880 -3.136817 -8.680679
v -3.924838 -3.199554 -8.854293
v -3.645388 -4.808247 -8.223862
v -4.640854 -3.368899 -8.192252
v -3.815526 -3.368899 -8.607688
v -3.891836 -3.436277 -8.779841
v -4.733671 -3.436277 -8.356097
v -4.576590 -3.713172 -8.078811
v -3.762690 -3.713172 -8.488493
v -3.837944 -3.787435 -8.658263
v -4.668121 -3.787435 -8.240387
v -4.506123 -4.052413 -7.954420
v -3.704756 -4.052413 -8.357795
v -3.778851 -4.133461 -8.524951
v -4.596246 -4.133461 -8.113509
v -4.429550 -4.386162 -7.819250
v -3.641800 -4.386162 -8.215770
v -3.714636 -4.473886 -8.380085
v -4.518141 -4.473886 -7.975635
v -0.648782 -4.713967 -8.795317
v -0.698516 -3.136817 -9.469554
v -0.712487 -3.199554 -9.658945
v -0.661757 -4.808247 -8.971223
v -1.629790 -3.020059 -9.392711
v 0.225562 -3.939920 -9.188370
v 0.230073 -4.018719 -9.372138
v -1.662386 -3.080461 -9.580566
v -1.602492 -3.484187 -9.235392
v 0.220546 -4.386162 -8.984038
v 0.224957 -4.473886 -9.163719
v -1.634542 -3.553871 -9.420100
v -1.579482 -3.826834 -9.102778
v 0.216434 -4.713967 -8.816556
v 0.220763 -4.808247 -8.992888
v -1.611072 -3.903371 -9.284834
v 2.352197 -4.713967 -8.499746
v 2.532513 -3.136817 -9.151325
v 2.583163 -3.199554 -9.334352
v 2.399240 -4.808247 -8.669741
v 1.562950 -4.052413 -9.007504
v 3.417305 -3.136817 -8.859030
v 3.485651 -3.199554 -9.036210
v 1.594209 -4.133461 -9.187654
v 1.517525 -4.605387 -8.745715
v 3.341647 -3.713172 -8.662895
v 3.408480 -3.787435 -8.836153
v 1.547876 -4.697495 -8.920629
v 5.078175 -4.713967 -7.210454
v 5.467461 -3.136817 -7.763198
v 5.576810 -3.199554 -7.918462
v 5.179738 -4.808247 -7.354663
v 4.506123 -4.052413 -7.954420
v 6.202060 -3.136817 -7.189911
v 6.326101 -3.199554 -7.333710
v 4.596246 -4.133461 -8.113509
v 4.375160 -4.605387 -7.723237
v 6.064750 -3.713172 -7.030730
v 6.186045 -3.787435 -7.171345
v 4.462663 -4.697495 -7.877702
v 7.210454 -4.713967 -5.078175
v 7.763198 -3.136817 -5.467461
v 7.918462 -3.199554 -5.576810
v 7.354663 -4.808247 -5.179738
v 6.995698 -3.826834 -6.034530
v 8.326213 -2.902847 -4.716742
v 8.492738 -2.960904 -4.811076
v 7.135612 -3.903371 -6.155221
v 6.922477 -4.052413 -5.971370
v 8.261721 -3.136817 -4.680207
v 8.426956 -3.199554 -4.773811
v 7.060927 -4.133461 -6.090797
v 6.804843 -4.386162 -5.869898
v 8.155665 -3.484187 -4.620127
v 8.318778 -3.553871 -4.712530
v 6.940939 -4.473886 -5.987296
v 6.721286 -4.605387 -5.797821
v 8.078811 -3.713172 -4.576590
v 8.240387 -3.787435 -4.668121
v 6.855711 -4.697495 -5.913777
v 6.633680 -4.821838 -5.722252
v 7.997090 -3.939920 -4.530296
v 8.157032 -4.018719 -4.620901
v 6.766354 -4.918274 -5.836697
v 8.499746 -4.713967 -2.352197
v 9.151325 -3.136817 -2.532513
v 9.334352 -3.199554 -2.583163
v 8.669741 -4.808247 -2.399240
v 9.033849 -3.484187 -2.500003
v 9.235392 -3.484187 -1.602492
v 9.420100 -3.553871 -1.634542
v 9.214526 -3.553871 -2.550003
v 8.858199 -3.939920 -2.451394
v 9.055823 -3.939920 -1.571334
v 9.236940 -4.018719 -1.602761
v 9.035363 -4.018719 -2.500422
v 8.712432 -4.275551 -2.411055
v 8.906804 -4.275551 -1.545477
v 9.084940 -4.361062 -1.576387
v 8.886681 -4.361062 -2.459276
v 7.767401 -6.152316 1.347772
v 8.689373 -4.713967 1.507749
v 8.863161 -4.808247 1.537904
v 7.922749 -6.275362 1.374727
v 8.258841 -5.453250 1.433045
v 8.078609 -5.453250 2.235652
v 8.240181 -5.562315 2.280365
v 8.424017 -5.562315 1.461706
v 6.859300 -6.152316 3.885745
v 7.673482 -4.713967 4.346974
v 7.826952 -4.808247 4.433913
v 6.996486 -6.275362 3.963460
v 7.723734 -5.349976 3.423696
v 7.302866 -4.496113 5.143259
v 7.448924 -4.586036 5.246124
v 7.878208 -5.456976 3.492170
v 7.601376 -5.555702 3.369458
v 7.210454 -4.713967 5.078175
v 7.354663 -4.808247 5.179738
v 7.753404 -5.666816 3.436848
v 7.409279 -5.857979 3.284307
v 7.063711 -5.035384 4.974826
v 7.204985 -5.136092 5.074323
v 7.557464 -5.975138 3.349994
v 7.275619 -6.055110 3.225060
v 6.960551 -5.245897 4.902173
v 7.099762 -5.350815 5.000216
v 7.421131 -6.176213 3.289561
v 7.137576 -6.248595 3.163870
v 6.853198 -5.453250 4.826567
v 6.990262 -5.562315 4.923098
v 7.280327 -6.373567 3.227147
v 5.149265 -6.152316 5.969429
v 5.760470 -4.713967 6.677986
v 5.875680 -4.808247 6.811546
v 5.252250 -6.275362 6.088817
v 5.683172 -4.928982 6.588376
v 5.010032 -4.928982 7.113699
v 5.110233 -5.027562 7.255973
v 5.796835 -5.027562 6.720143
v 5.560821 -5.245897 6.446537
v 4.902173 -5.245897 6.960551
v 5.000216 -5.350815 7.099762
v 5.672037 -5.350815 6.575468
v 5.430934 -5.555702 6.295961
v 4.787670 -5.555702 6.797969
v 4.883424 -5.666816 6.933929
v 5.539552 -5.666816 6.421881
v 5.293686 -5.857979 6.136854
v 4.666679 -5.857979 6.626175
v 4.760013 -5.975138 6.758698
v 5.399560 -5.975138 6.259591
v 2.837220 -6.152316 7.355215
v 3.173991 -4.713967 8.228262
v 3.237471 -4.808247 8.392827
v 2.893964 -6.275362 7.502320
v 3.768753 -5.453250 7.487227
v 2.367448 -4.605387 8.554858
v 2.414797 -4.697495 8.725955
v 3.844128 -5.562315 7.636971
v 3.643907 -5.857979 7.239201
v 2.304326 -5.035384 8.326764
v 2.350412 -5.136092 8.493299
v 3.716786 -5.975138 7.383985
v 3.544495 -6.152316 7.041702
v 2.253332 -5.349976 8.142496
v 2.298399 -5.456976 8.305346
v 3.615385 -6.275362 7.182536
v 0.193470 -6.152316 7.881090
v 0.216434 -4.713967 8.816556
v 0.220763 -4.808247 8.992888
v 0.197339 -6.275362 8.038712
v 1.086566 -4.605387 8.809642
v -0.616636 -5.453250 8.359535
v -0.628969 -5.562315 8.526726
v 1.108297 -4.697495 8.985834
v 1.057595 -5.035384 8.574754
v -0.596209 -5.857979 8.082612
v -0.608133 -5.975138 8.244265
v 1.078747 -5.136092 8.746249
v 1.034191 -5.349976 8.384999
v -0.579944 -6.152316 7.862104
v -0.591542 -6.275362 8.019346
v 1.054875 -5.456976 8.552699
v -2.472899 -6.152316 7.485571
v -2.766426 -4.713967 8.374091
v -2.821754 -4.808247 8.541573
v -2.522357 -6.275362 7.635283
v -2.729304 -4.928982 8.261721
v -3.525952 -4.928982 7.954420
v -3.596471 -5.027562 8.113509
v -2.783890 -5.027562 8.426956
v -2.670546 -5.245897 8.083857
v -3.450043 -5.245897 7.783172
v -3.519044 -5.350815 7.938836
v -2.723957 -5.350815 8.245535
v -2.608168 -5.555702 7.895038
v -3.369458 -5.555702 7.601376
v -3.436848 -5.666816 7.753404
v -2.660332 -5.666816 8.052939
v -2.542256 -5.857979 7.695519
v -3.284307 -5.857979 7.409279
v -3.349994 -5.975138 7.557464
v -2.593101 -5.975138 7.849430
v -4.850156 -6.152316 6.214901
v -5.425858 -4.713967 6.952595
v -5.534375 -4.808247 7.091647
v -4.947159 -6.275362 6.339199
v -4.622234 -5.035384 7.299305
v -5.588431 -5.857979 5.869713
v -5.700200 -5.975138 5.987107
v -4.714679 -5.136092 7.445292
v -6.660373 -6.152316 4.217635
v -7.450943 -4.713967 4.718258
v -7.599962 -4.808247 4.812623
v -6.793580 -6.275362 4.301987
v -6.608115 -5.453250 5.157023
v -7.487227 -5.453250 3.768753
v -7.636971 -5.562315 3.844128
v -6.740277 -5.562315 5.260164
v -7.691913 -6.152316 1.727277
v -8.604925 -4.713967 1.932300
v -8.777023 -4.808247 1.970946
v -7.845751 -6.275362 1.761822
v -8.261721 -4.928982 2.729304
v -8.489457 -4.928982 1.906371
v -8.659246 -5.027562 1.944499
v -8.426956 -5.027562 2.783890
v -8.144375 -5.141027 2.690538
v -8.368876 -5.141027 1.879294
v -8.536254 -5.243848 1.916880
v -8.307262 -5.243848 2.744349
v -7.959180 -5.453250 2.629358
v -8.178576 -5.453250 1.836561
v -8.342148 -5.562315 1.873292
v -8.118363 -5.562315 2.681945
v -7.829708 -5.657318 2.586586
v -8.045535 -5.657318 1.806685
v -8.206446 -5.770464 1.842819
v -7.986302 -5.770464 2.638318
v -7.695519 -5.857979 2.542256
v -7.907648 -5.857979 1.775722
v -8.065801 -5.975138 1.811236
v -7.849430 -5.975138 2.593101
v -7.824177 -6.152316 -0.965020
v -8.752888 -4.713967 -1.079566
v -8.927946 -4.808247 -1.101157
v -7.980660 -6.275362 -0.984321
v -8.379722 -5.453250 -0.205711
v -8.178576 -5.453250 -1.836561
v -8.342148 -5.562315 -1.873292
v -8.547317 -5.562315 -0.209825
v -7.041702 -6.152316 -3.544495
v -7.877535 -4.713967 -3.965218
v -8.035086 -4.808247 -4.044522
v -7.182536 -6.275362 -3.615385
v -8.060805 -5.035384 -3.109395
v -7.717216 -5.035384 -3.884520
v -7.871560 -5.136092 -3.962210
v -8.222021 -5.136092 -3.171583
v -7.820576 -5.453250 -3.016729
v -7.487227 -5.453250 -3.768753
v -7.636971 -5.562315 -3.844128
v -7.976988 -5.562315 -3.077064
v -7.628007 -5.758082 -2.942447
v -7.302866 -5.758082 -3.675954
v -7.448924 -5.873244 -3.749473
v -7.780568 -5.873244 -3.001296
v -5.435968 -6.152316 -5.709576
v -6.081205 -4.713967 -6.387289
v -6.202829 -4.808247 -6.515035
v -5.544688 -6.275362 -5.823768
v -6.494797 -5.141027 -5.602450
v -5.277017 -5.141027 -6.761873
v -5.382558 -5.243848 -6.897110
v -6.624693 -5.243848 -5.714499
v -6.243863 -5.657318 -5.385993
v -5.073134 -5.657318 -6.500620
v -5.174597 -5.770464 -6.630633
v -6.368740 -5.770464 -5.493713
v -3.194705 -6.152316 -7.207140
v -3.573909 -4.713967 -8.062610
v -3.645388 -4.808247 -8.223862
v -3.258600 -6.275362 -7.351283
v -3.525952 -4.928982 -7.954420
v -2.729304 -4.928982 -8.261721
v -2.783890 -5.027562 -8.426956
v -3.596471 -5.027562 -8.113509
v -3.475871 -5.141027 -7.841439
v -2.690538 -5.141027 -8.144375
v -2.744349 -5.243848 -8.307262
v -3.545388 -5.243848 -7.998267
v -3.396833 -5.453250 -7.663132
v -2.629358 -5.453250 -7.959180
v -2.681945 -5.562315 -8.118363
v -3.464769 -5.562315 -7.816395
v -3.341577 -5.657318 -7.538476
v -2.586586 -5.657318 -7.829708
v -2.638318 -5.770464 -7.986302
v -3.408408 -5.770464 -7.689245
v -3.284307 -5.857979 -7.409279
v -2.542256 -5.857979 -7.695519
v -2.593101 -5.975138 -7.849430
v -3.349994 -5.975138 -7.557464
v -0.579944 -6.152316 -7.862104
v -0.648782 -4.713967 -8.795317
v -0.661757 -4.808247 -8.971223
v -0.591542 -6.275362 -8.019346
v -1.433045 -5.453250 -8.258841
v -0.616636 -5.453250 -8.359535
v -0.628969 -5.562315 -8.526726
v -1.461706 -5.562315 -8.424017
v 2.102620 -6.152316 -7.597894
v 2.352197 -4.713967 -8.499746
v 2.399240 -4.808247 -8.669741
v 2.144673 -6.275362 -7.749852
v 1.421496 -5.555702 -8.192284
v 3.173991 -4.713967 -8.228262
v 3.237471 -4.808247 -8.392827
v 1.449926 -5.666816 -8.356130
v 1.360578 -6.055110 -7.841203
v 3.063985 -5.245897 -7.943083
v 3.125265 -5.350815 -8.101944
v 1.387789 -6.176213 -7.998027
v 4.539363 -6.152316 -6.445401
v 5.078175 -4.713967 -7.210454
v 5.179738 -4.808247 -7.354663
v 4.630151 -6.275362 -6.574309
v 4.131594 -5.453250 -7.293284
v 4.826567 -5.453250 -6.853198
v 4.923098 -5.562315 -6.990262
v 4.214226 -5.562315 -7.439150
v 6.445401 -6.152316 -4.539363
v 7.210454 -4.713967 -5.078175
v 7.354663 -4.808247 -5.179738
v 6.574309 -6.275362 -4.630151
v 6.295961 -5.555702 -5.430934
v 7.673482 -4.713967 -4.346974
v 7.826952 -4.808247 -4.433913
v 6.421881 -5.666816 -5.539552
v 6.026147 -6.055110 -5.198191
v 7.407531 -5.245897 -4.196314
v 7.555681 -5.350815 -4.280241
v 6.146670 -6.176213 -5.302154
v 7.597894 -6.152316 -2.102620
v 8.499746 -4.713967 -2.352197
v 8.669741 -4.808247 -2.399240
v 7.749852 -6.275362 -2.144673
v 8.117849 -4.928982 -3.131400
v 8.572773 -4.928982 -1.487517
v 8.744228 -5.027562 -1.517267
v 8.280206 -5.027562 -3.194028
v 7.943083 -5.245897 -3.063985
v 8.388212 -5.245897 -1.455493
v 8.555977 -5.350815 -1.484603
v 8.101944 -5.350815 -3.125265
v 7.757552 -5.555702 -2.992418
v 8.192284 -5.555702 -1.421496
v 8.356130 -5.666816 -1.449926
v 7.912703 -5.666816 -3.052266
v 7.561507 -5.857979 -2.916795
v 7.985254 -5.857979 -1.385573
v 8.144959 -5.975138 -1.413284
v 7.712737 -5.975138 -2.975131
v 6.616720 -7.409511 1.148110
v 7.767401 -6.152316 1.347772
v 7.922749 -6.275362 1.374727
v 6.749055 -7.557701 1.171072
v 8.010312 -5.956993 0.590876
v 7.141110 -6.715590 1.976211
v 7.283932 -6.849901 2.015735
v 8.170518 -6.076133 0.602694
v 7.786218 -6.248595 0.574346
v 6.898042 -6.983762 1.908945
v 7.036003 -7.123438 1.947124
v 7.941942 -6.373567 0.585833
v 7.551572 -6.531728 0.557037
v 6.645627 -7.242471 1.839093
v 6.778539 -7.387320 1.875874
v 7.702603 -6.662363 0.568178
v 7.306691 -6.806010 0.538974
v 6.384205 -7.491364 1.766747
v 6.511889 -7.641191 1.802082
v 7.452825 -6.942130 0.549753
v 5.843147 -7.409511 3.310102
v 6.859300 -6.152316 3.885745
v 6.996486 -6.275362 3.963460
v 5.960010 -7.557701 3.376304
v 6.773847 -6.715590 3.002640
v 6.566903 -5.956993 4.624935
v 6.698241 -6.076133 4.717433
v 6.909324 -6.849901 3.062693
v 6.621137 -6.895405 2.934948
v 6.445401 -6.152316 4.539363
v 6.574309 -6.275362 4.630151
v 6.753560 -7.033314 2.993647
v 6.384624 -7.157308 2.830109
v 6.255891 -6.438315 4.405896
v 6.381009 -6.567082 4.494014
v 6.512316 -7.300454 2.886711
v 6.222121 -7.326543 2.758076
v 6.124825 -6.624158 4.313589
v 6.247322 -6.756641 4.399860
v 6.346563 -7.473074 2.813238
v 6.055870 -7.491364 2.684382
v 5.990070 -6.806010 4.218683
v 6.109871 -6.942130 4.303057
v 6.176987 -7.641191 2.738070
v 4.386441 -7.409511 5.085104
v 5.149265 -6.152316 5.969429
v 5.252250 -6.275362 6.088817
v 4.474170 -7.557701 5.186806
v 5.541702 -6.438315 5.276139
v 4.997865 -6.438315 5.793914
v 5.097822 -6.567082 5.909793
v 5.652536 -6.567082 5.381661
v 5.306227 -6.806010 5.051948
v 4.785499 -6.806010 5.547723
v 4.881209 -6.942130 5.658677
v 5.412352 -6.942130 5.152987
v 5.121200 -7.071068 4.875788
v 4.618629 -7.071068 5.354275
v 4.711002 -7.212489 5.461361
v 5.223624 -7.212489 4.973304
v 2.416907 -7.409511 6.265597
v 2.837220 -6.152316 7.355215
v 2.893964 -6.275362 7.502320
v 2.465245 -7.557701 6.390909
v 2.636786 -6.806010 6.835612
v 1.954082 -6.806010 7.061147
v 1.993164 -6.942130 7.202369
v 2.689522 -6.942130 6.972324
v 0.164809 -7.409511 6.713567
v 0.193470 -6.152316 7.881090
v 0.197339 -6.275362 8.038712
v 0.168105 -7.557701 6.847838
v 0.896847 -6.806010 7.271444
v -0.538974 -6.806010 7.306691
v -0.549753 -6.942130 7.452825
v 0.914784 -6.942130 7.416873
v -2.106558 -7.409511 6.376642
v -2.472899 -6.152316 7.485571
v -2.522357 -6.275362 7.635283
v -2.148689 -7.557701 6.504174
v -1.727277 -6.152316 7.691913
v -2.934948 -6.895405 6.621137
v -2.993647 -7.033314 6.753560
v -1.761822 -6.275362 7.845751
v -1.641367 -6.624158 7.309340
v -2.758076 -7.326543 6.222121
v -2.813238 -7.473074 6.346563
v -1.674194 -6.756641 7.455527
v -4.131643 -7.409511 5.294211
v -4.850156 -6.152316 6.214901
v -4.947159 -6.275362 6.339199
v -4.214276 -7.557701 5.400095
v -4.135588 -6.343933 6.530806
v -4.755805 -6.343933 6.094000
v -4.850921 -6.470811 6.215880
v -4.218299 -6.470811 6.661423
v -4.007862 -6.624158 6.329106
v -4.608924 -6.624158 5.905790
v -4.701102 -6.756641 6.023906
v -4.088019 -6.756641 6.455688
v -3.874705 -6.895405 6.118827
v -4.455797 -6.895405 5.709576
v -4.544913 -7.033314 5.823768
v -3.952199 -7.033314 6.241204
v -3.736296 -7.157308 5.900257
v -4.296631 -7.157308 5.505624
v -4.382564 -7.300454 5.615737
v -3.811022 -7.300454 6.018262
v -5.673690 -7.409511 3.592824
v -6.660373 -6.152316 4.217635
v -6.793580 -6.275362 4.301987
v -5.787164 -7.557701 3.664681
v -5.969429 -6.531728 4.658588
v -6.397306 -6.531728 4.051049
v -6.525252 -6.662363 4.132070
v -6.088817 -6.662363 4.751760
v -5.642438 -6.983762 4.403402
v -6.046877 -6.983762 3.829143
v -6.167815 -7.123438 3.905726
v -5.755287 -7.123438 4.491470
v -6.552415 -7.409511 1.471394
v -7.691913 -6.152316 1.727277
v -7.845751 -6.275362 1.761822
v -6.683463 -7.557701 1.500822
v -7.265479 -6.438315 2.400190
v -6.931241 -7.157308 0.854887
v -7.069866 -7.300454 0.871985
v -7.410788 -6.567082 2.448194
v -6.665085 -7.409511 -0.822060
v -7.824177 -6.152316 -0.965020
v -7.980660 -6.275362 -0.984321
v -6.798387 -7.557701 -0.838501
v -7.649368 -6.438315 -0.187781
v -6.814072 -7.157308 -1.530151
v -6.950353 -7.300454 -1.560754
v -7.802355 -6.567082 -0.191537
v -5.998528 -7.409511 -3.019405
v -7.041702 -6.152316 -3.544495
v -7.182536 -6.275362 -3.615385
v -6.118498 -7.557701 -3.079793
v -7.138955 -6.438315 -2.753799
v -6.834660 -6.438315 -3.440279
v -6.971353 -6.567082 -3.509084
v -7.281735 -6.567082 -2.808875
v -6.835612 -6.806010 -2.636786
v -6.544246 -6.806010 -3.294097
v -6.675131 -6.942130 -3.359979
v -6.972324 -6.942130 -2.689522
v -6.597255 -7.071068 -2.544842
v -6.316050 -7.071068 -3.179232
v -6.442371 -7.212489 -3.242817
v -6.729200 -7.212489 -2.595739
v -4.630671 -7.409511 -4.863746
v -5.435968 -6.152316 -5.709576
v -5.544688 -6.275362 -5.823768
v -4.723285 -7.557701 -4.961021
v -5.051948 -6.806010 -5.306227
v -4.507521 -6.806010 -5.775854
v -4.597671 -6.942130 -5.891371
v -5.152987 -6.942130 -5.412352
v -2.721434 -7.409511 -6.139457
v -3.194705 -6.152316 -7.207140
v -3.258600 -6.275362 -7.351283
v -2.775863 -7.557701 -6.262247
v -3.611240 -6.806010 -6.374730
v -2.298203 -6.806010 -6.956759
v -2.344167 -6.942130 -7.095894
v -3.683464 -6.942130 -6.502224
v -0.494029 -7.409511 -6.697393
v -0.579944 -6.152316 -7.862104
v -0.591542 -6.275362 -8.019346
v -0.503910 -7.557701 -6.831341
v -1.252560 -6.806010 -7.218679
v -0.538974 -6.806010 -7.306691
v -0.549753 -6.942130 -7.452825
v -1.277611 -6.942130 -7.363052
v 1.791133 -7.409511 -6.472324
v 2.102620 -6.152316 -7.597894
v 2.144673 -6.275362 -7.749852
v 1.826956 -7.557701 -6.601771
v 1.360578 -6.055110 -7.841203
v 2.636786 -6.806010 -6.835612
v 2.689522 -6.942130 -6.972324
v 1.387789 -6.176213 -7.998027
v 1.308144 -6.438315 -7.539022
v 2.513421 -7.157308 -6.515800
v 2.563690 -7.300454 -6.646116
v 1.334307 -6.567082 -7.689802
v 1.266744 -6.715590 -7.300426
v 2.416907 -7.409511 -6.265597
v 2.465245 -7.557701 -6.390909
v 1.292079 -6.849901 -7.446434
v 3.866891 -7.409511 -5.490564
v 4.539363 -6.152316 -6.445401
v 4.630151 -6.275362 -6.574309
v 3.944229 -7.557701 -5.600375
v 3.611240 -6.806010 -6.374730
v 4.218683 -6.806010 -5.990070
v 4.303057 -6.942130 -6.109871
v 3.683464 -6.942130 -6.502224
v 5.490564 -7.409511 -3.866891
v 6.445401 -6.152316 -4.539363
v 6.574309 -6.275362 -4.630151
v 5.600375 -7.557701 -3.944229
v 5.793914 -6.438315 -4.997865
v 6.076481 -7.157308 -3.442284
v 6.198011 -7.300454 -3.511130
v 5.909793 -6.567082 -5.097822
v 6.472324 -7.409511 -1.791133
v 7.597894 -6.152316 -2.102620
v 7.749852 -6.275362 -2.144673
v 6.601771 -7.557701 -1.826956
v 7.425101 -6.055110 -2.864178
v 7.218679 -6.806010 -1.252560
v 7.363052 -6.942130 -1.277611
v 7.573603 -6.176213 -2.921461
v 7.138955 -6.438315 -2.753799
v 6.880945 -7.157308 -1.193957
v 7.018564 -7.300454 -1.217836
v 7.281735 -6.567082 -2.808875
v 6.913021 -6.715590 -2.666646
v 6.616720 -7.409511 -1.148110
v 6.749055 -7.557701 -1.171072
v 7.051281 -6.849901 -2.719979
v 5.271212 -8.448536 0.914642
v 6.616720 -7.409511 1.148110
v 6.749055 -7.557701 1.171072
v 5.376636 -8.617506 0.932935
v 6.038704 -7.958369 0.445442
v 5.965965 -7.958369 1.035193
v 6.085284 -8.117536 1.055897
v 6.159478 -8.117536 0.454350
v 4.654945 -8.448536 2.636994
v 5.843147 -7.409511 3.310102
v 5.960010 -7.557701 3.376304
v 4.748044 -8.617506 2.689733
v 5.601894 -7.651673 3.173434
v 5.263869 -7.651673 3.707235
v 5.369146 -7.804706 3.781379
v 5.713932 -7.804706 3.236903
v 5.268473 -7.958369 2.984553
v 4.950566 -7.958369 3.486582
v 5.049578 -8.117536 3.556314
v 5.373842 -8.117536 3.044244
v 5.010032 -8.175848 2.838148
v 4.707720 -8.175848 3.315551
v 4.801875 -8.339365 3.381862
v 5.110233 -8.339365 2.894911
v 3.494459 -8.448536 4.051049
v 4.386441 -7.409511 5.085104
v 4.474170 -7.557701 5.186806
v 3.564348 -8.617506 4.132070
v 4.205333 -7.651673 4.875149
v 3.707235 -7.651673 5.263869
v 3.781379 -7.804706 5.369146
v 4.289439 -7.804706 4.972652
v 3.955034 -7.958369 4.584983
v 3.486582 -7.958369 4.950566
v 3.556314 -8.117536 5.049578
v 4.034134 -8.117536 4.676683
v 3.761023 -8.175848 4.360071
v 3.315551 -8.175848 4.707720
v 3.381862 -8.339365 4.801875
v 3.836243 -8.339365 4.447272
v 1.925430 -8.448536 4.991489
v 2.416907 -7.409511 6.265597
v 2.465245 -7.557701 6.390909
v 1.963938 -8.617506 5.091319
v 2.894740 -7.651673 5.750860
v 2.317118 -7.651673 6.006902
v 2.363460 -7.804706 6.127040
v 2.952634 -7.804706 5.865877
v 2.722446 -7.958369 5.408572
v 2.179204 -7.958369 5.649374
v 2.222788 -8.117536 5.762362
v 2.776895 -8.117536 5.516743
v 2.588899 -8.175848 5.143259
v 2.072305 -8.175848 5.372249
v 2.113751 -8.339365 5.479694
v 2.640677 -8.339365 5.246124
v 0.131295 -8.448536 5.348365
v 0.164809 -7.409511 6.713567
v 0.168105 -7.557701 6.847838
v 0.133921 -8.617506 5.455332
v 0.788119 -7.651673 6.389896
v -0.473632 -7.651673 6.420871
v -0.483105 -7.804706 6.549288
v 0.803881 -7.804706 6.517694
v 0.741210 -7.958369 6.009573
v -0.445442 -7.958369 6.038704
v -0.454350 -8.117536 6.159478
v 0.756034 -8.117536 6.129765
v 0.704851 -8.175848 5.714778
v -0.423591 -8.175848 5.742480
v -0.432063 -8.339365 5.857330
v 0.718948 -8.339365 5.829074
v -1.678190 -8.448536 5.079953
v -2.106558 -7.409511 6.376642
v -2.148689 -7.557701 6.504174
v -1.711754 -8.617506 5.181552
v -1.410643 -7.651673 6.281878
v -2.609071 -7.651673 5.885971
v -2.661253 -7.804706 6.003690
v -1.438856 -7.804706 6.407516
v -1.326682 -7.958369 5.907984
v -2.453781 -7.958369 5.535641
v -2.502857 -8.117536 5.646354
v -1.353216 -8.117536 6.026144
v -1.261603 -8.175848 5.618173
v -2.333413 -8.175848 5.264095
v -2.380081 -8.339365 5.369377
v -1.286835 -8.339365 5.730536
v -3.291474 -8.448536 4.217635
v -4.131643 -7.409511 5.294211
v -4.214276 -7.557701 5.400095
v -3.357304 -8.617506 4.301987
v -3.291474 -7.883464 5.197806
v -4.754662 -7.242471 4.993977
v -4.849755 -7.387320 5.093857
v -3.357304 -8.041134 5.301762
v -3.186977 -8.032075 5.032787
v -4.630671 -7.409511 4.863746
v -4.723285 -7.557701 4.961021
v -3.250717 -8.192717 5.133443
v -3.026652 -8.245893 4.779605
v -4.439480 -7.651673 4.662931
v -4.528269 -7.804706 4.756190
v -3.087185 -8.410811 4.875197
v -2.917476 -8.382247 4.607198
v -4.308660 -7.807372 4.525527
v -4.394833 -7.963520 4.616037
v -2.975825 -8.549892 4.699342
v -2.806542 -8.513552 4.432015
v -4.175244 -7.958369 4.385396
v -4.258749 -8.117536 4.473104
v -2.862673 -8.683823 4.520655
v -4.519946 -8.448536 2.862225
v -5.673690 -7.409511 3.592824
v -5.787164 -7.557701 3.664681
v -4.610345 -8.617506 2.919469
v -5.149265 -7.572088 4.018526
v -5.834299 -7.572088 2.936739
v -5.950985 -7.723530 2.995474
v -5.252250 -7.723530 4.098896
v -4.926057 -7.807372 3.844333
v -5.581397 -7.807372 2.809439
v -5.693025 -7.963520 2.865628
v -5.024579 -7.963520 3.921220
v -4.696174 -8.032075 3.664930
v -5.320931 -8.032075 2.678332
v -5.427350 -8.192717 2.731898
v -4.790098 -8.192717 3.738229
v -4.459927 -8.245893 3.480561
v -5.053254 -8.245893 2.543594
v -5.154319 -8.410811 2.594466
v -4.549125 -8.410811 3.550172
v -5.219983 -8.448536 1.172186
v -6.552415 -7.409511 1.471394
v -6.683463 -7.557701 1.500822
v -5.324383 -8.617506 1.195630
v -6.373021 -7.572088 1.431110
v -6.482607 -7.572088 0.799553
v -6.612259 -7.723530 0.815544
v -6.500482 -7.723530 1.459732
v -6.096767 -7.807372 1.369075
v -6.201603 -7.807372 0.764895
v -6.325635 -7.963520 0.780193
v -6.218703 -7.963520 1.396456
v -5.812251 -8.032075 1.305185
v -5.912194 -8.032075 0.729200
v -6.030438 -8.192717 0.743784
v -5.928496 -8.192717 1.331288
v -5.519857 -8.245893 1.239525
v -5.614772 -8.245893 0.692516
v -5.727068 -8.410811 0.706366
v -5.630254 -8.410811 1.264316
v -5.309742 -8.448536 -0.654894
v -6.665085 -7.409511 -0.822060
v -6.798387 -7.557701 -0.838501
v -5.415937 -8.617506 -0.667992
v -5.655614 -8.245893 -0.138838
v -6.281878 -7.651673 -1.410643
v -6.407516 -7.804706 -1.438856
v -5.768727 -8.410811 -0.141614
v -4.778729 -8.448536 -2.405410
v -5.998528 -7.409511 -3.019405
v -6.118498 -7.557701 -3.079793
v -4.874303 -8.617506 -2.453518
v -6.349958 -7.326543 -2.449449
v -5.115682 -7.958369 -3.239470
v -5.217995 -8.117536 -3.304259
v -6.476957 -7.473074 -2.498438
v -6.006902 -7.651673 -2.317118
v -4.779605 -8.245893 -3.026652
v -4.875197 -8.410811 -3.087185
v -6.127040 -7.804706 -2.363460
v -5.740066 -7.883464 -2.214188
v -4.519946 -8.448536 -2.862225
v -4.610345 -8.617506 -2.919469
v -5.854868 -8.041134 -2.258472
v -3.689026 -8.448536 -3.874705
v -4.630671 -7.409511 -4.863746
v -4.723285 -7.557701 -4.961021
v -3.762806 -8.617506 -3.952199
v -4.584983 -7.958369 -3.955034
v -3.725295 -7.958369 -4.773525
v -3.799801 -8.117536 -4.868995
v -4.676683 -8.117536 -4.034134
v -2.168031 -8.448536 -4.891000
v -2.721434 -7.409511 -6.139457
v -2.775863 -7.557701 -6.262247
v -2.211392 -8.617506 -4.988820
v -3.173434 -7.651673 -5.601894
v -1.774597 -8.245893 -5.371783
v -1.810089 -8.410811 -5.479219
v -3.236903 -7.804706 -5.713932
v -0.393569 -8.448536 -5.335480
v -0.494029 -7.409511 -6.697393
v -0.503910 -7.557701 -6.831341
v -0.401440 -8.617506 -5.442190
v -1.148110 -7.409511 -6.616720
v 0.146192 -8.032075 -5.955199
v 0.149116 -8.192717 -6.074303
v -1.171072 -7.557701 -6.749055
v -1.068272 -7.807372 -6.156601
v 0.133829 -8.382247 -5.451607
v 0.136506 -8.549892 -5.560640
v -1.089637 -7.963520 -6.279733
v 1.426907 -8.448536 -5.156179
v 1.791133 -7.409511 -6.472324
v 1.826956 -7.557701 -6.601771
v 1.455445 -8.617506 -5.259303
v 1.100707 -7.651673 -6.343528
v 1.717181 -7.651673 -6.205094
v 1.751524 -7.804706 -6.329196
v 1.122721 -7.804706 -6.470399
v 1.035193 -7.958369 -5.965965
v 1.614975 -7.958369 -5.835770
v 1.647275 -8.117536 -5.952486
v 1.055897 -8.117536 -6.085284
v 0.984413 -8.175848 -5.673309
v 1.535754 -8.175848 -5.549502
v 1.566469 -8.339365 -5.660492
v 1.004101 -8.339365 -5.786776
v 3.080560 -8.448536 -4.374059
v 3.866891 -7.409511 -5.490564
v 3.944229 -7.557701 -5.600375
v 3.142171 -8.617506 -4.461540
v 2.936191 -8.032075 -5.183102
v 4.386441 -7.409511 -5.085104
v 4.474170 -7.557701 -5.186806
v 2.994915 -8.192717 -5.286764
v 2.687897 -8.382247 -4.744802
v 4.081412 -7.807372 -4.731491
v 4.163041 -7.963520 -4.826121
v 2.741655 -8.549892 -4.839698
v 4.374059 -8.448536 -3.080560
v 5.490564 -7.409511 -3.866891
v 5.600375 -7.557701 -3.944229
v 4.461540 -8.617506 -3.142171
v 4.950566 -7.958369 -3.486582
v 5.268473 -7.958369 -2.984553
v 5.373842 -8.117536 -3.044244
v 5.049578 -8.117536 -3.556314
v 5.156179 -8.448536 -1.426907
v 6.472324 -7.409511 -1.791133
v 6.601771 -7.557701 -1.826956
v 5.259303 -8.617506 -1.455445
v 6.094056 -7.572088 -2.350737
v 6.295124 -7.572088 -1.742095
v 6.421026 -7.723530 -1.776937
v 6.215937 -7.723530 -2.397751
v 5.918844 -7.730105 -2.283150
v 6.114131 -7.730105 -1.692008
v 6.236413 -7.884707 -1.725848
v 6.037221 -7.884707 -2.328813
v 5.649374 -7.958369 -2.179204
v 5.835770 -7.958369 -1.614975
v 5.952486 -8.117536 -1.647275
v 5.762362 -8.117536 -2.222788
v 5.465452 -8.104572 -2.108257
v 5.645780 -8.104572 -1.562398
v 5.758695 -8.266663 -1.593646
v 5.574761 -8.266663 -2.150423
v 5.278237 -8.245893 -2.036041
v 5.452388 -8.245893 -1.508879
v 5.561436 -8.410811 -1.539056
v 5.383802 -8.410811 -2.076762
v 3.770494 -9.238795 0.654243
v 5.271212 -8.448536 0.914642
v 5.376636 -8.617506 0.932935
v 3.845904 -9.423571 0.667328
v 4.961251 -8.639729 0.860859
v 4.852982 -8.639729 1.343001
v 4.950042 -8.812523 1.369861
v 5.060476 -8.812523 0.878076
v 4.537585 -8.876396 0.787346
v 4.438562 -8.876396 1.228315
v 4.527333 -9.053924 1.252882
v 4.628337 -9.053924 0.803093
v 4.212605 -9.039893 0.730956
v 4.120674 -9.039893 1.140344
v 4.203087 -9.220691 1.163151
v 4.296857 -9.220691 0.745575
v 3.329679 -9.238795 1.886240
v 4.654945 -8.448536 2.636994
v 4.748044 -8.617506 2.689733
v 3.396272 -9.423571 1.923965
v 4.309555 -8.819213 1.910294
v 4.542258 -8.314696 3.199019
v 4.633103 -8.480990 3.262999
v 4.395746 -8.995597 1.948500
v 4.009872 -8.986745 1.777454
v 4.288966 -8.513552 3.020630
v 4.374745 -8.683823 3.081043
v 4.090070 -9.166480 1.813003
v 3.704756 -9.142098 1.642205
v 4.029861 -8.700870 2.838148
v 4.110458 -8.874887 2.894911
v 3.778851 -9.324940 1.675049
v 3.394618 -9.285061 1.504731
v 3.765295 -8.876396 2.651820
v 3.840600 -9.053924 2.704856
v 3.462510 -9.470762 1.534825
v 2.499584 -9.238795 2.897713
v 3.494459 -8.448536 4.051049
v 3.564348 -8.617506 4.132070
v 2.549576 -9.423571 2.955667
v 3.723374 -8.577286 3.544947
v 2.960246 -8.577286 4.203226
v 3.019451 -8.748832 4.287290
v 3.797842 -8.748832 3.615846
v 3.569801 -8.700870 3.398733
v 2.838148 -8.700870 4.029861
v 2.894911 -8.874887 4.110458
v 3.641197 -8.874887 3.466708
v 3.335438 -8.876396 3.175601
v 2.651820 -8.876396 3.765295
v 2.704856 -9.053924 3.840600
v 3.402147 -9.053924 3.239113
v 3.176665 -8.986745 3.024437
v 2.525588 -8.986745 3.586060
v 2.576100 -9.166480 3.657781
v 3.240199 -9.166480 3.084926
v 3.015979 -9.091680 2.871451
v 2.397836 -9.091680 3.404665
v 2.445792 -9.273513 3.472758
v 3.076299 -9.273513 2.928880
v 1.377259 -9.238795 3.570409
v 1.925430 -8.448536 4.991489
v 1.963938 -8.617506 5.091319
v 1.404804 -9.423571 3.641817
v 2.311464 -8.577286 4.592091
v 1.371178 -8.577286 4.954799
v 1.398601 -8.748832 5.053895
v 2.357693 -8.748832 4.683932
v 2.167953 -8.760701 4.306983
v 1.286046 -8.760701 4.647172
v 1.311767 -8.935915 4.740115
v 2.211312 -8.935915 4.393122
v 2.021503 -8.932243 4.016038
v 1.199171 -8.932243 4.333246
v 1.223154 -9.110888 4.419911
v 2.061934 -9.110888 4.096358
v 1.872314 -9.091680 3.719650
v 1.110671 -9.091680 4.013448
v 1.132884 -9.273513 4.093717
v 1.909761 -9.273513 3.794043
v 0.093915 -9.238795 3.825682
v 0.131295 -8.448536 5.348365
v 0.133921 -8.617506 5.455332
v 0.095794 -9.423571 3.902195
v 0.629317 -8.577286 5.102365
v 0.126167 -8.577286 5.139479
v 0.128690 -8.748832 5.242269
v 0.641903 -8.748832 5.204412
v 0.603360 -8.700870 4.891914
v 0.120963 -8.700870 4.927497
v 0.123383 -8.874887 5.026047
v 0.615427 -8.874887 4.989752
v 0.563749 -8.876396 4.570752
v 0.113022 -8.876396 4.604000
v 0.115282 -9.053924 4.696080
v 0.575024 -9.053924 4.662168
v 0.536913 -8.986745 4.353176
v 0.107642 -8.986745 4.384841
v 0.109795 -9.166480 4.472538
v 0.547651 -9.166480 4.440240
v 0.509754 -9.091680 4.132978
v 0.102197 -9.091680 4.163041
v 0.104241 -9.273513 4.246302
v 0.519949 -9.273513 4.215638
v -1.200408 -9.238795 3.633687
v -1.678190 -8.448536 5.079953
v -1.711754 -8.617506 5.181552
v -1.224416 -9.423571 3.706361
v -1.009046 -8.876396 4.493486
v -1.444626 -8.876396 4.372945
v -1.473518 -9.053924 4.460404
v -1.029227 -9.053924 4.583356
v -2.354389 -9.238795 3.016871
v -3.291474 -8.448536 4.217635
v -3.357304 -8.617506 4.301987
v -2.401477 -9.423571 3.077209
v -2.750437 -8.577286 4.343415
v -3.162922 -8.577286 4.052911
v -3.226181 -8.748832 4.133969
v -2.805446 -8.748832 4.430284
v -2.579672 -8.760701 4.073747
v -2.966547 -8.760701 3.801279
v -3.025878 -8.935915 3.877304
v -2.631265 -8.935915 4.155222
v -2.405410 -8.932243 3.798557
v -2.766151 -8.932243 3.544495
v -2.821474 -9.110888 3.615385
v -2.453518 -9.110888 3.874528
v -2.227888 -9.091680 3.518220
v -2.562006 -9.091680 3.282908
v -2.613246 -9.273513 3.348566
v -2.272446 -9.273513 3.588584
v -3.233115 -9.238795 2.047347
v -4.519946 -8.448536 2.862225
v -4.610345 -8.617506 2.919469
v -3.297777 -9.423571 2.088294
v -4.052911 -8.577286 3.162922
v -4.343415 -8.577286 2.750437
v -4.430284 -8.748832 2.805446
v -4.133969 -8.748832 3.226181
v -3.885745 -8.700870 3.032465
v -4.164268 -8.700870 2.636994
v -4.247553 -8.874887 2.689733
v -3.963460 -8.874887 3.093115
v -3.630640 -8.876396 2.833380
v -3.890878 -8.876396 2.463871
v -3.968695 -9.053924 2.513149
v -3.703253 -9.053924 2.890047
v -3.457815 -8.986745 2.698506
v -3.705665 -8.986745 2.346586
v -3.779778 -9.166480 2.393518
v -3.526972 -9.166480 2.752476
v -3.282908 -9.091680 2.562006
v -3.518220 -9.091680 2.227888
v -3.588584 -9.273513 2.272446
v -3.348566 -9.273513 2.613246
v -3.733850 -9.238795 0.838464
v -5.219983 -8.448536 1.172186
v -5.324383 -8.617506 1.195630
v -3.808527 -9.423571 0.855233
v -4.881550 -8.577286 1.612646
v -5.016111 -8.577286 1.126405
v -5.116434 -8.748832 1.148934
v -4.979181 -8.748832 1.644899
v -4.680207 -8.700870 1.546132
v -4.809218 -8.700870 1.079946
v -4.905403 -8.874887 1.101545
v -4.773811 -8.874887 1.577054
v -4.372945 -8.876396 1.444626
v -4.493486 -8.876396 1.009046
v -4.583356 -9.053924 1.029227
v -4.460404 -9.053924 1.473518
v -4.164785 -8.986745 1.375859
v -4.279588 -8.986745 0.961014
v -4.365180 -9.166480 0.980234
v -4.248080 -9.166480 1.403376
v -3.954116 -9.091680 1.306263
v -4.063112 -9.091680 0.912402
v -4.144374 -9.273513 0.930650
v -4.033198 -9.273513 1.332389
v -3.798055 -9.238795 -0.468445
v -5.309742 -8.448536 -0.654894
v -5.415937 -8.617506 -0.667992
v -3.874016 -9.423571 -0.477814
v -4.712548 -8.819213 -0.115687
v -5.420711 -8.314696 -1.217261
v -5.529125 -8.480990 -1.241606
v -4.806799 -8.995597 -0.118000
v -4.384841 -8.986745 -0.107642
v -5.118433 -8.513552 -1.149383
v -5.220801 -8.683823 -1.172370
v -4.472538 -9.166480 -0.109795
v -4.051193 -9.142098 -0.099451
v -4.809218 -8.700870 -1.079946
v -4.905403 -8.874887 -1.101545
v -4.132216 -9.324940 -0.101440
v -3.712054 -9.285061 -0.091126
v -4.493486 -8.876396 -1.009046
v -4.583356 -9.053924 -1.029227
v -3.786295 -9.470762 -0.092948
v -3.418221 -9.238795 -1.720588
v -4.778729 -8.448536 -2.405410
v -4.874303 -8.617506 -2.453518
v -3.486586 -9.423571 -1.755000
v -4.592091 -8.577286 -2.311464
v -4.343415 -8.577286 -2.750437
v -4.430284 -8.748832 -2.805446
v -4.683932 -8.748832 -2.357693
v -4.402686 -8.700870 -2.216126
v -4.164268 -8.700870 -2.636994
v -4.247553 -8.874887 -2.689733
v -4.490740 -8.874887 -2.260449
v -4.113644 -8.876396 -2.070634
v -3.890878 -8.876396 -2.463871
v -3.968695 -9.053924 -2.513149
v -4.195917 -9.053924 -2.112047
v -3.917827 -8.986745 -1.972068
v -3.705665 -8.986745 -2.346586
v -3.779778 -9.166480 -2.393518
v -3.996183 -9.166480 -2.011510
v -3.719650 -9.091680 -1.872314
v -3.518220 -9.091680 -2.227888
v -3.588584 -9.273513 -2.272446
v -3.794043 -9.273513 -1.909761
v -2.638757 -9.238795 -2.771574
v -3.689026 -8.448536 -3.874705
v -3.762806 -8.617506 -3.952199
v -2.691533 -9.423571 -2.827005
v -3.892831 -8.577286 -3.357980
v -3.544947 -8.577286 -3.723374
v -3.615846 -8.748832 -3.797842
v -3.970688 -8.748832 -3.425139
v -3.732269 -8.700870 -3.219477
v -3.398733 -8.700870 -3.569801
v -3.466708 -8.874887 -3.641197
v -3.806914 -8.874887 -3.283867
v -3.487240 -8.876396 -3.008114
v -3.175601 -8.876396 -3.335438
v -3.239113 -9.053924 -3.402147
v -3.556985 -9.053924 -3.068276
v -3.321241 -8.986745 -2.864922
v -3.024437 -8.986745 -3.176665
v -3.084926 -9.166480 -3.240199
v -3.387666 -9.166480 -2.922221
v -3.153241 -9.091680 -2.720005
v -2.871451 -9.091680 -3.015979
v -2.928880 -9.273513 -3.076299
v -3.216306 -9.273513 -2.774405
v -1.550791 -9.238795 -3.498529
v -2.168031 -8.448536 -4.891000
v -2.211392 -8.617506 -4.988820
v -1.581807 -9.423571 -3.568500
v -2.083357 -8.577286 -4.699977
v -1.612646 -8.577286 -4.881550
v -1.644899 -8.748832 -4.979181
v -2.125024 -8.748832 -4.793977
v -1.954008 -8.760701 -4.408171
v -1.512522 -8.760701 -4.578471
v -1.542773 -8.935915 -4.670040
v -1.993088 -8.935915 -4.496335
v -1.822011 -8.932243 -4.110391
v -1.410349 -8.932243 -4.269186
v -1.438556 -9.110888 -4.354570
v -1.858451 -9.110888 -4.192598
v -1.687545 -9.091680 -3.807040
v -1.306263 -9.091680 -3.954116
v -1.332389 -9.273513 -4.033198
v -1.721296 -9.273513 -3.883180
v -0.281519 -9.238795 -3.816465
v -0.393569 -8.448536 -5.335480
v -0.401440 -8.617506 -5.442190
v -0.287150 -9.423571 -3.892795
v -0.805909 -8.819213 -4.644567
v 0.136344 -8.314696 -5.554029
v 0.139071 -8.480990 -5.665110
v -0.822027 -8.995597 -4.737458
v -0.768664 -8.932243 -4.429920
v 0.131295 -8.448536 -5.348365
v 0.133921 -8.617506 -5.455332
v -0.784037 -9.110888 -4.518518
v -0.711936 -9.091680 -4.102987
v 0.123575 -8.639729 -5.033867
v 0.126046 -8.812523 -5.134545
v -0.726175 -9.273513 -4.185047
v -0.673576 -9.191139 -3.881915
v 0.118334 -8.760701 -4.820385
v 0.120700 -8.935915 -4.916793
v -0.687048 -9.374961 -3.959554
v -0.634811 -9.285061 -3.658505
v 0.113022 -8.876396 -4.604000
v 0.115282 -9.053924 -4.696080
v -0.647507 -9.470762 -3.731675
v 1.020666 -9.238795 -3.688211
v 1.426907 -8.448536 -5.156179
v 1.455445 -8.617506 -5.259303
v 1.041079 -9.423571 -3.761976
v 1.371178 -8.577286 -4.954799
v 1.850230 -8.577286 -4.796542
v 1.887235 -8.748832 -4.892472
v 1.398601 -8.748832 -5.053895
v 1.314622 -8.700870 -4.750435
v 1.773916 -8.700870 -4.598705
v 1.809394 -8.874887 -4.690679
v 1.340915 -8.874887 -4.845444
v 1.228315 -8.876396 -4.438562
v 1.657456 -8.876396 -4.296793
v 1.690605 -9.053924 -4.382729
v 1.252882 -9.053924 -4.527333
v 1.169845 -8.986745 -4.227278
v 1.578558 -8.986745 -4.092258
v 1.610129 -9.166480 -4.174103
v 1.193242 -9.166480 -4.311824
v 1.110671 -9.091680 -4.013448
v 1.498709 -9.091680 -3.885258
v 1.528684 -9.273513 -3.962963
v 1.132884 -9.273513 -4.093717
v 2.203523 -9.238795 -3.128762
v 3.080560 -8.448536 -4.374059
v 3.142171 -8.617506 -4.461540
v 2.247593 -9.423571 -3.191337
v 2.960246 -8.577286 -4.203226
v 3.357980 -8.577286 -3.892831
v 3.425139 -8.748832 -3.970688
v 3.019451 -8.748832 -4.287290
v 2.776454 -8.760701 -3.942261
v 3.149493 -8.760701 -3.651138
v 3.212483 -8.935915 -3.724161
v 2.831983 -8.935915 -4.021107
v 2.588899 -8.932243 -3.675954
v 2.936739 -8.932243 -3.404497
v 2.995474 -9.110888 -3.472587
v 2.640677 -9.110888 -3.749473
v 2.397836 -9.091680 -3.404665
v 2.720005 -9.091680 -3.153241
v 2.774405 -9.273513 -3.216306
v 2.445792 -9.273513 -3.472758
v 3.128762 -9.238795 -2.203523
v 4.374059 -8.448536 -3.080560
v 4.461540 -8.617506 -3.142171
v 3.191337 -9.423571 -2.247593
v 3.732269 -8.700870 -3.219477
v 4.029861 -8.700870 -2.838148
v 4.110458 -8.874887 -2.894911
v 3.806914 -8.874887 -3.283867
v 3.321241 -8.986745 -2.864922
v 3.586060 -8.986745 -2.525588
v 3.657781 -9.166480 -2.576100
v 3.387666 -9.166480 -2.922221
v 3.688211 -9.238795 -1.020666
v 5.156179 -8.448536 -1.426907
v 5.259303 -8.617506 -1.455445
v 3.761976 -9.423571 -1.041079
v 4.796542 -8.577286 -1.850230
v 5.065339 -8.577286 -0.878920
v 5.166646 -8.748832 -0.896498
v 4.892472 -8.748832 -1.887235
v 4.498740 -8.760701 -1.735355
v 4.750849 -8.760701 -0.824350
v 4.845866 -8.935915 -0.840837
v 4.588715 -8.935915 -1.770063
v 4.194841 -8.932243 -1.618129
v 4.429920 -8.932243 -0.768664
v 4.518518 -9.110888 -0.784037
v 4.278738 -9.110888 -1.650491
v 3.885258 -9.091680 -1.498709
v 4.102987 -9.091680 -0.711936
v 4.185047 -9.273513 -0.726175
v 3.962963 -9.273513 -1.528684
v 2.158756 -9.757021 0.374580
v 3.770494 -9.238795 0.654243
v 3.845904 -9.423571 0.667328
v 2.201931 -9.952162 0.382071
v 3.545965 -9.329928 0.615283
v 3.468582 -9.329928 0.959886
v 3.537954 -9.516527 0.979084
v 3.616885 -9.516527 0.627589
v 3.205210 -9.456073 0.556157
v 3.135263 -9.456073 0.867644
v 3.197968 -9.645195 0.884997
v 3.269314 -9.645195 0.567280
v 2.860110 -9.569403 0.496276
v 2.797694 -9.569403 0.774226
v 2.853648 -9.760791 0.789711
v 2.917312 -9.760791 0.506202
v 2.511134 -9.669765 0.435723
v 2.456334 -9.669765 0.679759
v 2.505461 -9.863160 0.693354
v 2.561357 -9.863160 0.444438
v 1.906371 -9.757021 1.079946
v 3.329679 -9.238795 1.886240
v 3.396272 -9.423571 1.923965
v 1.944499 -9.952162 1.101545
v 2.867709 -9.495282 1.271168
v 3.313191 -9.142098 2.333413
v 3.379455 -9.324940 2.380081
v 2.925063 -9.685187 1.296591
v 2.546254 -9.604305 1.128677
v 3.035833 -9.285061 2.138075
v 3.096550 -9.470762 2.180836
v 2.597179 -9.796391 1.151250
v 2.221349 -9.700313 0.984656
v 2.754360 -9.415441 1.939839
v 2.809447 -9.603749 1.978636
v 2.265775 -9.894319 1.004349
v 1.893432 -9.783174 0.839301
v 2.469155 -9.533060 1.738975
v 2.518538 -9.723722 1.773754
v 1.931301 -9.978837 0.856087
v 1.431110 -9.757021 1.659054
v 2.499584 -9.238795 2.897713
v 2.549576 -9.423571 2.955667
v 1.459732 -9.952162 1.692235
v 2.606529 -9.329928 2.481622
v 2.072305 -9.329928 2.942447
v 2.113751 -9.516527 3.001296
v 2.658660 -9.516527 2.531255
v 2.439915 -9.415441 2.322992
v 1.939839 -9.415441 2.754360
v 1.978636 -9.603749 2.809447
v 2.488713 -9.603749 2.369452
v 2.187269 -9.533060 2.082453
v 1.738975 -9.533060 2.469155
v 1.773754 -9.723722 2.518538
v 2.231015 -9.723722 2.124103
v 2.017171 -9.604305 1.920506
v 1.603739 -9.604305 2.277135
v 1.635814 -9.796391 2.322677
v 2.057514 -9.796391 1.958916
v 1.845857 -9.669765 1.757402
v 1.467537 -9.669765 2.083743
v 1.496888 -9.863160 2.125418
v 1.882774 -9.863160 1.792550
v 0.788534 -9.757021 2.044199
v 1.377259 -9.238795 3.570409
v 1.404804 -9.423571 3.641817
v 0.804305 -9.952162 2.085083
v 1.212450 -9.415441 3.143158
v 0.898528 -9.415441 3.246864
v 0.916499 -9.603749 3.311801
v 1.236699 -9.603749 3.206021
v 1.002379 -9.604305 2.598569
v 0.742848 -9.604305 2.684306
v 0.757704 -9.796391 2.737992
v 1.022426 -9.796391 2.650540
v 0.053770 -9.757021 2.190353
v 0.093915 -9.238795 3.825682
v 0.095794 -9.423571 3.902195
v 0.054846 -9.952162 2.234160
v 0.482288 -9.191139 3.910290
v -0.222169 -9.533060 3.011877
v -0.226613 -9.723722 3.072114
v 0.491934 -9.374961 3.988496
v 0.426502 -9.373390 3.457984
v -0.187491 -9.669765 2.541751
v -0.191241 -9.863160 2.592586
v 0.435032 -9.560858 3.527144
v 0.383980 -9.495282 3.113227
v -0.161181 -9.757021 2.185076
v -0.164404 -9.952162 2.228777
v 0.391660 -9.685187 3.175492
v -0.687281 -9.757021 2.080428
v -1.200408 -9.238795 3.633687
v -1.224416 -9.423571 3.706361
v -0.701026 -9.952162 2.122037
v -0.788534 -9.329928 3.511504
v -1.128925 -9.329928 3.417305
v -1.151504 -9.516527 3.485651
v -0.804305 -9.516527 3.581734
v -0.738130 -9.415441 3.287041
v -1.056762 -9.415441 3.198864
v -1.077897 -9.603749 3.262841
v -0.752892 -9.603749 3.352782
v -0.661699 -9.533060 2.946678
v -0.947338 -9.533060 2.867632
v -0.966284 -9.723722 2.924984
v -0.674933 -9.723722 3.005612
v -0.610240 -9.604305 2.717523
v -0.873665 -9.604305 2.644623
v -0.891139 -9.796391 2.697515
v -0.622445 -9.796391 2.771873
v -0.558414 -9.669765 2.486730
v -0.799467 -9.669765 2.420021
v -0.815456 -9.863160 2.468422
v -0.569582 -9.863160 2.536464
v -1.347980 -9.757021 1.727277
v -2.354389 -9.238795 3.016871
v -2.401477 -9.423571 3.077209
v -1.374940 -9.952162 1.761822
v -1.678190 -9.495282 2.650151
v -2.794303 -9.142098 2.934948
v -2.850189 -9.324940 2.993647
v -1.711754 -9.685187 2.703154
v -1.553016 -9.569403 2.452480
v -2.638757 -9.238795 2.771574
v -2.691533 -9.423571 2.827005
v -1.584076 -9.760791 2.501530
v -1.363525 -9.669765 2.153242
v -2.402488 -9.373390 2.523412
v -2.450538 -9.560858 2.573880
v -1.390796 -9.863160 2.196306
v -1.236155 -9.729400 1.952103
v -2.243146 -9.456073 2.356050
v -2.288009 -9.645195 2.403171
v -1.260878 -9.923988 1.991145
v -1.108041 -9.783174 1.749788
v -2.082453 -9.533060 2.187269
v -2.124103 -9.723722 2.231015
v -1.130202 -9.978837 1.784784
v -1.851085 -9.757021 1.172186
v -3.233115 -9.238795 2.047347
v -3.297777 -9.423571 2.088294
v -1.888106 -9.952162 1.195630
v -3.040586 -9.329928 1.925430
v -3.214670 -9.329928 1.618129
v -3.278963 -9.516527 1.650491
v -3.101398 -9.516527 1.963938
v -2.748396 -9.456073 1.740402
v -2.905751 -9.456073 1.462632
v -2.963866 -9.645195 1.491885
v -2.803364 -9.645195 1.775210
v -2.452480 -9.569403 1.553016
v -2.592893 -9.569403 1.305153
v -2.644751 -9.760791 1.331256
v -2.501530 -9.760791 1.584076
v -2.153242 -9.669765 1.363525
v -2.276522 -9.669765 1.145905
v -2.322052 -9.863160 1.168823
v -2.196306 -9.863160 1.390796
v -2.137775 -9.757021 0.480054
v -3.733850 -9.238795 0.838464
v -3.808527 -9.423571 0.855233
v -2.180531 -9.952162 0.489655
v -3.847880 -9.142098 1.271168
v -3.113227 -9.495282 0.383980
v -3.175492 -9.685187 0.391660
v -3.924838 -9.324940 1.296591
v -3.633687 -9.238795 1.200408
v -2.881016 -9.569403 0.355339
v -2.938636 -9.760791 0.362446
v -3.706361 -9.423571 1.224416
v -3.308334 -9.373390 1.092926
v -2.529490 -9.669765 0.311983
v -2.580079 -9.863160 0.318222
v -3.374500 -9.560858 1.114784
v -3.088913 -9.456073 1.020439
v -2.293204 -9.729400 0.282840
v -2.339069 -9.923988 0.288497
v -3.150691 -9.645195 1.040848
v -2.867632 -9.533060 0.947338
v -2.055538 -9.783174 0.253526
v -2.096649 -9.978837 0.258597
v -2.924984 -9.723722 0.966284
v -2.174535 -9.757021 -0.268203
v -3.798055 -9.238795 -0.468445
v -3.874016 -9.423571 -0.477814
v -2.218026 -9.952162 -0.273567
v -3.483137 -9.373390 -0.085506
v -2.486730 -9.669765 -0.558414
v -2.536464 -9.863160 -0.569582
v -3.552800 -9.560858 -0.087216
v -1.957066 -9.757021 -0.985104
v -3.418221 -9.238795 -1.720588
v -3.486586 -9.423571 -1.755000
v -1.996207 -9.952162 -1.004806
v -3.570409 -9.238795 -1.377259
v -2.452480 -9.569403 -1.553016
v -2.501530 -9.760791 -1.584076
v -3.641817 -9.423571 -1.404804
v -3.035122 -9.456073 -1.170776
v -1.952103 -9.729400 -1.236155
v -1.991145 -9.923988 -1.260878
v -3.095824 -9.645195 -1.194191
v -1.510792 -9.757021 -1.586834
v -2.638757 -9.238795 -2.771574
v -2.691533 -9.423571 -2.827005
v -1.541008 -9.952162 -1.618571
v -2.725157 -9.329928 -2.350737
v -2.481622 -9.329928 -2.606529
v -2.531255 -9.516527 -2.658660
v -2.779660 -9.516527 -2.397751
v -2.550960 -9.415441 -2.200473
v -2.322992 -9.415441 -2.439915
v -2.369452 -9.603749 -2.488713
v -2.601979 -9.603749 -2.244482
v -2.286816 -9.533060 -1.972621
v -2.082453 -9.533060 -2.187269
v -2.124103 -9.723722 -2.231015
v -2.332552 -9.723722 -2.012073
v -2.108976 -9.604305 -1.819215
v -1.920506 -9.604305 -2.017171
v -1.958916 -9.796391 -2.057514
v -2.151155 -9.796391 -1.855599
v -1.929865 -9.669765 -1.664713
v -1.757402 -9.669765 -1.845857
v -1.792550 -9.863160 -1.882774
v -1.968463 -9.863160 -1.698008
v -0.887889 -9.757021 -2.003045
v -1.550791 -9.238795 -3.498529
v -1.581807 -9.423571 -3.568500
v -0.905647 -9.952162 -2.043106
v -1.256228 -9.669765 -2.217553
v -1.092926 -9.373390 -3.308334
v -1.114784 -9.560858 -3.374500
v -1.281353 -9.863160 -2.261904
v -0.161181 -9.757021 -2.185076
v -0.281519 -9.238795 -3.816465
v -0.287150 -9.423571 -3.892795
v -0.164404 -9.952162 -2.228777
v -0.247832 -9.415441 -3.359770
v 0.082677 -9.415441 -3.367884
v 0.084330 -9.603749 -3.435242
v -0.252788 -9.603749 -3.426966
v -0.204892 -9.604305 -2.777650
v 0.068352 -9.604305 -2.784358
v 0.069719 -9.796391 -2.840045
v -0.208990 -9.796391 -2.833203
v 0.584371 -9.757021 -2.111645
v 1.020666 -9.238795 -3.688211
v 1.041079 -9.423571 -3.761976
v 0.596058 -9.952162 -2.153878
v 0.595663 -9.373390 -3.432891
v 0.929277 -9.373390 -3.357976
v 0.947863 -9.560858 -3.425135
v 0.607576 -9.560858 -3.501549
v 0.516315 -9.533060 -2.975597
v 0.805488 -9.533060 -2.910661
v 0.821598 -9.723722 -2.968874
v 0.526641 -9.723722 -3.035109
v 0.455977 -9.637761 -2.627861
v 0.711357 -9.637761 -2.570514
v 0.725584 -9.830516 -2.621924
v 0.465097 -9.830516 -2.680418
v 1.261603 -9.757021 -1.791338
v 2.203523 -9.238795 -3.128762
v 2.247593 -9.423571 -3.191337
v 1.286835 -9.952162 -1.827165
v 1.488582 -9.533060 -2.627714
v 1.738975 -9.533060 -2.469155
v 1.773754 -9.723722 -2.518538
v 1.518354 -9.723722 -2.680269
v 1.791338 -9.757021 -1.261603
v 3.128762 -9.238795 -2.203523
v 3.191337 -9.423571 -2.247593
v 1.827165 -9.952162 -1.286835
v 2.469155 -9.533060 -1.738975
v 2.627714 -9.533060 -1.488582
v 2.680269 -9.723722 -1.518354
v 2.518538 -9.723722 -1.773754
v 2.111645 -9.757021 -0.584371
v 3.688211 -9.238795 -1.020666
v 3.761976 -9.423571 -1.041079
v 2.153878 -9.952162 -0.596058
v 2.377878 -9.669765 -0.917249
v 3.432891 -9.373390 -0.595663
v 3.501549 -9.560858 -0.607576
v 2.425436 -9.863160 -0.935594
v 0.483453 -9.987955 0.083887
v 2.158756 -9.757021 0.374580
v 2.201931 -9.952162 0.382071
v 0.493122 -10.187714 0.085565
v 2.185076 -9.757021 0.161181
v 1.179765 -9.924795 0.326485
v 1.203360 -10.123291 0.333015
v 2.228777 -9.952162 0.164404
v 1.584277 -9.873014 0.116863
v 0.590995 -9.981181 0.163550
v 0.602814 -10.180805 0.166821
v 1.615963 -10.070474 0.119201
v 0.426931 -9.987955 0.241854
v 1.906371 -9.757021 1.079946
v 1.944499 -9.952162 1.101545
v 0.435470 -10.187714 0.246691
v 2.221349 -9.700313 0.984656
v 1.199646 -9.891765 0.844886
v 1.223639 -10.089600 0.861784
v 2.265775 -9.894319 1.004349
v 2.003045 -9.757021 0.887889
v 1.000811 -9.924795 0.704851
v 1.020827 -10.123291 0.718948
v 2.043106 -9.952162 0.905647
v 1.673369 -9.831055 0.741753
v 0.701466 -9.963126 0.494028
v 0.715495 -10.162389 0.503909
v 1.706836 -10.027676 0.756588
v 1.452297 -9.873014 0.643759
v 0.501349 -9.981181 0.353090
v 0.511376 -10.180805 0.360152
v 1.481343 -10.070474 0.656634
v 1.230350 -9.909026 0.545377
v 0.300930 -9.993224 0.211939
v 0.306949 -10.193088 0.216178
v 1.254957 -10.107207 0.556284
v 0.320497 -9.987955 0.371545
v 1.431110 -9.757021 1.659054
v 1.459732 -9.952162 1.692235
v 0.326907 -10.187714 0.378976
v 1.412936 -9.807853 1.345227
v 1.123346 -9.807853 1.595029
v 1.145813 -10.004010 1.626929
v 1.441195 -10.004010 1.372131
v 1.238186 -9.852776 1.178852
v 0.984413 -9.852776 1.397758
v 1.004101 -10.049832 1.425714
v 1.262950 -10.049832 1.202429
v 0.974697 -9.909026 0.927989
v 0.774927 -9.909026 1.100311
v 0.790425 -10.107207 1.122318
v 0.994191 -10.107207 0.946548
v 0.798281 -9.939070 0.760027
v 0.634668 -9.939070 0.901160
v 0.647362 -10.137851 0.919183
v 0.814247 -10.137851 0.775227
v 0.621385 -9.963126 0.591607
v 0.494028 -9.963126 0.701466
v 0.503909 -10.162389 0.715495
v 0.633812 -10.162389 0.603439
v 0.176592 -9.987955 0.457798
v 0.788534 -9.757021 2.044199
v 0.804305 -9.952162 2.085083
v 0.180124 -10.187714 0.466954
v 0.822968 -9.831055 1.634957
v 0.488191 -9.831055 1.764095
v 0.497955 -10.027676 1.799377
v 0.839427 -10.027676 1.667656
v 0.605090 -9.909026 1.202108
v 0.358944 -9.909026 1.297057
v 0.366123 -10.107207 1.322998
v 0.617192 -10.107207 1.226150
v 0.440696 -9.951847 0.875513
v 0.261424 -9.951847 0.944666
v 0.266653 -10.150884 0.963559
v 0.449510 -10.150884 0.893023
v 0.012042 -9.987955 0.490529
v 0.053770 -9.757021 2.190353
v 0.054846 -9.952162 2.234160
v 0.012283 -10.187714 0.500340
v 0.047878 -9.807853 1.950316
v -0.143517 -9.807853 1.945617
v -0.146388 -10.004010 1.984530
v 0.048835 -10.004010 1.989322
v 0.041956 -9.852776 1.709104
v -0.125767 -9.852776 1.704987
v -0.128283 -10.049832 1.739086
v 0.042795 -10.049832 1.743286
v 0.033028 -9.909026 1.345402
v -0.099004 -9.909026 1.342161
v -0.100984 -10.107207 1.369004
v 0.033688 -10.107207 1.372310
v 0.027050 -9.939070 1.101890
v -0.081084 -9.939070 1.099236
v -0.082706 -10.137851 1.121220
v 0.027591 -10.137851 1.123928
v 0.021056 -9.963126 0.857715
v -0.063116 -9.963126 0.855648
v -0.064379 -10.162389 0.872761
v 0.021477 -10.162389 0.874869
v -0.153916 -9.987955 0.465911
v -0.687281 -9.757021 2.080428
v -0.701026 -9.952162 2.122037
v -0.156995 -10.187714 0.475230
v -0.374580 -9.852776 1.668079
v -0.692808 -9.852776 1.562950
v -0.706664 -10.049832 1.594209
v -0.382071 -10.049832 1.701440
v -0.241498 -9.939070 1.075440
v -0.446666 -9.939070 1.007662
v -0.455599 -10.137851 1.027815
v -0.246328 -10.137851 1.096949
v -0.301880 -9.987955 0.386823
v -1.347980 -9.757021 1.727277
v -1.374940 -9.952162 1.761822
v -0.307917 -10.187714 0.394560
v -0.720004 -9.909026 1.137010
v -0.927989 -9.909026 0.974697
v -0.946548 -10.107207 0.994191
v -0.734404 -10.107207 1.159750
v -0.414550 -9.987955 0.262511
v -1.851085 -9.757021 1.172186
v -1.888106 -9.952162 1.195630
v -0.422841 -10.187714 0.267761
v -1.156744 -9.891765 0.902732
v -2.170358 -9.700313 1.092466
v -2.213765 -9.894319 1.114316
v -1.179879 -10.089600 0.920787
v -0.868933 -9.939070 0.678122
v -1.849969 -9.783174 0.931196
v -1.886969 -9.978837 0.949820
v -0.886311 -10.137851 0.691684
v -0.579944 -9.972905 0.452592
v -1.527073 -9.852776 0.768664
v -1.557615 -10.049832 0.784037
v -0.591542 -10.172363 0.461644
v -0.290168 -9.993224 0.226450
v -1.202108 -9.909026 0.605090
v -1.226150 -10.107207 0.617192
v -0.295972 -10.193088 0.230979
v -0.478754 -9.987955 0.107508
v -2.137775 -9.757021 0.480054
v -2.180531 -9.952162 0.489655
v -0.488329 -10.187714 0.109658
v -1.738015 -9.831055 0.574163
v -1.785924 -9.831055 0.401043
v -1.821643 -10.027676 0.409064
v -1.772776 -10.027676 0.585646
v -1.277882 -9.909026 0.422155
v -1.313107 -9.909026 0.294868
v -1.339369 -10.107207 0.300765
v -1.303439 -10.107207 0.430598
v -0.930700 -9.951847 0.307462
v -0.956355 -9.951847 0.214757
v -0.975482 -10.150884 0.219052
v -0.949314 -10.150884 0.313611
v -0.486987 -9.987955 -0.060064
v -2.174535 -9.757021 -0.268203
v -2.218026 -9.952162 -0.273567
v -0.496726 -10.187714 -0.061265
v -1.709104 -9.852776 -0.041956
v -1.668079 -9.852776 -0.374580
v -1.701440 -10.049832 -0.382071
v -1.743286 -10.049832 -0.042795
v -1.101890 -9.939070 -0.027050
v -1.075440 -9.939070 -0.241498
v -1.096949 -10.137851 -0.246328
v -1.123928 -10.137851 -0.027591
v -0.438284 -9.987955 -0.220614
v -1.957066 -9.757021 -0.985104
v -1.996207 -9.952162 -1.004806
v -0.447050 -10.187714 -0.225026
v -1.820179 -9.807853 -0.702120
v -1.648228 -9.807853 -1.043729
v -1.681192 -10.004010 -1.064603
v -1.856582 -10.004010 -0.716163
v -1.595062 -9.852776 -0.615283
v -1.444378 -9.852776 -0.914642
v -1.473265 -10.049832 -0.932935
v -1.626963 -10.049832 -0.627589
v -1.255628 -9.909026 -0.484349
v -1.137010 -9.909026 -0.720004
v -1.159750 -10.107207 -0.734404
v -1.280741 -10.107207 -0.494036
v -1.028365 -9.939070 -0.396684
v -0.931216 -9.939070 -0.589686
v -0.949841 -10.137851 -0.601480
v -1.048933 -10.137851 -0.404618
v -0.800483 -9.963126 -0.308780
v -0.724862 -9.963126 -0.459014
v -0.739359 -10.162389 -0.468194
v -0.816492 -10.162389 -0.314956
v -0.338342 -9.987955 -0.355371
v -1.510792 -9.757021 -1.586834
v -1.541008 -9.952162 -1.618571
v -0.345108 -10.187714 -0.362479
v -1.477241 -9.807853 -1.274277
v -1.345227 -9.807853 -1.412936
v -1.372131 -10.004010 -1.441195
v -1.506786 -10.004010 -1.299763
v -1.294539 -9.852776 -1.116677
v -1.178852 -9.852776 -1.238186
v -1.202429 -10.049832 -1.262950
v -1.320429 -10.049832 -1.139010
v -1.019057 -9.909026 -0.879045
v -0.927989 -9.909026 -0.974697
v -0.946548 -10.107207 -0.994191
v -1.039438 -10.107207 -0.896626
v -0.834612 -9.939070 -0.719942
v -0.760027 -9.939070 -0.798281
v -0.775227 -10.137851 -0.814247
v -0.851305 -10.137851 -0.734340
v -0.649665 -9.963126 -0.560405
v -0.591607 -9.963126 -0.621385
v -0.603439 -10.162389 -0.633812
v -0.662658 -10.162389 -0.571613
v -0.198842 -9.987955 -0.448581
v -0.887889 -9.757021 -2.003045
v -0.905647 -9.952162 -2.043106
v -0.202819 -10.187714 -0.457553
v -1.079946 -9.757021 -1.906371
v -0.383980 -9.924795 -1.162324
v -0.391660 -10.123291 -1.185570
v -1.101545 -9.952162 -1.944499
v -0.783009 -9.873014 -1.382204
v -0.192352 -9.981181 -0.582258
v -0.196199 -10.180805 -0.593903
v -0.798669 -10.070474 -1.409848
v -0.036096 -9.987955 -0.489347
v -0.161181 -9.757021 -2.185076
v -0.164404 -9.952162 -2.228777
v -0.036818 -10.187714 -0.499134
v -0.312928 -9.831055 -1.803451
v 0.044920 -9.831055 -1.829848
v 0.045819 -10.027676 -1.866445
v -0.319187 -10.027676 -1.839520
v -0.230082 -9.909026 -1.325994
v 0.033028 -9.909026 -1.345402
v 0.033688 -10.107207 -1.372310
v -0.234683 -10.107207 -1.352514
v -0.167572 -9.951847 -0.965741
v 0.024055 -9.951847 -0.979876
v 0.024536 -10.150884 -0.999474
v -0.170923 -10.150884 -0.985056
v 0.130870 -9.987955 -0.472903
v 0.584371 -9.757021 -2.111645
v 0.596058 -9.952162 -2.153878
v 0.133487 -10.187714 -0.482361
v 0.146681 -9.963126 -0.845342
v 0.658751 -9.831055 -1.707749
v 0.671927 -10.027676 -1.741904
v 0.149614 -10.162389 -0.862249
v 0.282536 -9.987955 -0.401170
v 1.261603 -9.757021 -1.791338
v 1.286835 -9.952162 -1.827165
v 0.288186 -10.187714 -0.409193
v 0.902200 -9.831055 -1.592606
v 1.195567 -9.831055 -1.385994
v 1.219478 -10.027676 -1.413714
v 0.920244 -10.027676 -1.624458
v 0.663346 -9.909026 -1.170969
v 0.879045 -9.909026 -1.019057
v 0.896626 -10.107207 -1.039438
v 0.676613 -10.107207 -1.194389
v 0.483125 -9.951847 -0.852834
v 0.640221 -9.951847 -0.742194
v 0.653026 -10.150884 -0.757038
v 0.492787 -10.150884 -0.869891
v 0.401170 -9.987955 -0.282536
v 1.791338 -9.757021 -1.261603
v 1.827165 -9.952162 -1.286835
v 0.409193 -10.187714 -0.288186
v 1.385994 -9.831055 -1.195567
v 1.496506 -9.831055 -1.053959
v 1.526436 -10.027676 -1.075038
v 1.413714 -10.027676 -1.219478
v 1.019057 -9.909026 -0.879045
v 1.100311 -9.909026 -0.774927
v 1.122318 -10.107207 -0.790425
v 1.039438 -10.107207 -0.896626
v 0.742194 -9.951847 -0.640221
v 0.801373 -9.951847 -0.564391
v 0.817401 -10.150884 -0.575679
v 0.757038 -10.150884 -0.653026
v 0.472903 -9.987955 -0.130870
v 2.111645 -9.757021 -0.584371
v 2.153878 -9.952162 -0.596058
v 0.482361 -10.187714 -0.133487
v 1.297057 -9.909026 -0.358944
v 1.325994 -9.909026 -0.230082
v 1.352514 -10.107207 -0.234683
v 1.322998 -10.107207 -0.366123

f 1 2 3
f 1 3 4
f 1 4 5
f 1 5 6
f 1 6 7
f 1 7 8
f 1 8 9
f 1 9 10
f 1 10 11
f 1 11 12
f 1 12 13
f 1 13 14
f 1 14 15
f 1 15 16
f 1 16 17
f 1 17 18
f 1 18 19
f 1 19 20
f 1 20 21
f 1 21 22
f 1 22 23
f 1 23 24
f 1 24 25
f 1 25 26
f 1 26 27
f 1 27 28
f 1 28 29
f 1 29 30
f 1 30 31
f 1 31 32
f 1 32 33
f 1 33 34
f 1 34 35
f 1 35 36
f 1 36 37
f 1 37 38
f 1 38 39
f 1 39 40
f 1 40 41
f 1 41 42
f 1 42 43
f 1 43 44
f 1 44 45
f 1 45 46
f 1 46 47
f 1 47 48
f 1 48 49
f 1 49 50
f 1 50 51
f 1 51 52
f 1 52 53
f 1 53 54
f 1 54 55
f 1 55 56
f 1 56 57
f 1 57 58
f 1 58 59
f 1 59 60
f 1 60 61
f 1 61 62
f 1 62 63
f 1 63 64
f 1 64 65
f 1 65 2
f 2 3 67 66
f 3 4 68 67
f 4 5 69 68
f 5 6 70 69
f 6 7 71 70
f 7 8 72 71
f 8 9 73 72
f 9 10 74 73
f 10 11 75 74
f 11 12 76 75
f 12 13 77 76
f 13 14 78 77
f 14 15 79 78
f 15 16 80 79
f 16 17 81 80
f 17 18 82 81
f 18 19 83 82
f 19 20 84 83
f 20 21 85 84
f 21 22 86 85
f 22 23 87 86
f 23 24 88 87
f 24 25 89 88
f 25 26 90 89
f 26 27 91 90
f 27 28 92 91
f 28 29 93 92
f 29 30 94 93
f 30 31 95 94
f 31 32 96 95
f 32 33 97 96
f 33 34 98 97
f 34 35 99 98
f 35 36 100 99
f 36 37 101 100
f 37 38 102 101
f 38 39 103 102
f 39 40 104 103
f 40 41 105 104
f 41 42 106 105
f 42 43 107 106
f 43 44 108 107
f 44 45 109 108
f 45 46 110 109
f 46 47 111 110
f 47 48 112 111
f 48 49 113 112
f 49 50 114 113
f 50 51 115 114
f 51 52 116 115
f 52 53 117 116
f 53 54 118 117
f 54 55 119 118
f 55 56 120 119
f 56 57 121 120
f 57 58 122 121
f 58 59 123 122
f 59 60 124 123
f 60 61 125 124
f 61 62 126 125
f 62 63 127 126
f 63 64 128 127
f 64 65 129 128
f 65 2 66 129
f 66 67 131 130
f 67 68 132 131
f 68 69 133 132
f 69 70 134 133
f 70 71 135 134
f 71 72 136 135
f 72 73 137 136
f 73 74 138 137
f 74 75 139 138
f 75 76 140 139
f 76 77 141 140
f 77 78 142 141
f 78 79 143 142
f 79 80 144 143
f 80 81 145 144
f 81 82 146 145
f 82 83 147 146
f 83 84 148 147
f 84 85 149 148
f 85 86 150 149
f 86 87 151 150
f 87 88 152 151
f 88 89 153 152
f 89 90 154 153
f 90 91 155 154
f 91 92 156 155
f 92 93 157 156
f 93 94 158 157
f 94 95 159 158
f 95 96 160 159
f 96 97 161 160
f 97 98 162 161
f 98 99 163 162
f 99 100 164 163
f 100 101 165 164
f 101 102 166 165
f 102 103 167 166
f 103 104 168 167
f 104 105 169 168
f 105 106 170 169
f 106 107 171 170
f 107 108 172 171
f 108 109 173 172
f 109 110 174 173
f 110 111 175 174
f 111 112 176 175
f 112 113 177 176
f 113 114 178 177
f 114 115 179 178
f 115 116 180 179
f 116 117 181 180
f 117 118 182 181
f 118 119 183 182
f 119 120 184 183
f 120 121 185 184
f 121 122 186 185
f 122 123 187 186
f 123 124 188 187
f 124 125 189 188
f 125 126 190 189
f 126 127 191 190
f 127 128 192 191
f 128 129 193 192
f 129 66 130 193
f 130 131 195 194
f 131 132 196 195
f 132 133 197 196
f 133 134 198 197
f 134 135 199 198
f 135 136 200 199
f 136 137 201 200
f 137 138 202 201
f 138 139 203 202
f 139 140 204 203
f 140 141 205 204
f 141 142 206 205
f 142 143 207 206
f 143 144 208 207
f 144 145 209 208
f 145 146 210 209
f 146 147 211 210
f 147 148 212 211
f 148 149 213 212
f 149 150 214 213
f 150 151 215 214
f 151 152 216 215
f 152 153 217 216
f 153 154 218 217
f 154 155 219 218
f 155 156 220 219
f 156 157 221 220
f 157 158 222 221
f 158 159 223 222
f 159 160 224 223
f 160 161 225 224
f 161 162 226 225
f 162 163 227 226
f 163 164 228 227
f 164 165 229 228
f 165 166 230 229
f 166 167 231 230
f 167 168 232 231
f 168 169 233 232
f 169 170 234 233
f 170 171 235 234
f 171 172 236 235
f 172 173 237 236
f 173 174 238 237
f 174 175 239 238
f 175 176 240 239
f 176 177 241 240
f 177 178 242 241
f 178 179 243 242
f 179 180 244 243
f 180 181 245 244
f 181 182 246 245
f 182 183 247 246
f 183 184 248 247
f 184 185 249 248
f 185 186 250 249
f 186 187 251 250
f 187 188 252 251
f 188 189 253 252
f 189 190 254 253
f 190 191 255 254
f 191 192 256 255
f 192 193 257 256
f 193 130 194 257
f 194 195 259 258
f 195 196 260 259
f 196 197 261 260
f 197 198 262 261
f 198 199 263 262
f 199 200 264 263
f 200 201 265 264
f 201 202 266 265
f 202 203 267 266
f 203 204 268 267
f 204 205 269 268
f 205 206 270 269
f 206 207 271 270
f 207 208 272 271
f 208 209 273 272
f 209 210 274 273
f 210 211 275 274
f 211 212 276 275
f 212 213 277 276
f 213 214 278 277
f 214 215 279 278
f 215 216 280 279
f 216 217 281 280
f 217 218 282 281
f 218 219 283 282
f 219 220 284 283
f 220 221 285 284
f 221 222 286 285
f 222 223 287 286
f 223 224 288 287
f 224 225 289 288
f 225 226 290 289
f 226 227 291 290
f 227 228 292 291
f 228 229 293 292
f 229 230 294 293
f 230 231 295 294
f 231 232 296 295
f 232 233 297 296
f 233 234 298 297
f 234 235 299 298
f 235 236 300 299
f 236 237 301 300
f 237 238 302 301
f 238 239 303 302
f 239 240 304 303
f 240 241 305 304
f 241 242 306 305
f 242 243 307 306
f 243 244 308 307
f 244 245 309 308
f 245 246 310 309
f 246 247 311 310
f 247 248 312 311
f 248 249 313 312
f 249 250 314 313
f 250 251 315 314
f 251 252 316 315
f 252 253 317 316
f 253 254 318 317
f 254 255 319 318
f 255 256 320 319
f 256 257 321 320
f 257 194 258 321
f 258 259 323 322
f 259 260 324 323
f 260 261 325 324
f 261 262 326 325
f 262 263 327 326
f 263 264 328 327
f 264 265 329 328
f 265 266 330 329
f 266 267 331 330
f 267 268 332 331
f 268 269 333 332
f 269 270 334 333
f 270 271 335 334
f 271 272 336 335
f 272 273 337 336
f 273 274 338 337
f 274 275 339 338
f 275 276 340 339
f 276 277 341 340
f 277 278 342 341
f 278 279 343 342
f 279 280 344 343
f 280 281 345 344
f 281 282 346 345
f 282 283 347 346
f 283 284 348 347
f 284 285 349 348
f 285 286 350 349
f 286 287 351 350
f 287 288 352 351
f 288 289 353 352
f 289 290 354 353
f 290 291 355 354
f 291 292 356 355
f 292 293 357 356
f 293 294 358 357
f 294 295 359 358
f 295 296 360 359
f 296 297 361 360
f 297 298 362 361
f 298 299 363 362
f 299 300 364 363
f 300 301 365 364
f 301 302 366 365
f 302 303 367 366
f 303 304 368 367
f 304 305 369 368
f 305 306 370 369
f 306 307 371 370
f 307 308 372 371
f 308 309 373 372
f 309 310 374 373
f 310 311 375 374
f 311 312 376 375
f 312 313 377 376
f 313 314 378 377
f 314 315 379 378
f 315 316 380 379
f 316 317 381 380
f 317 318 382 381
f 318 319 383 382
f 319 320 384 383
f 320 321 385 384
f 321 258 322 385
f 322 323 387 386
f 323 324 388 387
f 324 325 389 388
f 325 326 390 389
f 326 327 391 390
f 327 328 392 391
f 328 329 393 392
f 329 330 394 393
f 330 331 395 394
f 331 332 396 395
f 332 333 397 396
f 333 334 398 397
f 334 335 399 398
f 335 336 400 399
f 336 337 401 400
f 337 338 402 401
f 338 339 403 402
f 339 340 404 403
f 340 341 405 404
f 341 342 406 405
f 342 343 407 406
f 343 344 408 407
f 344 345 409 408
f 345 346 410 409
f 346 347 411 410
f 347 348 412 411
f 348 349 413 412
f 349 350 414 413
f 350 351 415 414
f 351 352 416 415
f 352 353 417 416
f 353 354 418 417
f 354 355 419 418
f 355 356 420 419
f 356 357 421 420
f 357 358 422 421
f 358 359 423 422
f 359 360 424 423
f 360 361 425 424
f 361 362 426 425
f 362 363 427 426
f 363 364 428 427
f 364 365 429 428
f 365 366 430 429
f 366 367 431 430
f 367 368 432 431
f 368 369 433 432
f 369 370 434 433
f 370 371 435 434
f 371 372 436 435
f 372 373 437 436
f 373 374 438 437
f 374 375 439 438
f 375 376 440 439
f 376 377 441 440
f 377 378 442 441
f 378 379 443 442
f 379 380 444 443
f 380 381 445 444
f 381 382 446 445
f 382 383 447 446
f 383 384 448 447
f 384 385 449 448
f 385 322 386 449
f 386 387 451 450
f 387 388 452 451
f 388 389 453 452
f 389 390 454 453
f 390 391 455 454
f 391 392 456 455
f 392 393 457 456
f 393 394 458 457
f 394 395 459 458
f 395 396 460 459
f 396 397 461 460
f 397 398 462 461
f 398 399 463 462
f 399 400 464 463
f 400 401 465 464
f 401 402 466 465
f 402 403 467 466
f 403 404 468 467
f 404 405 469 468
f 405 406 470 469
f 406 407 471 470
f 407 408 472 471
f 408 409 473 472
f 409 410 474 473
f 410 411 475 474
f 411 412 476 475
f 412 413 477 476
f 413 414 478 477
f 414 415 479 478
f 415 416 480 479
f 416 417 481 480
f 417 418 482 481
f 418 419 483 482
f 419 420 484 483
f 420 421 485 484
f 421 422 486 485
f 422 423 487 486
f 423 424 488 487
f 424 425 489 488
f 425 426 490 489
f 426 427 491 490
f 427 428 492 491
f 428 429 493 492
f 429 430 494 493
f 430 431 495 494
f 431 432 496 495
f 432 433 497 496
f 433 434 498 497
f 434 435 499 498
f 435 436 500 499
f 436 437 501 500
f 437 438 502 501
f 438 439 503 502
f 439 440 504 503
f 440 441 505 504
f 441 442 506 505
f 442 443 507 506
f 443 444 508 507
f 444 445 509 508
f 445 446 510 509
f 446 447 511 510
f 447 448 512 511
f 448 449 513 512
f 449 386 450 513
f 450 451 515 514
f 451 452 516 515
f 452 453 517 516
f 453 454 518 517
f 454 455 519 518
f 455 456 520 519
f 456 457 521 520
f 457 458 522 521
f 458 459 523 522
f 459 460 524 523
f 460 461 525 524
f 461 462 526 525
f 462 463 527 526
f 463 464 528 527
f 464 465 529 528
f 465 466 530 529
f 466 467 531 530
f 467 468 532 531
f 468 469 533 532
f 469 470 534 533
f 470 471 535 534
f 471 472 536 535
f 472 473 537 536
f 473 474 538 537
f 474 475 539 538
f 475 476 540 539
f 476 477 541 540
f 477 478 542 541
f 478 479 543 542
f 479 480 544 543
f 480 481 545 544
f 481 482 546 545
f 482 483 547 546
f 483 484 548 547
f 484 485 549 548
f 485 486 550 549
f 486 487 551 550
f 487 488 552 551
f 488 489 553 552
f 489 490 554 553
f 490 491 555 554
f 491 492 556 555
f 492 493 557 556
f 493 494 558 557
f 494 495 559 558
f 495 496 560 559
f 496 497 561 560
f 497 498 562 561
f 498 499 563 562
f 499 500 564 563
f 500 501 565 564
f 501 502 566 565
f 502 503 567 566
f 503 504 568 567
f 504 505 569 568
f 505 506 570 569
f 506 507 571 570
f 507 508 572 571
f 508 509 573 572
f 509 510 574 573
f 510 511 575 574
f 511 512 576 575
f 512 513 577 576
f 513 450 514 577
f 514 515 579 578
f 515 516 580 579
f 516 517 581 580
f 517 518 582 581
f 518 519 583 582
f 519 520 584 583
f 520 521 585 584
f 521 522 586 585
f 522 523 587 586
f 523 524 588 587
f 524 525 589 588
f 525 526 590 589
f 526 527 591 590
f 527 528 592 591
f 528 529 593 592
f 529 530 594 593
f 530 531 595 594
f 531 532 596 595
f 532 533 597 596
f 533 534 598 597
f 534 535 599 598
f 535 536 600 599
f 536 537 601 600
f 537 538 602 601
f 538 539 603 602
f 539 540 604 603
f 540 541 605 604
f 541 542 606 605
f 542 543 607 606
f 543 544 608 607
f 544 545 609 608
f 545 546 610 609
f 546 547 611 610
f 547 548 612 611
f 548 549 613 612
f 549 550 614 613
f 550 551 615 614
f 551 552 616 615
f 552 553 617 616
f 553 554 618 617
f 554 555 619 618
f 555 556 620 619
f 556 557 621 620
f 557 558 622 621
f 558 559 623 622
f 559 560 624 623
f 560 561 625 624
f 561 562 626 625
f 562 563 627 626
f 563 564 628 627
f 564 565 629 628
f 565 566 630 629
f 566 567 631 630
f 567 568 632 631
f 568 569 633 632
f 569 570 634 633
f 570 571 635 634
f 571 572 636 635
f 572 573 637 636
f 573 574 638 637
f 574 575 639 638
f 575 576 640 639
f 576 577 641 640
f 577 514 578 641
f 578 579 643 642
f 579 580 644 643
f 580 581 645 644
f 581 582 646 645
f 582 583 647 646
f 583 584 648 647
f 584 585 649 648
f 585 586 650 649
f 586 587 651 650
f 587 588 652 651
f 588 589 653 652
f 589 590 654 653
f 590 591 655 654
f 591 592 656 655
f 592 593 657 656
f 593 594 658 657
f 594 595 659 658
f 595 596 660 659
f 596 597 661 660
f 597 598 662 661
f 598 599 663 662
f 599 600 664 663
f 600 601 665 664
f 601 602 666 665
f 602 603 667 666
f 603 604 668 667
f 604 605 669 668
f 605 606 670 669
f 606 607 671 670
f 607 608 672 671
f 608 609 673 672
f 609 610 674 673
f 610 611 675 674
f 611 612 676 675
f 612 613 677 676
f 613 614 678 677
f 614 615 679 678
f 615 616 680 679
f 616 617 681 680
f 617 618 682 681
f 618 619 683 682
f 619 620 684 683
f 620 621 685 684
f 621 622 686 685
f 622 623 687 686
f 623 624 688 687
f 624 625 689 688
f 625 626 690 689
f 626 627 691 690
f 627 628 692 691
f 628 629 693 692
f 629 630 694 693
f 630 631 695 694
f 631 632 696 695
f 632 633 697 696
f 633 634 698 697
f 634 635 699 698
f 635 636 700 699
f 636 637 701 700
f 637 638 702 701
f 638 639 703 702
f 639 640 704 703
f 640 641 705 704
f 641 578 642 705
f 642 643 707 706
f 643 644 708 707
f 644 645 709 708
f 645 646 710 709
f 646 647 711 710
f 647 648 712 711
f 648 649 713 712
f 649 650 714 713
f 650 651 715 714
f 651 652 716 715
f 652 653 717 716
f 653 654 718 717
f 654 655 719 718
f 655 656 720 719
f 656 657 721 720
f 657 658 722 721
f 658 659 723 722
f 659 660 724 723
f 660 661 725 724
f 661 662 726 725
f 662 663 727 726
f 663 664 728 727
f 664 665 729 728
f 665 666 730 729
f 666 667 731 730
f 667 668 732 731
f 668 669 733 732
f 669 670 734 733
f 670 671 735 734
f 671 672 736 735
f 672 673 737 736
f 673 674 738 737
f 674 675 739 738
f 675 676 740 739
f 676 677 741 740
f 677 678 742 741
f 678 679 743 742
f 679 680 744 743
f 680 681 745 744
f 681 682 746 745
f 682 683 747 746
f 683 684 748 747
f 684 685 749 748
f 685 686 750 749
f 686 687 751 750
f 687 688 752 751
f 688 689 753 752
f 689 690 754 753
f 690 691 755 754
f 691 692 756 755
f 692 693 757 756
f 693 694 758 757
f 694 695 759 758
f 695 696 760 759
f 696 697 761 760
f 697 698 762 761
f 698 699 763 762
f 699 700 764 763
f 700 701 765 764
f 701 702 766 765
f 702 703 767 766
f 703 704 768 767
f 704 705 769 768
f 705 642 706 769
f 706 707 771 770
f 707 708 772 771
f 708 709 773 772
f 709 710 774 773
f 710 711 775 774
f 711 712 776 775
f 712 713 777 776
f 713 714 778 777
f 714 715 779 778
f 715 716 780 779
f 716 717 781 780
f 717 718 782 781
f 718 719 783 782
f 719 720 784 783
f 720 721 785 784
f 721 722 786 785
f 722 723 787 786
f 723 724 788 787
f 724 725 789 788
f 725 726 790 789
f 726 727 791 790
f 727 728 792 791
f 728 729 793 792
f 729 730 794 793
f 730 731 795 794
f 731 732 796 795
f 732 733 797 796
f 733 734 798 797
f 734 735 799 798
f 735 736 800 799
f 736 737 801 800
f 737 738 802 801
f 738 739 803 802
f 739 740 804 803
f 740 741 805 804
f 741 742 806 805
f 742 743 807 806
f 743 744 808 807
f 744 745 809 808
f 745 746 810 809
f 746 747 811 810
f 747 748 812 811
f 748 749 813 812
f 749 750 814 813
f 750 751 815 814
f 751 752 816 815
f 752 753 817 816
f 753 754 818 817
f 754 755 819 818
f 755 756 820 819
f 756 757 821 820
f 757 758 822 821
f 758 759 823 822
f 759 760 824 823
f 760 761 825 824
f 761 762 826 825
f 762 763 827 826
f 763 764 828 827
f 764 765 829 828
f 765 766 830 829
f 766 767 831 830
f 767 768 832 831
f 768 769 833 832
f 769 706 770 833
f 770 771 835 834
f 771 772 836 835
f 772 773 837 836
f 773 774 838 837
f 774 775 839 838
f 775 776 840 839
f 776 777 841 840
f 777 778 842 841
f 778 779 843 842
f 779 780 844 843
f 780 781 845 844
f 781 782 846 845
f 782 783 847 846
f 783 784 848 847
f 784 785 849 848
f 785 786 850 849
f 786 787 851 850
f 787 788 852 851
f 788 789 853 852
f 789 790 854 853
f 790 791 855 854
f 791 792 856 855
f 792 793 857 856
f 793 794 858 857
f 794 795 859 858
f 795 796 860 859
f 796 797 861 860
f 797 798 862 861
f 798 799 863 862
f 799 800 864 863
f 800 801 865 864
f 801 802 866 865
f 802 803 867 866
f 803 804 868 867
f 804 805 869 868
f 805 806 870 869
f 806 807 871 870
f 807 808 872 871
f 808 809 873 872
f 809 810 874 873
f 810 811 875 874
f 811 812 876 875
f 812 813 877 876
f 813 814 878 877
f 814 815 879 878
f 815 816 880 879
f 816 817 881 880
f 817 818 882 881
f 818 819 883 882
f 819 820 884 883
f 820 821 885 884
f 821 822 886 885
f 822 823 887 886
f 823 824 888 887
f 824 825 889 888
f 825 826 890 889
f 826 827 891 890
f 827 828 892 891
f 828 829 893 892
f 829 830 894 893
f 830 831 895 894
f 831 832 896 895
f 832 833 897 896
f 833 770 834 897
f 834 835 899 898
f 835 836 900 899
f 836 837 901 900
f 837 838 902 901
f 838 839 903 902
f 839 840 904 903
f 840 841 905 904
f 841 842 906 905
f 842 843 907 906
f 843 844 908 907
f 844 845 909 908
f 845 846 910 909
f 846 847 911 910
f 847 848 912 911
f 848 849 913 912
f 849 850 914 913
f 850 851 915 914
f 851 852 916 915
f 852 853 917 916
f 853 854 918 917
f 854 855 919 918
f 855 856 920 919
f 856 857 921 920
f 857 858 922 921
f 858 859 923 922
f 859 860 924 923
f 860 861 925 924
f 861 862 926 925
f 862 863 927 926
f 863 864 928 927
f 864 865 929 928
f 865 866 930 929
f 866 867 931 930
f 867 868 932 931
f 868 869 933 932
f 869 870 934 933
f 870 871 935 934
f 871 872 936 935
f 872 873 937 936
f 873 874 938 937
f 874 875 939 938
f 875 876 940 939
f 876 877 941 940
f 877 878 942 941
f 878 879 943 942
f 879 880 944 943
f 880 881 945 944
f 881 882 946 945
f 882 883 947 946
f 883 884 948 947
f 884 885 949 948
f 885 886 950 949
f 886 887 951 950
f 887 888 952 951
f 888 889 953 952
f 889 890 954 953
f 890 891 955 954
f 891 892 956 955
f 892 893 957 956
f 893 894 958 957
f 894 895 959 958
f 895 896 960 959
f 896 897 961 960
f 897 834 898 961
f 898 899 963 962
f 899 900 964 963
f 900 901 965 964
f 901 902 966 965
f 902 903 967 966
f 903 904 968 967
f 904 905 969 968
f 905 906 970 969
f 906 907 971 970
f 907 908 972 971
f 908 909 973 972
f 909 910 974 973
f 910 911 975 974
f 911 912 976 975
f 912 913 977 976
f 913 914 978 977
f 914 915 979 978
f 915 916 980 979
f 916 917 981 980
f 917 918 982 981
f 918 919 983 982
f 919 920 984 983
f 920 921 985 984
f 921 922 986 985
f 922 923 987 986
f 923 924 988 987
f 924 925 989 988
f 925 926 990 989
f 926 927 991 990
f 927 928 992 991
f 928 929 993 992
f 929 930 994 993
f 930 931 995 994
f 931 932 996 995
f 932 933 997 996
f 933 934 998 997
f 934 935 999 998
f 935 936 1000 999
f 936 937 1001 1000
f 937 938 1002 1001
f 938 939 1003 1002
f 939 940 1004 1003
f 940 941 1005 1004
f 941 942 1006 1005
f 942 943 1007 1006
f 943 944 1008 1007
f 944 945 1009 1008
f 945 946 1010 1009
f 946 947 1011 1010
f 947 948 1012 1011
f 948 949 1013 1012
f 949 950 1014 1013
f 950 951 1015 1014
f 951 952 1016 1015
f 952 953 1017 1016
f 953 954 1018 1017
f 954 955 1019 1018
f 955 956 1020 1019
f 956 957 1021 1020
f 957 958 1022 1021
f 958 959 1023 1022
f 959 960 1024 1023
f 960 961 1025 1024
f 961 898 962 1025
f 962 963 1027 1026
f 963 964 1028 1027
f 964 965 1029 1028
f 965 966 1030 1029
f 966 967 1031 1030
f 967 968 1032 1031
f 968 969 1033 1032
f 969 970 1034 1033
f 970 971 1035 1034
f 971 972 1036 1035
f 972 973 1037 1036
f 973 974 1038 1037
f 974 975 1039 1038
f 975 976 1040 1039
f 976 977 1041 1040
f 977 978 1042 1041
f 978 979 1043 1042
f 979 980 1044 1043
f 980 981 1045 1044
f 981 982 1046 1045
f 982 983 1047 1046
f 983 984 1048 1047
f 984 985 1049 1048
f 985 986 1050 1049
f 986 987 1051 1050
f 987 988 1052 1051
f 988 989 1053 1052
f 989 990 1054 1053
f 990 991 1055 1054
f 991 992 1056 1055
f 992 993 1057 1056
f 993 994 1058 1057
f 994 995 1059 1058
f 995 996 1060 1059
f 996 997 1061 1060
f 997 998 1062 1061
f 998 999 1063 1062
f 999 1000 1064 1063
f 1000 1001 1065 1064
f 1001 1002 1066 1065
f 1002 1003 1067 1066
f 1003 1004 1068 1067
f 1004 1005 1069 1068
f 1005 1006 1070 1069
f 1006 1007 1071 1070
f 1007 1008 1072 1071
f 1008 1009 1073 1072
f 1009 1010 1074 1073
f 1010 1011 1075 1074
f 1011 1012 1076 1075
f 1012 1013 1077 1076
f 1013 1014 1078 1077
f 1014 1015 1079 1078
f 1015 1016 1080 1079
f 1016 1017 1081 1080
f 1017 1018 1082 1081
f 1018 1019 1083 1082
f 1019 1020 1084 1083
f 1020 1021 1085 1084
f 1021 1022 1086 1085
f 1022 1023 1087 1086
f 1023 1024 1088 1087
f 1024 1025 1089 1088
f 1025 962 1026 1089
f 1026 1027 1091 1090
f 1027 1028 1092 1091
f 1028 1029 1093 1092
f 1029 1030 1094 1093
f 1030 1031 1095 1094
f 1031 1032 1096 1095
f 1032 1033 1097 1096
f 1033 1034 1098 1097
f 1034 1035 1099 1098
f 1035 1036 1100 1099
f 1036 1037 1101 1100
f 1037 1038 1102 1101
f 1038 1039 1103 1102
f 1039 1040 1104 1103
f 1040 1041 1105 1104
f 1041 1042 1106 1105
f 1042 1043 1107 1106
f 1043 1044 1108 1107
f 1044 1045 1109 1108
f 1045 1046 1110 1109
f 1046 1047 1111 1110
f 1047 1048 1112 1111
f 1048 1049 1113 1112
f 1049 1050 1114 1113
f 1050 1051 1115 1114
f 1051 1052 1116 1115
f 1052 1053 1117 1116
f 1053 1054 1118 1117
f 1054 1055 1119 1118
f 1055 1056 1120 1119
f 1056 1057 1121 1120
f 1057 1058 1122 1121
f 1058 1059 1123 1122
f 1059 1060 1124 1123
f 1060 1061 1125 1124
f 1061 1062 1126 1125
f 1062 1063 1127 1126
f 1063 1064 1128 1127
f 1064 1065 1129 1128
f 1065 1066 1130 1129
f 1066 1067 1131 1130
f 1067 1068 1132 1131
f 1068 1069 1133 1132
f 1069 1070 1134 1133
f 1070 1071 1135 1134
f 1071 1072 1136 1135
f 1072 1073 1137 1136
f 1073 1074 1138 1137
f 1074 1075 1139 1138
f 1075 1076 1140 1139
f 1076 1077 1141 1140
f 1077 1078 1142 1141
f 1078 1079 1143 1142
f 1079 1080 1144 1143
f 1080 1081 1145 1144
f 1081 1082 1146 1145
f 1082 1083 1147 1146
f 1083 1084 1148 1147
f 1084 1085 1149 1148
f 1085 1086 1150 1149
f 1086 1087 1151 1150
f 1087 1088 1152 1151
f 1088 1089 1153 1152
f 1089 1026 1090 1153
f 1090 1091 1155 1154
f 1091 1092 1156 1155
f 1092 1093 1157 1156
f 1093 1094 1158 1157
f 1094 1095 1159 1158
f 1095 1096 1160 1159
f 1096 1097 1161 1160
f 1097 1098 1162 1161
f 1098 1099 1163 1162
f 1099 1100 1164 1163
f 1100 1101 1165 1164
f 1101 1102 1166 1165
f 1102 1103 1167 1166
f 1103 1104 1168 1167
f 1104 1105 1169 1168
f 1105 1106 1170 1169
f 1106 1107 1171 1170
f 1107 1108 1172 1171
f 1108 1109 1173 1172
f 1109 1110 1174 1173
f 1110 1111 1175 1174
f 1111 1112 1176 1175
f 1112 1113 1177 1176
f 1113 1114 1178 1177
f 1114 1115 1179 1178
f 1115 1116 1180 1179
f 1116 1117 1181 1180
f 1117 1118 1182 1181
f 1118 1119 1183 1182
f 1119 1120 1184 1183
f 1120 1121 1185 1184
f 1121 1122 1186 1185
f 1122 1123 1187 1186
f 1123 1124 1188 1187
f 1124 1125 1189 1188
f 1125 1126 1190 1189
f 1126 1127 1191 1190
f 1127 1128 1192 1191
f 1128 1129 1193 1192
f 1129 1130 1194 1193
f 1130 1131 1195 1194
f 1131 1132 1196 1195
f 1132 1133 1197 1196
f 1133 1134 1198 1197
f 1134 1135 1199 1198
f 1135 1136 1200 1199
f 1136 1137 1201 1200
f 1137 1138 1202 1201
f 1138 1139 1203 1202
f 1139 1140 1204 1203
f 1140 1141 1205 1204
f 1141 1142 1206 1205
f 1142 1143 1207 1206
f 1143 1144 1208 1207
f 1144 1145 1209 1208
f 1145 1146 1210 1209
f 1146 1147 1211 1210
f 1147 1148 1212 1211
f 1148 1149 1213 1212
f 1149 1150 1214 1213
f 1150 1151 1215 1214
f 1151 1152 1216 1215
f 1152 1153 1217 1216
f 1153 1090 1154 1217
f 1154 1155 1219 1218
f 1155 1156 1220 1219
f 1156 1157 1221 1220
f 1157 1158 1222 1221
f 1158 1159 1223 1222
f 1159 1160 1224 1223
f 1160 1161 1225 1224
f 1161 1162 1226 1225
f 1162 1163 1227 1226
f 1163 1164 1228 1227
f 1164 1165 1229 1228
f 1165 1166 1230 1229
f 1166 1167 1231 1230
f 1167 1168 1232 1231
f 1168 1169 1233 1232
f 1169 1170 1234 1233
f 1170 1171 1235 1234
f 1171 1172 1236 1235
f 1172 1173 1237 1236
f 1173 1174 1238 1237
f 1174 1175 1239 1238
f 1175 1176 1240 1239
f 1176 1177 1241 1240
f 1177 1178 1242 1241
f 1178 1179 1243 1242
f 1179 1180 1244 1243
f 1180 1181 1245 1244
f 1181 1182 1246 1245
f 1182 1183 1247 1246
f 1183 1184 1248 1247
f 1184 1185 1249 1248
f 1185 1186 1250 1249
f 1186 1187 1251 1250
f 1187 1188 1252 1251
f 1188 1189 1253 1252
f 1189 1190 1254 1253
f 1190 1191 1255 1254
f 1191 1192 1256 1255
f 1192 1193 1257 1256
f 1193 1194 1258 1257
f 1194 1195 1259 1258
f 1195 1196 1260 1259
f 1196 1197 1261 1260
f 1197 1198 1262 1261
f 1198 1199 1263 1262
f 1199 1200 1264 1263
f 1200 1201 1265 1264
f 1201 1202 1266 1265
f 1202 1203 1267 1266
f 1203 1204 1268 1267
f 1204 1205 1269 1268
f 1205 1206 1270 1269
f 1206 1207 1271 1270
f 1207 1208 1272 1271
f 1208 1209 1273 1272
f 1209 1210 1274 1273
f 1210 1211 1275 1274
f 1211 1212 1276 1275
f 1212 1213 1277 1276
f 1213 1214 1278 1277
f 1214 1215 1279 1278
f 1215 1216 1280 1279
f 1216 1217 1281 1280
f 1217 1154 1218 1281
f 1218 1219 1283 1282
f 1219 1220 1284 1283
f 1220 1221 1285 1284
f 1221 1222 1286 1285
f 1222 1223 1287 1286
f 1223 1224 1288 1287
f 1224 1225 1289 1288
f 1225 1226 1290 1289
f 1226 1227 1291 1290
f 1227 1228 1292 1291
f 1228 1229 1293 1292
f 1229 1230 1294 1293
f 1230 1231 1295 1294
f 1231 1232 1296 1295
f 1232 1233 1297 1296
f 1233 1234 1298 1297
f 1234 1235 1299 1298
f 1235 1236 1300 1299
f 1236 1237 1301 1300
f 1237 1238 1302 1301
f 1238 1239 1303 1302
f 1239 1240 1304 1303
f 1240 1241 1305 1304
f 1241 1242 1306 1305
f 1242 1243 1307 1306
f 1243 1244 1308 1307
f 1244 1245 1309 1308
f 1245 1246 1310 1309
f 1246 1247 1311 1310
f 1247 1248 1312 1311
f 1248 1249 1313 1312
f 1249 1250 1314 1313
f 1250 1251 1315 1314
f 1251 1252 1316 1315
f 1252 1253 1317 1316
f 1253 1254 1318 1317
f 1254 1255 1319 1318
f 1255 1256 1320 1319
f 1256 1257 1321 1320
f 1257 1258 1322 1321
f 1258 1259 1323 1322
f 1259 1260 1324 1323
f 1260 1261 1325 1324
f 1261 1262 1326 1325
f 1262 1263 1327 1326
f 1263 1264 1328 1327
f 1264 1265 1329 1328
f 1265 1266 1330 1329
f 1266 1267 1331 1330
f 1267 1268 1332 1331
f 1268 1269 1333 1332
f 1269 1270 1334 1333
f 1270 1271 1335 1334
f 1271 1272 1336 1335
f 1272 1273 1337 1336
f 1273 1274 1338 1337
f 1274 1275 1339 1338
f 1275 1276 1340 1339
f 1276 1277 1341 1340
f 1277 1278 1342 1341
f 1278 1279 1343 1342
f 1279 1280 1344 1343
f 1280 1281 1345 1344
f 1281 1218 1282 1345
f 1282 1283 1347 1346
f 1283 1284 1348 1347
f 1284 1285 1349 1348
f 1285 1286 1350 1349
f 1286 1287 1351 1350
f 1287 1288 1352 1351
f 1288 1289 1353 1352
f 1289 1290 1354 1353
f 1290 1291 1355 1354
f 1291 1292 1356 1355
f 1292 1293 1357 1356
f 1293 1294 1358 1357
f 1294 1295 1359 1358
f 1295 1296 1360 1359
f 1296 1297 1361 1360
f 1297 1298 1362 1361
f 1298 1299 1363 1362
f 1299 1300 1364 1363
f 1300 1301 1365 1364
f 1301 1302 1366 1365
f 1302 1303 1367 1366
f 1303 1304 1368 1367
f 1304 1305 1369 1368
f 1305 1306 1370 1369
f 1306 1307 1371 1370
f 1307 1308 1372 1371
f 1308 1309 1373 1372
f 1309 1310 1374 1373
f 1310 1311 1375 1374
f 1311 1312 1376 1375
f 1312 1313 1377 1376
f 1313 1314 1378 1377
f 1314 1315 1379 1378
f 1315 1316 1380 1379
f 1316 1317 1381 1380
f 1317 1318 1382 1381
f 1318 1319 1383 1382
f 1319 1320 1384 1383
f 1320 1321 1385 1384
f 1321 1322 1386 1385
f 1322 1323 1387 1386
f 1323 1324 1388 1387
f 1324 1325 1389 1388
f 1325 1326 1390 1389
f 1326 1327 1391 1390
f 1327 1328 1392 1391
f 1328 1329 1393 1392
f 1329 1330 1394 1393
f 1330 1331 1395 1394
f 1331 1332 1396 1395
f 1332 1333 1397 1396
f 1333 1334 1398 1397
f 1334 1335 1399 1398
f 1335 1336 1400 1399
f 1336 1337 1401 1400
f 1337 1338 1402 1401
f 1338 1339 1403 1402
f 1339 1340 1404 1403
f 1340 1341 1405 1404
f 1341 1342 1406 1405
f 1342 1343 1407 1406
f 1343 1344 1408 1407
f 1344 1345 1409 1408
f 1345 1282 1346 1409
f 1346 1347 1411 1410
f 1347 1348 1412 1411
f 1348 1349 1413 1412
f 1349 1350 1414 1413
f 1350 1351 1415 1414
f 1351 1352 1416 1415
f 1352 1353 1417 1416
f 1353 1354 1418 1417
f 1354 1355 1419 1418
f 1355 1356 1420 1419
f 1356 1357 1421 1420
f 1357 1358 1422 1421
f 1358 1359 1423 1422
f 1359 1360 1424 1423
f 1360 1361 1425 1424
f 1361 1362 1426 1425
f 1362 1363 1427 1426
f 1363 1364 1428 1427
f 1364 1365 1429 1428
f 1365 1366 1430 1429
f 1366 1367 1431 1430
f 1367 1368 1432 1431
f 1368 1369 1433 1432
f 1369 1370 1434 1433
f 1370 1371 1435 1434
f 1371 1372 1436 1435
f 1372 1373 1437 1436
f 1373 1374 1438 1437
f 1374 1375 1439 1438
f 1375 1376 1440 1439
f 1376 1377 1441 1440
f 1377 1378 1442 1441
f 1378 1379 1443 1442
f 1379 1380 1444 1443
f 1380 1381 1445 1444
f 1381 1382 1446 1445
f 1382 1383 1447 1446
f 1383 1384 1448 1447
f 1384 1385 1449 1448
f 1385 1386 1450 1449
f 1386 1387 1451 1450
f 1387 1388 1452 1451
f 1388 1389 1453 1452
f 1389 1390 1454 1453
f 1390 1391 1455 1454
f 1391 1392 1456 1455
f 1392 1393 1457 1456
f 1393 1394 1458 1457
f 1394 1395 1459 1458
f 1395 1396 1460 1459
f 1396 1397 1461 1460
f 1397 1398 1462 1461
f 1398 1399 1463 1462
f 1399 1400 1464 1463
f 1400 1401 1465 1464
f 1401 1402 1466 1465
f 1402 1403 1467 1466
f 1403 1404 1468 1467
f 1404 1405 1469 1468
f 1405 1406 1470 1469
f 1406 1407 1471 1470
f 1407 1408 1472 1471
f 1408 1409 1473 1472
f 1409 1346 1410 1473
f 1410 1411 1475 1474
f 1411 1412 1476 1475
f 1412 1413 1477 1476
f 1413 1414 1478 1477
f 1414 1415 1479 1478
f 1415 1416 1480 1479
f 1416 1417 1481 1480
f 1417 1418 1482 1481
f 1418 1419 1483 1482
f 1419 1420 1484 1483
f 1420 1421 1485 1484
f 1421 1422 1486 1485
f 1422 1423 1487 1486
f 1423 1424 1488 1487
f 1424 1425 1489 1488
f 1425 1426 1490 1489
f 1426 1427 1491 1490
f 1427 1428 1492 1491
f 1428 1429 1493 1492
f 1429 1430 1494 1493
f 1430 1431 1495 1494
f 1431 1432 1496 1495
f 1432 1433 1497 1496
f 1433 1434 1498 1497
f 1434 1435 1499 1498
f 1435 1436 1500 1499
f 1436 1437 1501 1500
f 1437 1438 1502 1501
f 1438 1439 1503 1502
f 1439 1440 1504 1503
f 1440 1441 1505 1504
f 1441 1442 1506 1505
f 1442 1443 1507 1506
f 1443 1444 1508 1507
f 1444 1445 1509 1508
f 1445 1446 1510 1509
f 1446 1447 1511 1510
f 1447 1448 1512 1511
f 1448 1449 1513 1512
f 1449 1450 1514 1513
f 1450 1451 1515 1514
f 1451 1452 1516 1515
f 1452 1453 1517 1516
f 1453 1454 1518 1517
f 1454 1455 1519 1518
f 1455 1456 1520 1519
f 1456 1457 1521 1520
f 1457 1458 1522 1521
f 1458 1459 1523 1522
f 1459 1460 1524 1523
f 1460 1461 1525 1524
f 1461 1462 1526 1525
f 1462 1463 1527 1526
f 1463 1464 1528 1527
f 1464 1465 1529 1528
f 1465 1466 1530 1529
f 1466 1467 1531 1530
f 1467 1468 1532 1531
f 1468 1469 1533 1532
f 1469 1470 1534 1533
f 1470 1471 1535 1534
f 1471 1472 1536 1535
f 1472 1473 1537 1536
f 1473 1410 1474 1537
f 1474 1475 1539 1538
f 1475 1476 1540 1539
f 1476 1477 1541 1540
f 1477 1478 1542 1541
f 1478 1479 1543 1542
f 1479 1480 1544 1543
f 1480 1481 1545 1544
f 1481 1482 1546 1545
f 1482 1483 1547 1546
f 1483 1484 1548 1547
f 1484 1485 1549 1548
f 1485 1486 1550 1549
f 1486 1487 1551 1550
f 1487 1488 1552 1551
f 1488 1489 1553 1552
f 1489 1490 1554 1553
f 1490 1491 1555 1554
f 1491 1492 1556 1555
f 1492 1493 1557 1556
f 1493 1494 1558 1557
f 1494 1495 1559 1558
f 1495 1496 1560 1559
f 1496 1497 1561 1560
f 1497 1498 1562 1561
f 1498 1499 1563 1562
f 1499 1500 1564 1563
f 1500 1501 1565 1564
f 1501 1502 1566 1565
f 1502 1503 1567 1566
f 1503 1504 1568 1567
f 1504 1505 1569 1568
f 1505 1506 1570 1569
f 1506 1507 1571 1570
f 1507 1508 1572 1571
f 1508 1509 1573 1572
f 1509 1510 1574 1573
f 1510 1511 1575 1574
f 1511 1512 1576 1575
f 1512 1513 1577 1576
f 1513 1514 1578 1577
f 1514 1515 1579 1578
f 1515 1516 1580 1579
f 1516 1517 1581 1580
f 1517 1518 1582 1581
f 1518 1519 1583 1582
f 1519 1520 1584 1583
f 1520 1521 1585 1584
f 1521 1522 1586 1585
f 1522 1523 1587 1586
f 1523 1524 1588 1587
f 1524 1525 1589 1588
f 1525 1526 1590 1589
f 1526 1527 1591 1590
f 1527 1528 1592 1591
f 1528 1529 1593 1592
f 1529 1530 1594 1593
f 1530 1531 1595 1594
f 1531 1532 1596 1595
f 1532 1533 1597 1596
f 1533 1534 1598 1597
f 1534 1535 1599 1598
f 1535 1536 1600 1599
f 1536 1537 1601 1600
f 1537 1474 1538 1601
f 1538 1539 1603 1602
f 1539 1540 1604 1603
f 1540 1541 1605 1604
f 1541 1542 1606 1605
f 1542 1543 1607 1606
f 1543 1544 1608 1607
f 1544 1545 1609 1608
f 1545 1546 1610 1609
f 1546 1547 1611 1610
f 1547 1548 1612 1611
f 1548 1549 1613 1612
f 1549 1550 1614 1613
f 1550 1551 1615 1614
f 1551 1552 1616 1615
f 1552 1553 1617 1616
f 1553 1554 1618 1617
f 1554 1555 1619 1618
f 1555 1556 1620 1619
f 1556 1557 1621 1620
f 1557 1558 1622 1621
f 1558 1559 1623 1622
f 1559 1560 1624 1623
f 1560 1561 1625 1624
f 1561 1562 1626 1625
f 1562 1563 1627 1626
f 1563 1564 1628 1627
f 1564 1565 1629 1628
f 1565 1566 1630 1629
f 1566 1567 1631 1630
f 1567 1568 1632 1631
f 1568 1569 1633 1632
f 1569 1570 1634 1633
f 1570 1571 1635 1634
f 1571 1572 1636 1635
f 1572 1573 1637 1636
f 1573 1574 1638 1637
f 1574 1575 1639 1638
f 1575 1576 1640 1639
f 1576 1577 1641 1640
f 1577 1578 1642 1641
f 1578 1579 1643 1642
f 1579 1580 1644 1643
f 1580 1581 1645 1644
f 1581 1582 1646 1645
f 1582 1583 1647 1646
f 1583 1584 1648 1647
f 1584 1585 1649 1648
f 1585 1586 1650 1649
f 1586 1587 1651 1650
f 1587 1588 1652 1651
f 1588 1589 1653 1652
f 1589 1590 1654 1653
f 1590 1591 1655 1654
f 1591 1592 1656 1655
f 1592 1593 1657 1656
f 1593 1594 1658 1657
f 1594 1595 1659 1658
f 1595 1596 1660 1659
f 1596 1597 1661 1660
f 1597 1598 1662 1661
f 1598 1599 1663 1662
f 1599 1600 1664 1663
f 1600 1601 1665 1664
f 1601 1538 1602 1665
f 1602 1603 1667 1666
f 1603 1604 1668 1667
f 1604 1605 1669 1668
f 1605 1606 1670 1669
f 1606 1607 1671 1670
f 1607 1608 1672 1671
f 1608 1609 1673 1672
f 1609 1610 1674 1673
f 1610 1611 1675 1674
f 1611 1612 1676 1675
f 1612 1613 1677 1676
f 1613 1614 1678 1677
f 1614 1615 1679 1678
f 1615 1616 1680 1679
f 1616 1617 1681 1680
f 1617 1618 1682 1681
f 1618 1619 1683 1682
f 1619 1620 1684 1683
f 1620 1621 1685 1684
f 1621 1622 1686 1685
f 1622 1623 1687 1686
f 1623 1624 1688 1687
f 1624 1625 1689 1688
f 1625 1626 1690 1689
f 1626 1627 1691 1690
f 1627 1628 1692 1691
f 1628 1629 1693 1692
f 1629 1630 1694 1693
f 1630 1631 1695 1694
f 1631 1632 1696 1695
f 1632 1633 1697 1696
f 1633 1634 1698 1697
f 1634 1635 1699 1698
f 1635 1636 1700 1699
f 1636 1637 1701 1700
f 1637 1638 1702 1701
f 1638 1639 1703 1702
f 1639 1640 1704 1703
f 1640 1641 1705 1704
f 1641 1642 1706 1705
f 1642 1643 1707 1706
f 1643 1644 1708 1707
f 1644 1645 1709 1708
f 1645 1646 1710 1709
f 1646 1647 1711 1710
f 1647 1648 1712 1711
f 1648 1649 1713 1712
f 1649 1650 1714 1713
f 1650 1651 1715 1714
f 1651 1652 1716 1715
f 1652 1653 1717 1716
f 1653 1654 1718 1717
f 1654 1655 1719 1718
f 1655 1656 1720 1719
f 1656 1657 1721 1720
f 1657 1658 1722 1721
f 1658 1659 1723 1722
f 1659 1660 1724 1723
f 1660 1661 1725 1724
f 1661 1662 1726 1725
f 1662 1663 1727 1726
f 1663 1664 1728 1727
f 1664 1665 1729 1728
f 1665 1602 1666 1729
f 1666 1667 1731 1730
f 1667 1668 1732 1731
f 1668 1669 1733 1732
f 1669 1670 1734 1733
f 1670 1671 1735 1734
f 1671 1672 1736 1735
f 1672 1673 1737 1736
f 1673 1674 1738 1737
f 1674 1675 1739 1738
f 1675 1676 1740 1739
f 1676 1677 1741 1740
f 1677 1678 1742 1741
f 1678 1679 1743 1742
f 1679 1680 1744 1743
f 1680 1681 1745 1744
f 1681 1682 1746 1745
f 1682 1683 1747 1746
f 1683 1684 1748 1747
f 1684 1685 1749 1748
f 1685 1686 1750 1749
f 1686 1687 1751 1750
f 1687 1688 1752 1751
f 1688 1689 1753 1752
f 1689 1690 1754 1753
f 1690 1691 1755 1754
f 1691 1692 1756 1755
f 1692 1693 1757 1756
f 1693 1694 1758 1757
f 1694 1695 1759 1758
f 1695 1696 1760 1759
f 1696 1697 1761 1760
f 1697 1698 1762 1761
f 1698 1699 1763 1762
f 1699 1700 1764 1763
f 1700 1701 1765 1764
f 1701 1702 1766 1765
f 1702 1703 1767 1766
f 1703 1704 1768 1767
f 1704 1705 1769 1768
f 1705 1706 1770 1769
f 1706 1707 1771 1770
f 1707 1708 1772 1771
f 1708 1709 1773 1772
f 1709 1710 1774 1773
f 1710 1711 1775 1774
f 1711 1712 1776 1775
f 1712 1713 1777 1776
f 1713 1714 1778 1777
f 1714 1715 1779 1778
f 1715 1716 1780 1779
f 1716 1717 1781 1780
f 1717 1718 1782 1781
f 1718 1719 1783 1782
f 1719 1720 1784 1783
f 1720 1721 1785 1784
f 1721 1722 1786 1785
f 1722 1723 1787 1786
f 1723 1724 1788 1787
f 1724 1725 1789 1788
f 1725 1726 1790 1789
f 1726 1727 1791 1790
f 1727 1728 1792 1791
f 1728 1729 1793 1792
f 1729 1666 1730 1793
f 1730 1731 1795 1794
f 1731 1732 1796 1795
f 1732 1733 1797 1796
f 1733 1734 1798 1797
f 1734 1735 1799 1798
f 1735 1736 1800 1799
f 1736 1737 1801 1800
f 1737 1738 1802 1801
f 1738 1739 1803 1802
f 1739 1740 1804 1803
f 1740 1741 1805 1804
f 1741 1742 1806 1805
f 1742 1743 1807 1806
f 1743 1744 1808 1807
f 1744 1745 1809 1808
f 1745 1746 1810 1809
f 1746 1747 1811 1810
f 1747 1748 1812 1811
f 1748 1749 1813 1812
f 1749 1750 1814 1813
f 1750 1751 1815 1814
f 1751 1752 1816 1815
f 1752 1753 1817 1816
f 1753 1754 1818 1817
f 1754 1755 1819 1818
f 1755 1756 1820 1819
f 1756 1757 1821 1820
f 1757 1758 1822 1821
f 1758 1759 1823 1822
f 1759 1760 1824 1823
f 1760 1761 1825 1824
f 1761 1762 1826 1825
f 1762 1763 1827 1826
f 1763 1764 1828 1827
f 1764 1765 1829 1828
f 1765 1766 1830 1829
f 1766 1767 1831 1830
f 1767 1768 1832 1831
f 1768 1769 1833 1832
f 1769 1770 1834 1833
f 1770 1771 1835 1834
f 1771 1772 1836 1835
f 1772 1773 1837 1836
f 1773 1774 1838 1837
f 1774 1775 1839 1838
f 1775 1776 1840 1839
f 1776 1777 1841 1840
f 1777 1778 1842 1841
f 1778 1779 1843 1842
f 1779 1780 1844 1843
f 1780 1781 1845 1844
f 1781 1782 1846 1845
f 1782 1783 1847 1846
f 1783 1784 1848 1847
f 1784 1785 1849 1848
f 1785 1786 1850 1849
f 1786 1787 1851 1850
f 1787 1788 1852 1851
f 1788 1789 1853 1852
f 1789 1790 1854 1853
f 1790 1791 1855 1854
f 1791 1792 1856 1855
f 1792 1793 1857 1856
f 1793 1730 1794 1857
f 1794 1795 1859 1858
f 1795 1796 1860 1859
f 1796 1797 1861 1860
f 1797 1798 1862 1861
f 1798 1799 1863 1862
f 1799 1800 1864 1863
f 1800 1801 1865 1864
f 1801 1802 1866 1865
f 1802 1803 1867 1866
f 1803 1804 1868 1867
f 1804 1805 1869 1868
f 1805 1806 1870 1869
f 1806 1807 1871 1870
f 1807 1808 1872 1871
f 1808 1809 1873 1872
f 1809 1810 1874 1873
f 1810 1811 1875 1874
f 1811 1812 1876 1875
f 1812 1813 1877 1876
f 1813 1814 1878 1877
f 1814 1815 1879 1878
f 1815 1816 1880 1879
f 1816 1817 1881 1880
f 1817 1818 1882 1881
f 1818 1819 1883 1882
f 1819 1820 1884 1883
f 1820 1821 1885 1884
f 1821 1822 1886 1885
f 1822 1823 1887 1886
f 1823 1824 1888 1887
f 1824 1825 1889 1888
f 1825 1826 1890 1889
f 1826 1827 1891 1890
f 1827 1828 1892 1891
f 1828 1829 1893 1892
f 1829 1830 1894 1893
f 1830 1831 1895 1894
f 1831 1832 1896 1895
f 1832 1833 1897 1896
f 1833 1834 1898 1897
f 1834 1835 1899 1898
f 1835 1836 1900 1899
f 1836 1837 1901 1900
f 1837 1838 1902 1901
f 1838 1839 1903 1902
f 1839 1840 1904 1903
f 1840 1841 1905 1904
f 1841 1842 1906 1905
f 1842 1843 1907 1906
f 1843 1844 1908 1907
f 1844 1845 1909 1908
f 1845 1846 1910 1909
f 1846 1847 1911 1910
f 1847 1848 1912 1911
f 1848 1849 1913 1912
f 1849 1850 1914 1913
f 1850 1851 1915 1914
f 1851 1852 1916 1915
f 1852 1853 1917 1916
f 1853 1854 1918 1917
f 1854 1855 1919 1918
f 1855 1856 1920 1919
f 1856 1857 1921 1920
f 1857 1794 1858 1921
f 1858 1859 1923 1922
f 1859 1860 1924 1923
f 1860 1861 1925 1924
f 1861 1862 1926 1925
f 1862 1863 1927 1926
f 1863 1864 1928 1927
f 1864 1865 1929 1928
f 1865 1866 1930 1929
f 1866 1867 1931 1930
f 1867 1868 1932 1931
f 1868 1869 1933 1932
f 1869 1870 1934 1933
f 1870 1871 1935 1934
f 1871 1872 1936 1935
f 1872 1873 1937 1936
f 1873 1874 1938 1937
f 1874 1875 1939 1938
f 1875 1876 1940 1939
f 1876 1877 1941 1940
f 1877 1878 1942 1941
f 1878 1879 1943 1942
f 1879 1880 1944 1943
f 1880 1881 1945 1944
f 1881 1882 1946 1945
f 1882 1883 1947 1946
f 1883 1884 1948 1947
f 1884 1885 1949 1948
f 1885 1886 1950 1949
f 1886 1887 1951 1950
f 1887 1888 1952 1951
f 1888 1889 1953 1952
f 1889 1890 1954 1953
f 1890 1891 1955 1954
f 1891 1892 1956 1955
f 1892 1893 1957 1956
f 1893 1894 1958 1957
f 1894 1895 1959 1958
f 1895 1896 1960 1959
f 1896 1897 1961 1960
f 1897 1898 1962 1961
f 1898 1899 1963 1962
f 1899 1900 1964 1963
f 1900 1901 1965 1964
f 1901 1902 1966 1965
f 1902 1903 1967 1966
f 1903 1904 1968 1967
f 1904 1905 1969 1968
f 1905 1906 1970 1969
f 1906 1907 1971 1970
f 1907 1908 1972 1971
f 1908 1909 1973 1972
f 1909 1910 1974 1973
f 1910 1911 1975 1974
f 1911 1912 1976 1975
f 1912 1913 1977 1976
f 1913 1914 1978 1977
f 1914 1915 1979 1978
f 1915 1916 1980 1979
f 1916 1917 1981 1980
f 1917 1918 1982 1981
f 1918 1919 1983 1982
f 1919 1920 1984 1983
f 1920 1921 1985 1984
f 1921 1858 1922 1985
f 1986 1923 1922
f 1986 1924 1923
f 1986 1925 1924
f 1986 1926 1925
f 1986 1927 1926
f 1986 1928 1927
f 1986 1929 1928
f 1986 1930 1929
f 1986 1931 1930
f 1986 1932 1931
f 1986 1933 1932
f 1986 1934 1933
f 1986 1935 1934
f 1986 1936 1935
f 1986 1937 1936
f 1986 1938 1937
f 1986 1939 1938
f 1986 1940 1939
f 1986 1941 1940
f 1986 1942 1941
f 1986 1943 1942
f 1986 1944 1943
f 1986 1945 1944
f 1986 1946 1945
f 1986 1947 1946
f 1986 1948 1947
f 1986 1949 1948
f 1986 1950 1949
f 1986 1951 1950
f 1986 1952 1951
f 1986 1953 1952
f 1986 1954 1953
f 1986 1955 1954
f 1986 1956 1955
f 1986 1957 1956
f 1986 1958 1957
f 1986 1959 1958
f 1986 1960 1959
f 1986 1961 1960
f 1986 1962 1961
f 1986 1963 1962
f 1986 1964 1963
f 1986 1965 1964
f 1986 1966 1965
f 1986 1967 1966
f 1986 1968 1967
f 1986 1969 1968
f 1986 1970 1969
f 1986 1971 1970
f 1986 1972 1971
f 1986 1973 1972
f 1986 1974 1973
f 1986 1975 1974
f 1986 1976 1975
f 1986 1977 1976
f 1986 1978 1977
f 1986 1979 1978
f 1986 1980 1979
f 1986 1981 1980
f 1986 1982 1981
f 1986 1983 1982
f 1986 1984 1983
f 1986 1985 1984
f 1986 1922 1985
f 1987 1988 1989 1990
f 1991 1992 1993 1994
f 1995 1996 1997 1998
f 1999 2000 2001 2002
f 2003 2004 2005 2006
f 2007 2008 2009 2010
f 2011 2012 2013 2014
f 2015 2016 2017 2018
f 2019 2020 2021 2022
f 2023 2024 2025 2026
f 2027 2028 2029 2030
f 2031 2032 2033 2034
f 2035 2036 2037 2038
f 2039 2040 2041 2042
f 2043 2044 2045 2046
f 2047 2048 2049 2050
f 2051 2052 2053 2054
f 2055 2056 2057 2058
f 2059 2060 2061 2062
f 2063 2064 2065 2066
f 2067 2068 2069 2070
f 2071 2072 2073 2074
f 2075 2076 2077 2078
f 2079 2080 2081 2082
f 2083 2084 2085 2086
f 2087 2088 2089 2090
f 2091 2092 2093 2094
f 2095 2096 2097 2098
f 2099 2100 2101 2102
f 2103 2104 2105 2106
f 2107 2108 2109 2110
f 2111 2112 2113 2114
f 2115 2116 2117 2118
f 2119 2120 2121 2122
f 2123 2124 2125 2126
f 2127 2128 2129 2130
f 2131 2132 2133 2134
f 2135 2136 2137 2138
f 2139 2140 2141 2142
f 2143 2144 2145 2146
f 2147 2148 2149 2150
f 2151 2152 2153 2154
f 2155 2156 2157 2158
f 2159 2160 2161 2162
f 2163 2164 2165 2166
f 2167 2168 2169 2170
f 2171 2172 2173 2174
f 2175 2176 2177 2178
f 2179 2180 2181 2182
f 2183 2184 2185 2186
f 2187 2188 2189 2190
f 2191 2192 2193 2194
f 2195 2196 2197 2198
f 2199 2200 2201 2202
f 2203 2204 2205 2206
f 2207 2208 2209 2210
f 2211 2212 2213 2214
f 2215 2216 2217 2218
f 2219 2220 2221 2222
f 2223 2224 2225 2226
f 2227 2228 2229 2230
f 2231 2232 2233 2234
f 2235 2236 2237 2238
f 2239 2240 2241 2242
f 2243 2244 2245 2246
f 2247 2248 2249 2250
f 2251 2252 2253 2254
f 2255 2256 2257 2258
f 2259 2260 2261 2262
f 2263 2264 2265 2266
f 2267 2268 2269 2270
f 2271 2272 2273 2274
f 2275 2276 2277 2278
f 2279 2280 2281 2282
f 2283 2284 2285 2286
f 2287 2288 2289 2290
f 2291 2292 2293 2294
f 2295 2296 2297 2298
f 2299 2300 2301 2302
f 2303 2304 2305 2306
f 2307 2308 2309 2310
f 2311 2312 2313 2314
f 2315 2316 2317 2318
f 2319 2320 2321 2322
f 2323 2324 2325 2326
f 2327 2328 2329 2330
f 2331 2332 2333 2334
f 2335 2336 2337 2338
f 2339 2340 2341 2342
f 2343 2344 2345 2346
f 2347 2348 2349 2350
f 2351 2352 2353 2354
f 2355 2356 2357 2358
f 2359 2360 2361 2362
f 2363 2364 2365 2366
f 2367 2368 2369 2370
f 2371 2372 2373 2374
f 2375 2376 2377 2378
f 2379 2380 2381 2382
f 2383 2384 2385 2386
f 2387 2388 2389 2390
f 2391 2392 2393 2394
f 2395 2396 2397 2398
f 2399 2400 2401 2402
f 2403 2404 2405 2406
f 2407 2408 2409 2410
f 2411 2412 2413 2414
f 2415 2416 2417 2418
f 2419 2420 2421 2422
f 2423 2424 2425 2426
f 2427 2428 2429 2430
f 2431 2432 2433 2434
f 2435 2436 2437 2438
f 2439 2440 2441 2442
f 2443 2444 2445 2446
f 2447 2448 2449 2450
f 2451 2452 2453 2454
f 2455 2456 2457 2458
f 2459 2460 2461 2462
f 2463 2464 2465 2466
f 2467 2468 2469 2470
f 2471 2472 2473 2474
f 2475 2476 2477 2478
f 2479 2480 2481 2482
f 2483 2484 2485 2486
f 2487 2488 2489 2490
f 2491 2492 2493 2494
f 2495 2496 2497 2498
f 2499 2500 2501 2502
f 2503 2504 2505 2506
f 2507 2508 2509 2510
f 2511 2512 2513 2514
f 2515 2516 2517 2518
f 2519 2520 2521 2522
f 2523 2524 2525 2526
f 2527 2528 2529 2530
f 2531 2532 2533 2534
f 2535 2536 2537 2538
f 2539 2540 2541 2542
f 2543 2544 2545 2546
f 2547 2548 2549 2550
f 2551 2552 2553 2554
f 2555 2556 2557 2558
f 2559 2560 2561 2562
f 2563 2564 2565 2566
f 2567 2568 2569 2570
f 2571 2572 2573 2574
f 2575 2576 2577 2578
f 2579 2580 2581 2582
f 2583 2584 2585 2586
f 2587 2588 2589 2590
f 2591 2592 2593 2594
f 2595 2596 2597 2598
f 2599 2600 2601 2602
f 2603 2604 2605 2606
f 2607 2608 2609 2610
f 2611 2612 2613 2614
f 2615 2616 2617 2618
f 2619 2620 2621 2622
f 2623 2624 2625 2626
f 2627 2628 2629 2630
f 2631 2632 2633 2634
f 2635 2636 2637 2638
f 2639 2640 2641 2642
f 2643 2644 2645 2646
f 2647 2648 2649 2650
f 2651 2652 2653 2654
f 2655 2656 2657 2658
f 2659 2660 2661 2662
f 2663 2664 2665 2666
f 2667 2668 2669 2670
f 2671 2672 2673 2674
f 2675 2676 2677 2678
f 2679 2680 2681 2682
f 2683 2684 2685 2686
f 2687 2688 2689 2690
f 2691 2692 2693 2694
f 2695 2696 2697 2698
f 2699 2700 2701 2702
f 2703 2704 2705 2706
f 2707 2708 2709 2710
f 2711 2712 2713 2714
f 2715 2716 2717 2718
f 2719 2720 2721 2722
f 2723 2724 2725 2726
f 2727 2728 2729 2730
f 2731 2732 2733 2734
f 2735 2736 2737 2738
f 2739 2740 2741 2742
f 2743 2744 2745 2746
f 2747 2748 2749 2750
f 2751 2752 2753 2754
f 2755 2756 2757 2758
f 2759 2760 2761 2762
f 2763 2764 2765 2766
f 2767 2768 2769 2770
f 2771 2772 2773 2774
f 2775 2776 2777 2778
f 2779 2780 2781 2782
f 2783 2784 2785 2786
f 2787 2788 2789 2790
f 2791 2792 2793 2794
f 2795 2796 2797 2798
f 2799 2800 2801 2802
f 2803 2804 2805 2806
f 2807 2808 2809 2810
f 2811 2812 2813 2814
f 2815 2816 2817 2818
f 2819 2820 2821 2822
f 2823 2824 2825 2826
f 2827 2828 2829 2830
f 2831 2832 2833 2834
f 2835 2836 2837 2838
f 2839 2840 2841 2842
f 2843 2844 2845 2846
f 2847 2848 2849 2850
f 2851 2852 2853 2854
f 2855 2856 2857 2858
f 2859 2860 2861 2862
f 2863 2864 2865 2866
f 2867 2868 2869 2870
f 2871 2872 2873 2874
f 2875 2876 2877 2878
f 2879 2880 2881 2882
f 2883 2884 2885 2886
f 2887 2888 2889 2890
f 2891 2892 2893 2894
f 2895 2896 2897 2898
f 2899 2900 2901 2902
f 2903 2904 2905 2906
f 2907 2908 2909 2910
f 2911 2912 2913 2914
f 2915 2916 2917 2918
f 2919 2920 2921 2922
f 2923 2924 2925 2926
f 2927 2928 2929 2930
f 2931 2932 2933 2934
f 2935 2936 2937 2938
f 2939 2940 2941 2942
f 2943 2944 2945 2946
f 2947 2948 2949 2950
f 2951 2952 2953 2954
f 2955 2956 2957 2958
f 2959 2960 2961 2962
f 2963 2964 2965 2966
f 2967 2968 2969 2970
f 2971 2972 2973 2974
f 2975 2976 2977 2978
f 2979 2980 2981 2982
f 2983 2984 2985 2986
f 2987 2988 2989 2990
f 2991 2992 2993 2994
f 2995 2996 2997 2998
f 2999 3000 3001 3002
f 3003 3004 3005 3006
f 3007 3008 3009 3010
f 3011 3012 3013 3014
f 3015 3016 3017 3018
f 3019 3020 3021 3022
f 3023 3024 3025 3026
f 3027 3028 3029 3030
f 3031 3032 3033 3034
f 3035 3036 3037 3038
f 3039 3040 3041 3042
f 3043 3044 3045 3046
f 3047 3048 3049 3050
f 3051 3052 3053 3054
f 3055 3056 3057 3058
f 3059 3060 3061 3062
f 3063 3064 3065 3066
f 3067 3068 3069 3070
f 3071 3072 3073 3074
f 3075 3076 3077 3078
f 3079 3080 3081 3082
f 3083 3084 3085 3086
f 3087 3088 3089 3090
f 3091 3092 3093 3094
f 3095 3096 3097 3098
f 3099 3100 3101 3102
f 3103 3104 3105 3106
f 3107 3108 3109 3110
f 3111 3112 3113 3114
f 3115 3116 3117 3118
f 3119 3120 3121 3122
f 3123 3124 3125 3126
f 3127 3128 3129 3130
f 3131 3132 3133 3134
f 3135 3136 3137 3138
f 3139 3140 3141 3142
f 3143 3144 3145 3146
f 3147 3148 3149 3150
f 3151 3152 3153 3154
f 3155 3156 3157 3158
f 3159 3160 3161 3162
f 3163 3164 3165 3166
f 3167 3168 3169 3170
f 3171 3172 3173 3174
f 3175 3176 3177 3178
f 3179 3180 3181 3182
f 3183 3184 3185 3186
f 3187 3188 3189 3190
f 3191 3192 3193 3194
f 3195 3196 3197 3198
f 3199 3200 3201 3202
f 3203 3204 3205 3206
f 3207 3208 3209 3210
f 3211 3212 3213 3214
f 3215 3216 3217 3218
f 3219 3220 3221 3222
f 3223 3224 3225 3226
f 3227 3228 3229 3230
f 3231 3232 3233 3234
f 3235 3236 3237 3238
f 3239 3240 3241 3242
f 3243 3244 3245 3246
f 3247 3248 3249 3250
f 3251 3252 3253 3254
f 3255 3256 3257 3258
f 3259 3260 3261 3262
f 3263 3264 3265 3266
f 3267 3268 3269 3270
f 3271 3272 3273 3274
f 3275 3276 3277 3278
f 3279 3280 3281 3282
f 3283 3284 3285 3286
f 3287 3288 3289 3290
f 3291 3292 3293 3294
f 3295 3296 3297 3298
f 3299 3300 3301 3302
f 3303 3304 3305 3306
f 3307 3308 3309 3310
f 3311 3312 3313 3314
f 3315 3316 3317 3318
f 3319 3320 3321 3322
f 3323 3324 3325 3326
f 3327 3328 3329 3330
f 3331 3332 3333 3334
f 3335 3336 3337 3338
f 3339 3340 3341 3342
f 3343 3344 3345 3346
f 3347 3348 3349 3350
f 3351 3352 3353 3354
f 3355 3356 3357 3358
f 3359 3360 3361 3362
f 3363 3364 3365 3366
f 3367 3368 3369 3370
f 3371 3372 3373 3374
f 3375 3376 3377 3378
f 3379 3380 3381 3382
f 3383 3384 3385 3386
f 3387 3388 3389 3390
f 3391 3392 3393 3394
f 3395 3396 3397 3398
f 3399 3400 3401 3402
f 3403 3404 3405 3406
f 3407 3408 3409 3410
f 3411 3412 3413 3414
f 3415 3416 3417 3418
f 3419 3420 3421 3422
f 3423 3424 3425 3426
f 3427 3428 3429 3430
f 3431 3432 3433 3434
f 3435 3436 3437 3438
f 3439 3440 3441 3442
f 3443 3444 3445 3446
f 3447 3448 3449 3450
f 3451 3452 3453 3454
f 3455 3456 3457 3458
f 3459 3460 3461 3462
f 3463 3464 3465 3466
f 3467 3468 3469 3470
f 3471 3472 3473 3474
f 3475 3476 3477 3478
f 3479 3480 3481 3482
f 3483 3484 3485 3486
f 3487 3488 3489 3490
f 3491 3492 3493 3494
f 3495 3496 3497 3498
f 3499 3500 3501 3502
f 3503 3504 3505 3506
f 3507 3508 3509 3510
f 3511 3512 3513 3514
f 3515 3516 3517 3518
f 3519 3520 3521 3522
f 3523 3524 3525 3526
f 3527 3528 3529 3530
f 3531 3532 3533 3534
f 3535 3536 3537 3538
f 3539 3540 3541 3542
f 3543 3544 3545 3546
f 3547 3548 3549 3550
f 3551 3552 3553 3554
f 3555 3556 3557 3558
f 3559 3560 3561 3562
f 3563 3564 3565 3566
f 3567 3568 3569 3570
f 3571 3572 3573 3574
f 3575 3576 3577 3578
f 3579 3580 3581 3582
f 3583 3584 3585 3586
f 3587 3588 3589 3590
f 3591 3592 3593 3594
f 3595 3596 3597 3598
f 3599 3600 3601 3602
f 3603 3604 3605 3606
f 3607 3608 3609 3610
f 3611 3612 3613 3614
f 3615 3616 3617 3618
f 3619 3620 3621 3622
f 3623 3624 3625 3626
f 3627 3628 3629 3630
f 3631 3632 3633 3634
f 3635 3636 3637 3638
f 3639 3640 3641 3642
f 3643 3644 3645 3646
f 3647 3648 3649 3650
f 3651 3652 3653 3654
f 3655 3656 3657 3658
f 3659 3660 3661 3662
f 3663 3664 3665 3666
f 3667 3668 3669 3670
f 3671 3672 3673 3674
f 3675 3676 3677 3678
f 3679 3680 3681 3682
f 3683 3684 3685 3686
f 3687 3688 3689 3690
f 3691 3692 3693 3694
f 3695 3696 3697 3698
f 3699 3700 3701 3702
f 3703 3704 3705 3706
f 3707 3708 3709 3710
f 3711 3712 3713 3714
f 3715 3716 3717 3718
f 3719 3720 3721 3722
f 3723 3724 3725 3726
f 3727 3728 3729 3730
f 3731 3732 3733 3734
f 3735 3736 3737 3738
f 3739 3740 3741 3742
f 3743 3744 3745 3746
f 3747 3748 3749 3750
f 3751 3752 3753 3754
f 3755 3756 3757 3758
f 3759 3760 3761 3762
f 3763 3764 3765 3766
f 3767 3768 3769 3770
f 3771 3772 3773 3774
f 3775 3776 3777 3778
f 3779 3780 3781 3782
f 3783 3784 3785 3786
f 3787 3788 3789 3790
f 3791 3792 3793 3794
f 3795 3796 3797 3798
f 3799 3800 3801 3802
f 3803 3804 3805 3806
f 3807 3808 3809 3810
f 3811 3812 3813 3814
f 3815 3816 3817 3818
f 3819 3820 3821 3822
f 3823 3824 3825 3826
f 3827 3828 3829 3830
f 3831 3832 3833 3834
f 3835 3836 3837 3838
f 3839 3840 3841 3842
f 3843 3844 3845 3846
f 3847 3848 3849 3850
f 3851 3852 3853 3854
f 3855 3856 3857 3858
f 3859 3860 3861 3862
f 3863 3864 3865 3866
f 3867 3868 3869 3870
f 3871 3872 3873 3874
f 3875 3876 3877 3878
f 3879 3880 3881 3882
f 3883 3884 3885 3886
f 3887 3888 3889 3890
f 3891 3892 3893 3894
f 3895 3896 3897 3898
f 3899 3900 3901 3902
f 3903 3904 3905 3906
f 3907 3908 3909 3910
f 3911 3912 3913 3914
f 3915 3916 3917 3918
f 3919 3920 3921 3922
f 3923 3924 3925 3926
f 3927 3928 3929 3930
f 3931 3932 3933 3934
f 3935 3936 3937 3938
f 3939 3940 3941 3942
f 3943 3944 3945 3946
f 3947 3948 3949 3950
f 3951 3952 3953 3954
f 3955 3956 3957 3958
f 3959 3960 3961 3962
f 3963 3964 3965 3966
f 3967 3968 3969 3970
f 3971 3972 3973 3974
f 3975 3976 3977 3978
f 3979 3980 3981 3982
f 3983 3984 3985 3986
f 3987 3988 3989 3990
f 3991 3992 3993 3994
f 3995 3996 3997 3998
f 3999 4000 4001 4002
f 4003 4004 4005 4006
f 4007 4008 4009 4010
f 4011 4012 4013 4014
f 4015 4016 4017 4018
f 4019 4020 4021 4022
f 4023 4024 4025 4026
f 4027 4028 4029 4030
f 4031 4032 4033 4034
f 4035 4036 4037 4038
f 4039 4040 4041 4042
f 4043 4044 4045 4046
f 4047 4048 4049 4050
f 4051 4052 4053 4054
f 4055 4056 4057 4058
f 4059 4060 4061 4062
f 4063 4064 4065 4066
f 4067 4068 4069 4070
f 4071 4072 4073 4074
f 4075 4076 4077 4078
f 4079 4080 4081 4082
f 4083 4084 4085 4086
f 4087 4088 4089 4090
f 4091 4092 4093 4094
f 4095 4096 4097 4098
f 4099 4100 4101 4102
f 4103 4104 4105 4106
f 4107 4108 4109 4110
f 4111 4112 4113 4114
f 4115 4116 4117 4118
f 4119 4120 4121 4122
f 4123 4124 4125 4126
f 4127 4128 4129 4130
f 4131 4132 4133 4134
f 4135 4136 4137 4138
f 4139 4140 4141 4142
f 4143 4144 4145 4146
f 4147 4148 4149 4150
f 4151 4152 4153 4154
f 4155 4156 4157 4158
f 4159 4160 4161 4162
f 4163 4164 4165 4166
f 4167 4168 4169 4170
f 4171 4172 4173 4174
f 4175 4176 4177 4178
f 4179 4180 4181 4182
f 4183 4184 4185 4186
f 4187 4188 4189 4190
f 4191 4192 4193 4194
f 4195 4196 4197 4198
f 4199 4200 4201 4202
f 4203 4204 4205 4206
f 4207 4208 4209 4210
f 4211 4212 4213 4214
f 4215 4216 4217 4218
f 4219 4220 4221 4222
f 4223 4224 4225 4226
f 4227 4228 4229 4230
f 4231 4232 4233 4234
f 4235 4236 4237 4238
f 4239 4240 4241 4242
f 4243 4244 4245 4246
f 4247 4248 4249 4250
f 4251 4252 4253 4254
f 4255 4256 4257 4258
f 4259 4260 4261 4262
f 4263 4264 4265 4266
f 4267 4268 4269 4270
f 4271 4272 4273 4274
f 4275 4276 4277 4278
f 4279 4280 4281 4282
f 4283 4284 4285 4286
f 4287 4288 4289 4290
f 4291 4292 4293 4294
f 4295 4296 4297 4298
f 4299 4300 4301 4302
f 4303 4304 4305 4306
f 4307 4308 4309 4310
f 4311 4312 4313 4314
f 4315 4316 4317 4318
f 4319 4320 4321 4322
f 4323 4324 4325 4326
f 4327 4328 4329 4330
f 4331 4332 4333 4334
f 4335 4336 4337 4338
f 4339 4340 4341 4342
f 4343 4344 4345 4346
f 4347 4348 4349 4350
f 4351 4352 4353 4354
f 4355 4356 4357 4358
f 4359 4360 4361 4362
f 4363 4364 4365 4366
f 4367 4368 4369 4370
f 4371 4372 4373 4374
f 4375 4376 4377 4378
f 4379 4380 4381 4382
f 4383 4384 4385 4386
f 4387 4388 4389 4390
f 4391 4392 4393 4394
f 4395 4396 4397 4398
f 4399 4400 4401 4402
f 4403 4404 4405 4406
f 4407 4408 4409 4410
f 4411 4412 4413 4414
f 4415 4416 4417 4418
f 4419 4420 4421 4422
f 4423 4424 4425 4426
f 4427 4428 4429 4430
f 4431 4432 4433 4434
f 4435 4436 4437 4438
f 4439 4440 4441 4442
f 4443 4444 4445 4446
f 4447 4448 4449 4450
f 4451 4452 4453 4454
f 4455 4456 4457 4458
f 4459 4460 4461 4462
f 4463 4464 4465 4466
f 4467 4468 4469 4470
f 4471 4472 4473 4474
f 4475 4476 4477 4478
f 4479 4480 4481 4482
f 4483 4484 4485 4486
f 4487 4488 4489 4490
f 4491 4492 4493 4494
f 4495 4496 4497 4498
f 4499 4500 4501 4502
f 4503 4504 4505 4506
f 4507 4508 4509 4510
f 4511 4512 4513 4514
f 4515 4516 4517 4518
f 4519 4520 4521 4522
f 4523 4524 4525 4526
f 4527 4528 4529 4530
f 4531 4532 4533 4534
f 4535 4536 4537 4538
f 4539 4540 4541 4542
f 4543 4544 4545 4546
f 4547 4548 4549 4550
f 4551 4552 4553 4554
f 4555 4556 4557 4558
f 4559 4560 4561 4562
f 4563 4564 4565 4566
f 4567 4568 4569 4570
f 4571 4572 4573 4574
f 4575 4576 4577 4578
f 4579 4580 4581 4582
f 4583 4584 4585 4586
f 4587 4588 4589 4590
f 4591 4592 4593 4594
f 4595 4596 4597 4598
f 4599 4600 4601 4602
f 4603 4604 4605 4606
f 4607 4608 4609 4610
f 4611 4612 4613 4614
f 4615 4616 4617 4618
f 4619 4620 4621 4622
f 4623 4624 4625 4626
f 4627 4628 4629 4630
f 4631 4632 4633 4634
f 4635 4636 4637 4638
f 4639 4640 4641 4642
f 4643 4644 4645 4646
f 4647 4648 4649 4650
f 4651 4652 4653 4654
f 4655 4656 4657 4658
f 4659 4660 4661 4662
f 4663 4664 4665 4666
f 4667 4668 4669 4670
f 4671 4672 4673 4674
f 4675 4676 4677 4678
f 4679 4680 4681 4682
f 4683 4684 4685 4686
f 4687 4688 4689 4690
f 4691 4692 4693 4694
f 4695 4696 4697 4698
f 4699 4700 4701 4702
f 4703 4704 4705 4706
f 4707 4708 4709 4710
f 4711 4712 4713 4714
f 4715 4716 4717 4718
f 4719 4720 4721 4722
f 4723 4724 4725 4726
f 4727 4728 4729 4730
f 4731 4732 4733 4734
f 4735 4736 4737 4738
f 4739 4740 4741 4742
f 4743 4744 4745 4746
f 4747 4748 4749 4750
f 4751 4752 4753 4754
f 4755 4756 4757 4758
f 4759 4760 4761 4762
f 4763 4764 4765 4766
f 4767 4768 4769 4770
f 4771 4772 4773 4774
f 4775 4776 4777 4778
f 4779 4780 4781 4782
f 4783 4784 4785 4786
f 4787 4788 4789 4790
f 4791 4792 4793 4794
f 4795 4796 4797 4798
f 4799 4800 4801 4802
f 4803 4804 4805 4806
f 4807 4808 4809 4810
f 4811 4812 4813 4814
f 4815 4816 4817 4818
f 4819 4820 4821 4822
f 4823 4824 4825 4826
f 4827 4828 4829 4830
f 4831 4832 4833 4834
f 4835 4836 4837 4838
f 4839 4840 4841 4842
f 4843 4844 4845 4846
f 4847 4848 4849 4850
f 4851 4852 4853 4854
f 4855 4856 4857 4858
f 4859 4860 4861 4862
f 4863 4864 4865 4866
f 4867 4868 4869 4870
f 4871 4872 4873 4874
f 4875 4876 4877 4878
f 4879 4880 4881 4882
f 4883 4884 4885 4886
f 4887 4888 4889 4890
f 4891 4892 4893 4894
f 4895 4896 4897 4898
f 4899 4900 4901 4902
f 4903 4904 4905 4906
f 4907 4908 4909 4910
f 4911 4912 4913 4914
f 4915 4916 4917 4918
f 4919 4920 4921 4922
f 4923 4924 4925 4926
f 4927 4928 4929 4930
f 4931 4932 4933 4934
f 4935 4936 4937 4938
f 4939 4940 4941 4942
f 4943 4944 4945 4946
f 4947 4948 4949 4950
f 4951 4952 4953 4954
f 4955 4956 4957 4958
f 4959 4960 4961 4962
f 4963 4964 4965 4966
f 4967 4968 4969 4970
f 4971 4972 4973 4974
f 4975 4976 4977 4978
f 4979 4980 4981 4982
f 4983 4984 4985 4986
f 4987 4988 4989 4990
f 4991 4992 4993 4994
f 4995 4996 4997 4998
f 4999 5000 5001 5002
f 5003 5004 5005 5006
f 5007 5008 5009 5010
f 5011 5012 5013 5014
f 5015 5016 5017 5018
f 5019 5020 5021 5022
f 5023 5024 5025 5026
f 5027 5028 5029 5030
f 5031 5032 5033 5034
f 5035 5036 5037 5038
f 5039 5040 5041 5042
f 5043 5044 5045 5046
f 5047 5048 5049 5050
f 5051 5052 5053 5054
f 5055 5056 5057 5058
f 5059 5060 5061 5062
f 5063 5064 5065 5066
f 5067 5068 5069 5070
f 5071 5072 5073 5074
f 5075 5076 5077 5078
f 5079 5080 5081 5082
f 5083 5084 5085 5086
f 5087 5088 5089 5090
f 5091 5092 5093 5094
f 5095 5096 5097 5098
f 5099 5100 5101 5102
f 5103 5104 5105 5106
f 5107 5108 5109 5110
f 5111 5112 5113 5114
f 5115 5116 5117 5118
f 5119 5120 5121 5122
f 5123 5124 5125 5126
f 5127 5128 5129 5130
f 5131 5132 5133 5134
f 5135 5136 5137 5138
f 5139 5140 5141 5142
f 5143 5144 5145 5146
f 5147 5148 5149 5150
f 5151 5152 5153 5154
f 5155 5156 5157 5158
f 5159 5160 5161 5162
f 5163 5164 5165 5166
f 5167 5168 5169 5170
f 5171 5172 5173 5174
f 5175 5176 5177 5178
f 5179 5180 5181 5182
f 5183 5184 5185 5186
f 5187 5188 5189 5190
f 5191 5192 5193 5194
f 5195 5196 5197 5198
f 5199 5200 5201 5202
f 5203 5204 5205 5206
f 5207 5208 5209 5210
f 5211 5212 5213 5214
f 5215 5216 5217 5218
f 5219 5220 5221 5222
f 5223 5224 5225 5226
f 5227 5228 5229 5230
f 5231 5232 5233 5234
f 5235 5236 5237 5238
f 5239 5240 5241 5242
f 5243 5244 5245 5246
f 5247 5248 5249 5250
f 5251 5252 5253 5254
f 5255 5256 5257 5258
f 5259 5260 5261 5262
f 5263 5264 5265 5266
f 5267 5268 5269 5270
f 5271 5272 5273 5274
f 5275 5276 5277 5278
f 5279 5280 5281 5282
f 5283 5284 5285 5286
f 5287 5288 5289 5290
f 5291 5292 5293 5294
f 5295 5296 5297 5298
f 5299 5300 5301 5302
f 5303 5304 5305 5306
f 5307 5308 5309 5310
f 5311 5312 5313 5314
f 5315 5316 5317 5318
f 5319 5320 5321 5322
f 5323 5324 5325 5326
f 5327 5328 5329 5330
f 5331 5332 5333 5334
f 5335 5336 5337 5338
f 5339 5340 5341 5342
f 5343 5344 5345 5346
f 5347 5348 5349 5350
f 5351 5352 5353 5354
f 5355 5356 5357 5358
f 5359 5360 5361 5362
f 5363 5364 5365 5366
f 5367 5368 5369 5370
f 5371 5372 5373 5374
f 5375 5376 5377 5378
f 5379 5380 5381 5382
f 5383 5384 5385 5386
f 5387 5388 5389 5390
f 5391 5392 5393 5394
f 5395 5396 5397 5398
f 5399 5400 5401 5402
f 5403 5404 5405 5406
f 5407 5408 5409 5410
f 5411 5412 5413 5414
f 5415 5416 5417 5418
f 5419 5420 5421 5422
f 5423 5424 5425 5426
f 5427 5428 5429 5430
f 5431 5432 5433 5434
f 5435 5436 5437 5438
f 5439 5440 5441 5442
f 5443 5444 5445 5446
f 5447 5448 5449 5450
f 5451 5452 5453 5454
f 5455 5456 5457 5458
f 5459 5460 5461 5462
f 5463 5464 5465 5466
f 5467 5468 5469 5470
f 5471 5472 5473 5474
f 5475 5476 5477 5478
f 5479 5480 5481 5482
f 5483 5484 5485 5486
f 5487 5488 5489 5490
f 5491 5492 5493 5494
f 5495 5496 5497 5498
f 5499 5500 5501 5502
f 5503 5504 5505 5506
f 5507 5508 5509 5510
f 5511 5512 5513 5514
f 5515 5516 5517 5518
f 5519 5520 5521 5522
f 5523 5524 5525 5526
f 5527 5528 5529 5530
f 5531 5532 5533 5534
f 5535 5536 5537 5538
f 5539 5540 5541 5542
f 5543 5544 5545 5546
f 5547 5548 5549 5550
f 5551 5552 5553 5554
f 5555 5556 5557 5558
f 5559 5560 5561 5562
f 5563 5564 5565 5566
f 5567 5568 5569 5570
f 5571 5572 5573 5574
f 5575 5576 5577 5578
f 5579 5580 5581 5582
f 5583 5584 5585 5586
f 5587 5588 5589 5590
f 5591 5592 5593 5594
f 5595 5596 5597 5598
f 5599 5600 5601 5602
f 5603 5604 5605 5606
f 5607 5608 5609 5610
f 5611 5612 5613 5614
f 5615 5616 5617 5618
f 5619 5620 5621 5622
f 5623 5624 5625 5626
f 5627 5628 5629 5630
f 5631 5632 5633 5634
f 5635 5636 5637 5638
f 5639 5640 5641 5642
f 5643 5644 5645 5646
f 5647 5648 5649 5650
f 5651 5652 5653 5654
f 5655 5656 5657 5658
f 5659 5660 5661 5662
f 5663 5664 5665 5666
f 5667 5668 5669 5670
f 5671 5672 5673 5674
f 5675 5676 5677 5678
f 5679 5680 5681 5682
f 5683 5684 5685 5686
f 5687 5688 5689 5690
f 5691 5692 5693 5694
f 5695 5696 5697 5698
f 5699 5700 5701 5702
f 5703 5704 5705 5706
f 5707 5708 5709 5710
f 5711 5712 5713 5714
f 5715 5716 5717 5718
f 5719 5720 5721 5722
f 5723 5724 5725 5726
f 5727 5728 5729 5730
f 5731 5732 5733 5734
f 5735 5736 5737 5738
f 5739 5740 5741 5742
f 5743 5744 5745 5746
f 5747 5748 5749 5750
f 5751 5752 5753 5754
f 5755 5756 5757 5758
f 5759 5760 5761 5762
f 5763 5764 5765 5766
f 5767 5768 5769 5770
f 5771 5772 5773 5774
f 5775 5776 5777 5778
f 5779 5780 5781 5782
f 5783 5784 5785 5786
f 5787 5788 5789 5790
f 5791 5792 5793 5794
f 5795 5796 5797 5798
f 5799 5800 5801 5802
f 5803 5804 5805 5806
f 5807 5808 5809 5810
f 5811 5812 5813 5814
f 5815 5816 5817 5818
f 5819 5820 5821 5822
f 5823 5824 5825 5826
f 5827 5828 5829 5830
f 5831 5832 5833 5834
f 5835 5836 5837 5838
f 5839 5840 5841 5842
f 5843 5844 5845 5846
f 5847 5848 5849 5850
f 5851 5852 5853 5854
f 5855 5856 5857 5858
f 5859 5860 5861 5862
f 5863 5864 5865 5866
f 5867 5868 5869 5870
f 5871 5872 5873 5874
f 5875 5876 5877 5878
f 5879 5880 5881 5882
f 5883 5884 5885 5886
f 5887 5888 5889 5890
f 5891 5892 5893 5894
f 5895 5896 5897 5898
f 5899 5900 5901 5902
f 5903 5904 5905 5906
f 5907 5908 5909 5910
f 5911 5912 5913 5914
f 5915 5916 5917 5918
f 5919 5920 5921 5922
f 5923 5924 5925 5926
f 5927 5928 5929 5930
f 5931 5932 5933 5934
f 5935 5936 5937 5938
f 5939 5940 5941 5942
f 5943 5944 5945 5946
f 5947 5948 5949 5950
f 5951 5952 5953 5954
f 5955 5956 5957 5958
f 5959 5960 5961 5962
f 5963 5964 5965 5966
f 5967 5968 5969 5970
f 5971 5972 5973 5974
f 5975 5976 5977 5978
f 5979 5980 5981 5982
f 5983 5984 5985 5986
f 5987 5988 5989 5990
f 5991 5992 5993 5994
f 5995 5996 5997 5998
f 5999 6000 6001 6002
f 6003 6004 6005 6006
f 6007 6008 6009 6010
f 6011 6012 6013 6014
f 6015 6016 6017 6018
f 6019 6020 6021 6022
f 6023 6024 6025 6026
f 6027 6028 6029 6030
f 6031 6032 6033 6034
f 6035 6036 6037 6038
f 6039 6040 6041 6042
f 6043 6044 6045 6046
f 6047 6048 6049 6050
f 6051 6052 6053 6054
f 6055 6056 6057 6058
f 6059 6060 6061 6062
f 6063 6064 6065 6066
f 6067 6068 6069 6070
f 6071 6072 6073 6074
f 6075 6076 6077 6078
f 6079 6080 6081 6082
f 6083 6084 6085 6086
f 6087 6088 6089 6090
f 6091 6092 6093 6094
f 6095 6096 6097 6098
f 6099 6100 6101 6102
f 6103 6104 6105 6106
f 6107 6108 6109 6110
f 6111 6112 6113 6114
f 6115 6116 6117 6118
f 6119 6120 6121 6122
f 6123 6124 6125 6126
f 6127 6128 6129 6130
f 6131 6132 6133 6134
f 6135 6136 6137 6138
f 6139 6140 6141 6142
f 6143 6144 6145 6146
f 6147 6148 6149 6150
f 6151 6152 6153 6154
f 6155 6156 6157 6158
f 6159 6160 6161 6162
f 6163 6164 6165 6166
f 6167 6168 6169 6170
f 6171 6172 6173 6174
f 6175 6176 6177 6178
f 6179 6180 6181 6182
f 6183 6184 6185 6186
f 6187 6188 6189 6190
f 6191 6192 6193 6194
f 6195 6196 6197 6198
f 6199 6200 6201 6202
f 6203 6204 6205 6206
f 6207 6208 6209 6210
f 6211 6212 6213 6214
f 6215 6216 6217 6218
f 6219 6220 6221 6222
f 6223 6224 6225 6226
f 6227 6228 6229 6230
f 6231 6232 6233 6234
f 6235 6236 6237 6238
f 6239 6240 6241 6242
f 6243 6244 6245 6246
f 6247 6248 6249 6250
f 6251 6252 6253 6254
f 6255 6256 6257 6258
f 6259 6260 6261 6262
f 6263 6264 6265 6266
f 6267 6268 6269 6270
f 6271 6272 6273 6274
f 6275 6276 6277 6278
f 6279 6280 6281 6282
f 6283 6284 6285 6286
f 6287 6288 6289 6290
f 6291 6292 6293 6294
f 6295 6296 6297 6298
f 6299 6300 6301 6302
f 6303 6304 6305 6306
f 6307 6308 6309 6310
f 6311 6312 6313 6314
f 6315 6316 6317 6318
f 6319 6320 6321 6322
f 6323 6324 6325 6326
f 6327 6328 6329 6330
f 6331 6332 6333 6334
f 6335 6336 6337 6338
f 6339 6340 6341 6342
f 6343 6344 6345 6346
f 6347 6348 6349 6350
f 6351 6352 6353 6354
f 6355 6356 6357 6358
f 6359 6360 6361 6362
f 6363 6364 6365 6366
f 6367 6368 6369 6370
f 6371 6372 6373 6374
f 6375 6376 6377 6378
f 6379 6380 6381 6382
f 6383 6384 6385 6386
f 6387 6388 6389 6390
f 6391 6392 6393 6394
f 6395 6396 6397 6398
f 6399 6400 6401 6402
f 6403 6404 6405 6406
f 6407 6408 6409 6410
f 6411 6412 6413 6414
f 6415 6416 6417 6418
f 6419 6420 6421 6422
f 6423 6424 6425 6426
f 6427 6428 6429 6430
f 6431 6432 6433 6434
f 6435 6436 6437 6438
f 6439 6440 6441 6442
f 6443 6444 6445 6446
f 6447 6448 6449 6450
f 6451 6452 6453 6454
f 6455 6456 6457 6458
f 6459 6460 6461 6462
f 6463 6464 6465 6466
f 6467 6468 6469 6470
f 6471 6472 6473 6474
f 6475 6476 6477 6478
f 6479 6480 6481 6482
f 6483 6484 6485 6486
f 6487 6488 6489 6490
f 6491 6492 6493 6494
f 6495 6496 6497 6498
f 6499 6500 6501 6502
f 6503 6504 6505 6506
f 6507 6508 6509 6510
f 6511 6512 6513 6514
f 6515 6516 6517 6518
f 6519 6520 6521 6522
f 6523 6524 6525 6526
f 6527 6528 6529 6530
f 6531 6532 6533 6534
f 6535 6536 6537 6538
f 6539 6540 6541 6542
f 6543 6544 6545 6546
f 6547 6548 6549 6550
f 6551 6552 6553 6554
f 6555 6556 6557 6558
f 6559 6560 6561 6562
f 6563 6564 6565 6566
f 6567 6568 6569 6570
f 6571 6572 6573 6574
f 6575 6576 6577 6578
f 6579 6580 6581 6582
f 6583 6584 6585 6586
f 6587 6588 6589 6590
f 6591 6592 6593 6594
f 6595 6596 6597 6598
f 6599 6600 6601 6602
f 6603 6604 6605 6606
f 6607 6608 6609 6610
f 6611 6612 6613 6614
f 6615 6616 6617 6618
f 6619 6620 6621 6622
f 6623 6624 6625 6626
f 6627 6628 6629 6630
f 6631 6632 6633 6634
f 6635 6636 6637 6638
f 6639 6640 6641 6642
f 6643 6644 6645 6646
f 6647 6648 6649 6650
f 6651 6652 6653 6654
f 6655 6656 6657 6658
f 6659 6660 6661 6662
f 6663 6664 6665 6666
f 6667 6668 6669 6670
f 6671 6672 6673 6674
f 6675 6676 6677 6678
f 6679 6680 6681 6682
f 6683 6684 6685 6686
f 6687 6688 6689 6690
f 6691 6692 6693 6694
f 6695 6696 6697 6698
f 6699 6700 6701 6702
f 6703 6704 6705 6706
f 6707 6708 6709 6710
f 6711 6712 6713 6714
f 6715 6716 6717 6718
f 6719 6720 6721 6722
f 6723 6724 6725 6726
f 6727 6728 6729 6730
f 6731 6732 6733 6734
f 6735 6736 6737 6738
f 6739 6740 6741 6742
f 6743 6744 6745 6746
f 6747 6748 6749 6750
f 6751 6752 6753 6754
f 6755 6756 6757 6758
f 6759 6760 6761 6762
f 6763 6764 6765 6766
f 6767 6768 6769 6770
f 6771 6772 6773 6774
f 6775 6776 6777 6778
f 6779 6780 6781 6782
f 6783 6784 6785 6786
f 6787 6788 6789 6790
f 6791 6792 6793 6794
f 6795 6796 6797 6798
f 6799 6800 6801 6802
f 6803 6804 6805 6806
f 6807 6808 6809 6810
f 6811 6812 6813 6814
f 6815 6816 6817 6818
f 6819 6820 6821 6822
f 6823 6824 6825 6826
f 6827 6828 6829 6830
f 6831 6832 6833 6834
f 6835 6836 6837 6838
f 6839 6840 6841 6842
f 6843 6844 6845 6846
f 6847 6848 6849 6850
f 6851 6852 6853 6854
f 6855 6856 6857 6858
f 6859 6860 6861 6862
f 6863 6864 6865 6866
f 6867 6868 6869 6870
f 6871 6872 6873 6874
f 6875 6876 6877 6878
f 6879 6880 6881 6882
f 6883 6884 6885 6886
f 6887 6888 6889 6890
f 6891 6892 6893 6894
f 6895 6896 6897 6898
f 6899 6900 6901 6902
f 6903 6904 6905 6906
f 6907 6908 6909 6910
f 6911 6912 6913 6914
f 6915 6916 6917 6918
f 6919 6920 6921 6922
f 6923 6924 6925 6926
f 6927 6928 6929 6930
f 6931 6932 6933 6934
f 6935 6936 6937 6938
f 6939 6940 6941 6942
f 6943 6944 6945 6946
f 6947 6948 6949 6950
f 6951 6952 6953 6954
f 6955 6956 6957 6958
f 6959 6960 6961 6962
f 6963 6964 6965 6966
f 6967 6968 6969 6970
f 6971 6972 6973 6974
f 6975 6976 6977 6978
f 6979 6980 6981 6982
f 6983 6984 6985 6986
f 6987 6988 6989 6990
f 6991 6992 6993 6994
f 6995 6996 6997 6998
f 6999 7000 7001 7002
f 7003 7004 7005 7006
f 7007 7008 7009 7010
f 7011 7012 7013 7014
f 7015 7016 7017 7018
f 7019 7020 7021 7022
f 7023 7024 7025 7026
f 7027 7028 7029 7030
f 7031 7032 7033 7034
f 7035 7036 7037 7038
f 7039 7040 7041 7042
f 7043 7044 7045 7046
f 7047 7048 7049 7050
f 7051 7052 7053 7054
