# Glyph Shell Layer: INTERESSENCE
# Radius: 10.5, Seed: 251049784
o sphere_glyphs_INTERESSENCE

v 1.768672 10.345415 0.306894
v 0.000000 10.500000 0.000000
v 0.000000 10.710000 0.000000
v 1.804045 10.552324 0.313032
v -0.256985 10.496838 -0.018956
v 0.744448 10.471550 0.206016
v 0.759336 10.680981 0.210137
v -0.262124 10.706774 -0.019335
v 0.128502 10.499209 0.009479
v 1.115410 10.436023 0.308676
v 1.137718 10.644744 0.314849
v 0.131072 10.709194 0.009668
v 0.513815 10.487352 0.037901
v 1.484861 10.386353 0.410916
v 1.514558 10.594080 0.419135
v 0.524091 10.697099 0.038659
v 0.898431 10.461282 0.066272
v 1.852299 10.322608 0.512600
v 1.889345 10.529060 0.522852
v 0.916399 10.670508 0.067598
v 1.561893 10.345415 0.884801
v 0.000000 10.500000 0.000000
v 0.000000 10.710000 0.000000
v 1.593131 10.552324 0.902497
v 0.000000 10.500000 0.000000
v 0.841442 10.449440 0.592610
v 0.858271 10.658428 0.604462
v 0.000000 10.710000 0.000000
v 0.588630 10.480240 0.260922
v 1.363740 10.366665 0.960454
v 1.391015 10.573998 0.979663
v 0.600403 10.689845 0.266140
v 1.172510 10.345415 1.359265
v 0.000000 10.500000 0.000000
v 0.000000 10.710000 0.000000
v 1.195961 10.552324 1.386451
v 0.252436 10.492885 0.292643
v 0.222536 10.492885 0.315977
v 0.226987 10.702743 0.322296
v 0.257484 10.702743 0.298496
v 0.588425 10.461282 0.682148
v 0.518729 10.461282 0.736539
v 0.529104 10.670508 0.751270
v 0.600193 10.670508 0.695791
v 0.839531 10.421035 0.973250
v 0.740093 10.421035 1.050852
v 0.754895 10.629456 1.071869
v 0.856322 10.629456 0.992715
v 0.646048 10.345415 1.674815
v 0.000000 10.500000 0.000000
v 0.000000 10.710000 0.000000
v 0.658968 10.552324 1.708312
v 0.405042 10.461282 0.804681
v -0.034366 10.499209 -0.124184
v -0.035054 10.709194 -0.126667
v 0.413143 10.670508 0.820774
v 0.635345 10.404478 1.262213
v 0.103078 10.492885 0.372476
v 0.105140 10.702743 0.379926
v 0.648052 10.612567 1.287457
v 0.807097 10.345415 1.603427
v 0.206016 10.471550 0.744448
v 0.210137 10.680981 0.759336
v 0.823239 10.552324 1.635495
v 0.044054 10.345415 1.794559
v 0.000000 10.500000 0.000000
v 0.000000 10.710000 0.000000
v 0.044935 10.552324 1.830450
v -0.015773 10.499209 -0.127882
v -0.066272 10.461282 0.898431
v -0.067598 10.670508 0.916399
v -0.016088 10.709194 -0.130440
v 0.047309 10.492885 0.383569
v -0.103954 10.404478 1.409269
v -0.106033 10.612567 1.437454
v 0.048255 10.702743 0.391241
v 0.094553 10.471550 0.766619
v -0.132056 10.345415 1.790236
v -0.134697 10.552324 1.826041
v 0.096444 10.680981 0.781951
v -0.563090 10.345415 1.704498
v -0.000000 10.500000 0.000000
v -0.000000 10.710000 0.000000
v -0.574352 10.552324 1.738588
v -0.056459 10.496838 0.251422
v -0.080830 10.496838 0.244677
v -0.082447 10.706774 0.249571
v -0.057588 10.706774 0.256450
v -0.141072 10.480240 0.628223
v -0.201970 10.480240 0.611371
v -0.206009 10.689845 0.623598
v -0.143894 10.689845 0.640788
v -0.225495 10.449440 1.004173
v -0.322835 10.449440 0.977235
v -0.329292 10.658428 0.996780
v -0.230005 10.658428 1.024257
v -0.309611 10.404478 1.378762
v -0.443263 10.404478 1.341776
v -0.452128 10.612567 1.368611
v -0.315804 10.612567 1.406337
v -1.104402 10.345415 1.415161
v -0.000000 10.500000 0.000000
v -0.000000 10.710000 0.000000
v -1.126490 10.552324 1.443464
v -0.137860 10.496838 0.217704
v -0.177683 10.496838 0.186626
v -0.181236 10.706774 0.190359
v -0.140617 10.706774 0.222058
v -0.275636 10.487352 0.435277
v -0.355259 10.487352 0.373140
v -0.362364 10.697099 0.380603
v -0.281149 10.697099 0.443983
v -0.481964 10.461282 0.761105
v -0.621188 10.461282 0.652454
v -0.633611 10.670508 0.665503
v -0.491604 10.670508 0.776327
v -0.619170 10.436023 0.977777
v -0.798028 10.436023 0.838195
v -0.813989 10.644744 0.854959
v -0.631554 10.644744 0.997333
v -0.756004 10.404478 1.193860
v -0.974388 10.404478 1.023432
v -0.993876 10.612567 1.043900
v -0.771124 10.612567 1.217738
v -1.516596 10.345415 0.960374
v -0.000000 10.500000 0.000000
v -0.000000 10.710000 0.000000
v -1.546928 10.552324 0.979582
v -0.203143 10.496838 0.158535
v -0.217704 10.496838 0.137860
v -0.222058 10.706774 0.140617
v -0.207206 10.706774 0.161705
v -0.507591 10.480240 0.396128
v -0.543974 10.480240 0.344468
v -0.554853 10.689845 0.351357
v -0.517743 10.689845 0.404050
v -0.811350 10.449440 0.633184
v -0.869506 10.449440 0.550609
v -0.886896 10.658428 0.561621
v -0.827577 10.658428 0.645848
v -1.114010 10.404478 0.869382
v -1.193860 10.404478 0.756004
v -1.217738 10.612567 0.771124
v -1.136291 10.612567 0.886770
v -1.751483 10.345415 0.393309
v -0.000000 10.500000 0.000000
v -0.000000 10.710000 0.000000
v -1.786512 10.552324 0.401175
v 0.244677 10.496838 -0.080830
v -0.766619 10.471550 0.094553
v -0.781951 10.680981 0.096444
v 0.249571 10.706774 -0.082447
v -0.122348 10.499209 0.040418
v -1.148629 10.436023 0.141670
v -1.171602 10.644744 0.144503
v -0.124795 10.709194 0.041227
v -0.489207 10.487352 0.161612
v -1.529083 10.386353 0.188594
v -1.559665 10.594080 0.192366
v -0.498991 10.697099 0.164844
v -0.855403 10.461282 0.282587
v -1.907465 10.322608 0.235263
v -1.945614 10.529060 0.239969
v -0.872511 10.670508 0.288239
v -1.781600 10.345415 -0.219739
v -0.000000 10.500000 -0.000000
v -0.000000 10.710000 -0.000000
v -1.817232 10.552324 -0.224134
v -0.257605 10.496838 -0.006324
v -0.251422 10.496838 -0.056459
v -0.256450 10.706774 -0.057588
v -0.262757 10.706774 -0.006450
v -0.515055 10.487352 -0.012644
v -0.502692 10.487352 -0.112883
v -0.512746 10.697099 -0.115141
v -0.525357 10.697099 -0.012897
v -0.900600 10.461282 -0.022109
v -0.878983 10.461282 -0.197382
v -0.896562 10.670508 -0.201330
v -0.918612 10.670508 -0.022551
v -1.156985 10.436023 -0.028402
v -1.129212 10.436023 -0.253573
v -1.151797 10.644744 -0.258645
v -1.180124 10.644744 -0.028970
v -1.412672 10.404478 -0.034679
v -1.378762 10.404478 -0.309611
v -1.406337 10.612567 -0.315804
v -1.440925 10.612567 -0.035373
v -1.603427 10.345415 -0.807097
v -0.000000 10.500000 -0.000000
v -0.000000 10.710000 -0.000000
v -1.635495 10.552324 -0.823239
v -1.318410 10.404478 -0.508567
v -0.326515 10.492885 -0.206764
v -0.333046 10.702743 -0.210899
v -1.344778 10.612567 -0.518738
v -1.237794 10.345415 -1.300096
v -0.000000 10.500000 -0.000000
v -0.000000 10.710000 -0.000000
v -1.262550 10.552324 -1.326098
v -0.621188 10.461282 -0.652454
v -0.554245 10.461282 -0.710199
v -0.565330 10.670508 -0.724403
v -0.633611 10.670508 -0.665503
v -0.727449 10.345415 -1.641098
v -0.000000 10.500000 -0.000000
v -0.000000 10.710000 -0.000000
v -0.741998 10.552324 -1.673920
v -0.507281 10.449440 -0.895476
v -0.000000 10.500000 -0.000000
v -0.000000 10.710000 -0.000000
v -0.517427 10.658428 -0.913386
v -0.822159 10.366665 -1.451314
v -0.201970 10.480240 -0.611371
v -0.206009 10.689845 -0.623598
v -0.838603 10.573998 -1.480341
v -0.132056 10.345415 -1.790236
v -0.000000 10.500000 -0.000000
v -0.000000 10.710000 -0.000000
v -0.134697 10.552324 -1.826041
v -0.028431 10.492885 -0.385429
v 0.009485 10.492885 -0.386359
v 0.009674 10.702743 -0.394087
v -0.029000 10.702743 -0.393137
v -0.066272 10.461282 -0.898431
v 0.022109 10.461282 -0.900600
v 0.022551 10.670508 -0.918612
v -0.067598 10.670508 -0.916399
v -0.094553 10.421035 -1.281829
v 0.031543 10.421035 -1.284925
v 0.032174 10.629456 -1.310623
v -0.096444 10.629456 -1.307466
v 0.478776 10.345415 -1.730074
v 0.000000 10.500000 -0.000000
v 0.000000 10.710000 -0.000000
v 0.488352 10.552324 -1.764676
v 0.068727 10.496838 -0.248349
v 0.092739 10.496838 -0.240416
v 0.094594 10.706774 -0.245225
v 0.070102 10.706774 -0.253316
v 0.171728 10.480240 -0.620544
v 0.231725 10.480240 -0.600724
v 0.236359 10.689845 -0.612738
v 0.175162 10.689845 -0.632955
v 0.274495 10.449440 -0.991899
v 0.370397 10.449440 -0.960218
v 0.377805 10.658428 -0.979422
v 0.279985 10.658428 -1.011737
v 0.376891 10.404478 -1.361909
v 0.508567 10.404478 -1.318410
v 0.518738 10.612567 -1.344778
v 0.384429 10.612567 -1.389148
v 1.033633 10.345415 -1.467646
v 0.000000 10.500000 -0.000000
v 0.000000 10.710000 -0.000000
v 1.054306 10.552324 -1.496999
v 0.296662 10.487352 -0.421228
v 0.336522 10.487352 -0.390122
v 0.343252 10.697099 -0.397924
v 0.302596 10.697099 -0.429653
v 0.666402 10.436023 -0.946218
v 0.755939 10.436023 -0.876343
v 0.771057 10.644744 -0.893870
v 0.679730 10.644744 -0.965142
v 1.467646 10.345415 -1.033633
v 0.000000 10.500000 -0.000000
v 0.000000 10.710000 -0.000000
v 1.496999 10.552324 -1.054306
v 0.682148 10.461282 -0.588425
v -0.112112 10.499209 0.063510
v -0.114354 10.709194 0.064781
v 0.695791 10.670508 -0.600193
v 1.070010 10.404478 -0.922997
v 0.336268 10.492885 -0.190493
v 0.342993 10.702743 -0.194303
v 1.091410 10.612567 -0.941457
v 1.359265 10.345415 -1.172510
v 0.672079 10.471550 -0.380728
v 0.685521 10.680981 -0.388343
v 1.386451 10.552324 -1.195961
v 1.730074 10.345415 -0.478776
v 0.000000 10.500000 -0.000000
v 0.000000 10.710000 -0.000000
v 1.764676 10.552324 -0.488352
v 0.000000 10.500000 -0.000000
v 1.014028 10.449440 -0.175951
v 1.034309 10.658428 -0.179470
v 0.000000 10.710000 -0.000000
v 0.600724 10.480240 -0.231725
v 1.643453 10.366665 -0.285166
v 1.676323 10.573998 -0.290870
v 0.612738 10.689845 -0.236359
v 3.485265 9.886213 0.604751
v 1.768672 10.345415 0.306894
v 1.804045 10.552324 0.313032
v 3.554971 10.083937 0.616846
v 3.162470 10.009713 0.233278
v 2.095894 10.272332 0.580012
v 2.137812 10.477779 0.591612
v 3.225720 10.209908 0.237943
v 3.077797 9.886213 1.743550
v 1.561893 10.345415 0.884801
v 1.593131 10.552324 0.902497
v 3.139352 10.083937 1.778421
v 1.872711 10.298245 0.830116
v 1.782328 10.298245 1.009677
v 1.817975 10.504210 1.029870
v 1.910166 10.504210 0.846718
v 2.103197 10.244872 0.932283
v 2.001690 10.244872 1.133943
v 2.041724 10.449770 1.156622
v 2.145261 10.449770 0.950929
v 2.446507 10.153253 1.084462
v 2.328431 10.153253 1.319040
v 2.374999 10.356318 1.345420
v 2.495437 10.356318 1.106151
v 2.673567 10.084520 1.185111
v 2.544532 10.084520 1.441459
v 2.595422 10.286211 1.470289
v 2.727038 10.286211 1.208813
v 2.899016 10.009713 1.285046
v 2.759100 10.009713 1.563011
v 2.814282 10.209908 1.594271
v 2.956997 10.209908 1.310746
v 2.310497 9.886213 2.678508
v 1.172510 10.345415 1.359265
v 1.195961 10.552324 1.386451
v 2.356707 10.083937 2.732078
v 1.666176 10.244872 1.586331
v 1.324683 10.244872 1.880905
v 1.351177 10.449770 1.918523
v 1.699500 10.449770 1.618058
v 2.118029 10.084520 2.016531
v 1.683926 10.084520 2.390991
v 1.717605 10.286211 2.438811
v 2.160390 10.286211 2.056862
v 1.273072 9.886213 3.300316
v 0.646048 10.345415 1.674815
v 0.658968 10.552324 1.708312
v 1.298534 10.083937 3.366322
v 0.977756 10.272332 1.942468
v 0.845763 10.009713 3.056194
v 0.862678 10.209908 3.117318
v 0.997311 10.477779 1.981317
v 0.086811 9.886213 3.536278
v 0.044054 10.345415 1.794559
v 0.044935 10.552324 1.830450
v 0.088547 10.083937 3.607004
v 0.266203 10.272332 2.158315
v -0.159979 10.272332 2.168777
v -0.163178 10.477779 2.212153
v 0.271527 10.477779 2.201481
v 0.327582 10.153253 2.655964
v -0.196865 10.153253 2.668838
v -0.200803 10.356318 2.722215
v 0.334134 10.356318 2.709083
v 0.373106 10.047874 3.025067
v -0.224224 10.047874 3.039730
v -0.228708 10.248831 3.100525
v 0.380569 10.248831 3.085568
v -1.109600 9.886213 3.358807
v -0.563090 10.345415 1.704498
v -0.574352 10.552324 1.738588
v -1.131792 10.083937 3.425983
v -0.476473 10.272332 2.121830
v -0.881266 10.272332 1.988104
v -0.898891 10.477779 2.027866
v -0.486002 10.477779 2.164266
v -0.586335 10.153253 2.611066
v -1.084462 10.153253 2.446507
v -1.106151 10.356318 2.495437
v -0.598061 10.356318 2.663287
v -0.667818 10.047874 2.973929
v -1.235171 10.047874 2.786501
v -1.259875 10.248831 2.842231
v -0.681175 10.248831 3.033408
v -2.176285 9.886213 2.788652
v -1.104402 10.345415 1.415161
v -1.126490 10.552324 1.443464
v -2.219811 10.083937 2.844425
v -1.364935 10.185328 2.155468
v -1.062354 10.386353 1.115826
v -1.083602 10.594080 1.138142
v -1.392234 10.389035 2.198577
v -1.498252 10.119649 2.365999
v -1.237794 10.345415 1.300096
v -1.262550 10.552324 1.326098
v -1.528217 10.322042 2.413319
v -1.696511 10.009713 2.679083
v -1.499523 10.272332 1.574998
v -1.529513 10.477779 1.606498
v -1.730441 10.209908 2.732665
v -1.827422 9.928877 2.885815
v -1.672901 10.215869 1.757103
v -1.706359 10.420187 1.792245
v -1.863971 10.127454 2.943532
v -1.957233 9.842060 3.090809
v -1.845272 10.153253 1.938150
v -1.882178 10.356318 1.976913
v -1.996378 10.038901 3.152625
v -2.988537 9.886213 1.892470
v -1.516596 10.345415 0.960374
v -1.546928 10.552324 0.979582
v -3.048308 10.083937 1.930320
v -1.614887 10.298245 1.260270
v -1.730639 10.298245 1.095915
v -1.765252 10.504210 1.117833
v -1.647185 10.504210 1.285476
v -1.813641 10.244872 1.415379
v -1.943639 10.244872 1.230796
v -1.982512 10.449770 1.255412
v -1.849913 10.449770 1.443687
v -2.109686 10.153253 1.646415
v -2.260904 10.153253 1.431701
v -2.306122 10.356318 1.460336
v -2.151879 10.356318 1.679343
v -2.305485 10.084520 1.799218
v -2.470738 10.084520 1.564577
v -2.520152 10.286211 1.595869
v -2.351595 10.286211 1.835203
v -2.499896 10.009713 1.950938
v -2.679083 10.009713 1.696511
v -2.732665 10.209908 1.730441
v -2.549894 10.209908 1.989957
v -3.451394 9.886213 0.775036
v -1.751483 10.345415 0.393309
v -1.786512 10.552324 0.401175
v -3.520421 10.083937 0.790537
v -1.583823 10.366665 0.523224
v -2.655964 10.153253 0.327582
v -2.709083 10.356318 0.334134
v -1.615499 10.573998 0.533689
v -2.064910 10.272332 0.682154
v -3.147215 10.009713 0.388172
v -3.210159 10.209908 0.395935
v -2.106208 10.477779 0.695797
v -2.422524 10.185328 0.800294
v -3.510741 9.886213 0.433009
v -3.580956 10.083937 0.441669
v -2.470974 10.389035 0.816300
v -3.510741 9.886213 -0.433009
v -1.781600 10.345415 -0.219739
v -1.817232 10.552324 -0.224134
v -3.580956 10.083937 -0.441669
v -2.675283 10.153253 -0.065675
v -2.611066 10.153253 -0.586335
v -2.663287 10.356318 -0.598061
v -2.728789 10.356318 -0.066988
v -3.159641 9.886213 -1.590430
v -1.603427 10.345415 -0.807097
v -1.635495 10.552324 -0.823239
v -3.222834 10.083937 -1.622238
v -2.380337 10.185328 -0.918197
v -1.301641 10.386353 -0.824255
v -1.327673 10.594080 -0.840740
v -2.427944 10.389035 -0.936561
v -2.728497 10.084520 -1.052497
v -1.623740 10.322608 -1.028222
v -1.656215 10.529060 -1.048786
v -2.783067 10.286211 -1.073547
v -3.072959 9.970046 -1.185371
v -1.943639 10.244872 -1.230796
v -1.982512 10.449770 -1.255412
v -3.134419 10.169447 -1.209079
v -3.413257 9.842060 -1.316639
v -2.260904 10.153253 -1.431701
v -2.306122 10.356318 -1.460336
v -3.481522 10.038901 -1.342971
v -2.439142 9.886213 -2.561911
v -1.237794 10.345415 -1.300096
v -1.262550 10.552324 -1.326098
v -2.487925 10.083937 -2.613149
v -1.359265 10.345415 -1.172510
v -1.722946 10.119649 -2.207752
v -1.757405 10.322042 -2.251907
v -1.386451 10.552324 -1.195961
v -1.837072 10.215869 -1.584669
v -2.101482 9.928877 -2.692801
v -2.143512 10.127454 -2.746657
v -1.873813 10.420187 -1.616363
v -1.433478 9.886213 -3.233874
v -0.727449 10.345415 -1.641098
v -0.741998 10.552324 -1.673920
v -1.462147 10.083937 -3.298551
v -1.257527 10.185328 -2.219846
v -0.483280 10.386353 -1.462910
v -0.492946 10.594080 -1.492168
v -1.282678 10.389035 -2.264243
v -1.380353 10.119649 -2.436665
v -0.563090 10.345415 -1.704498
v -0.574352 10.552324 -1.738588
v -1.407961 10.322042 -2.485398
v -1.563011 10.009713 -2.759100
v -0.682154 10.272332 -2.064910
v -0.695797 10.477779 -2.106208
v -1.594271 10.209908 -2.814282
v -1.683621 9.928877 -2.972007
v -0.761026 10.215869 -2.303660
v -0.776247 10.420187 -2.349733
v -1.717293 10.127454 -3.031447
v -1.803217 9.842060 -3.183123
v -0.839440 10.153253 -2.541022
v -0.856229 10.356318 -2.591843
v -1.839281 10.038901 -3.246785
v -0.260223 9.886213 -3.527759
v -0.132056 10.345415 -1.790236
v -0.134697 10.552324 -1.826041
v -0.265428 10.083937 -3.598314
v -0.478776 10.119649 -2.759254
v 0.044054 10.345415 -1.794559
v 0.044935 10.552324 -1.830450
v -0.488352 10.322042 -2.814439
v -0.583964 9.928877 -3.365470
v 0.059540 10.215869 -2.425379
v 0.060731 10.420187 -2.473887
v -0.595644 10.127454 -3.432779
v 0.943455 9.886213 -3.409207
v 0.478776 10.345415 -1.730074
v 0.488352 10.552324 -1.764676
v 0.962324 10.083937 -3.477391
v 0.613590 10.244872 -2.217228
v 0.827961 10.244872 -2.146409
v 0.844520 10.449770 -2.189337
v 0.625861 10.449770 -2.261572
v 0.779990 10.084520 -2.818521
v 1.052497 10.084520 -2.728497
v 1.073547 10.286211 -2.783067
v 0.795590 10.286211 -2.874892
v 2.036831 9.886213 -2.892078
v 1.033633 10.345415 -1.467646
v 1.054306 10.552324 -1.496999
v 2.077568 10.083937 -2.949920
v 1.071891 10.272332 -1.892152
v 1.252192 10.272332 -1.777977
v 1.277236 10.477779 -1.813536
v 1.093328 10.477779 -1.929995
v 1.319040 10.153253 -2.328431
v 1.540914 10.153253 -2.187930
v 1.571732 10.356318 -2.231689
v 1.345420 10.356318 -2.374999
v 1.502348 10.047874 -2.652016
v 1.755057 10.047874 -2.491990
v 1.790158 10.248831 -2.541829
v 1.532395 10.248831 -2.705056
v 2.892078 9.886213 -2.036831
v 1.467646 10.345415 -1.033633
v 1.496999 10.552324 -1.054306
v 2.949920 10.083937 -2.077568
v 1.166609 10.386353 -1.006324
v 2.219846 10.185328 -1.257527
v 2.264243 10.389035 -1.282678
v 1.189941 10.594080 -1.026450
v 1.455294 10.322608 -1.255345
v 2.544532 10.084520 -1.441459
v 2.595422 10.286211 -1.470289
v 1.484400 10.529060 -1.280452
v 1.742007 10.244872 -1.502665
v 2.865769 9.970046 -1.623438
v 2.923085 10.169447 -1.655907
v 1.776847 10.449770 -1.532719
v 2.026359 10.153253 -1.747949
v 3.183123 9.842060 -1.803217
v 3.246785 10.038901 -1.839281
v 2.066886 10.356318 -1.782908
v 3.409207 9.886213 -0.943455
v 1.730074 10.345415 -0.478776
v 1.764676 10.552324 -0.488352
v 3.477391 10.083937 -0.962324
v 2.146409 10.244872 -0.827961
v 2.217228 10.244872 -0.613590
v 2.261572 10.449770 -0.625861
v 2.189337 10.449770 -0.844520
v 2.728497 10.084520 -1.052497
v 2.818521 10.084520 -0.779990
v 2.874892 10.286211 -0.795590
v 2.783067 10.286211 -1.073547
v 5.099236 9.135913 0.884801
v 3.485265 9.886213 0.604751
v 3.554971 10.083937 0.616846
v 5.201221 9.318632 0.902497
v 3.284734 9.970046 0.242297
v 4.100900 9.599202 1.134872
v 4.182918 9.791186 1.157569
v 3.350429 10.169447 0.247142
v 3.648484 9.842060 0.269128
v 4.438642 9.436082 1.228338
v 4.527415 9.624804 1.252904
v 3.721453 10.038901 0.274511
v 4.007289 9.700735 0.295595
v 4.770369 9.260173 1.320139
v 4.865777 9.445377 1.346542
v 4.087434 9.894750 0.301507
v 4.360663 9.546264 0.321662
v 5.095632 9.071715 1.410151
v 5.197544 9.253149 1.438354
v 4.447876 9.737189 0.328095
v 4.503075 9.135913 2.550961
v 3.077797 9.886213 1.743550
v 3.139352 10.083937 1.778421
v 4.593137 9.318632 2.601980
v 3.287970 9.796424 1.862612
v 3.089570 9.796424 2.175920
v 3.151361 9.992353 2.219439
v 3.353729 9.992353 1.899864
v 3.599477 9.650695 2.039079
v 3.382280 9.650695 2.382070
v 3.449926 9.843709 2.429712
v 3.671467 9.843709 2.079860
v 3.906106 9.491888 2.212782
v 3.670407 9.491888 2.584992
v 3.743815 9.681725 2.636692
v 3.984228 9.681725 2.257038
v 4.207442 9.320216 2.383486
v 3.953559 9.320216 2.784411
v 4.032630 9.506620 2.840099
v 4.291591 9.506620 2.431156
v 3.380451 9.135913 3.918882
v 2.310497 9.886213 2.678508
v 2.356707 10.083937 2.732078
v 3.448060 9.318632 3.997260
v 3.081696 9.599202 2.934018
v 1.896515 9.970046 2.692845
v 1.934446 10.169447 2.746702
v 3.143330 9.791186 2.992699
v 3.335499 9.436082 3.175659
v 2.106534 9.842060 2.991049
v 2.148665 10.038901 3.050870
v 3.402209 9.624804 3.239172
v 3.584781 9.260173 3.412995
v 2.313699 9.700735 3.285200
v 2.359973 9.894750 3.350904
v 3.656477 9.445377 3.481255
v 3.829205 9.071715 3.645706
v 2.517727 9.546264 3.574898
v 2.568082 9.737189 3.646396
v 3.905789 9.253149 3.718621
v 1.862612 9.135913 4.828640
v 1.273072 9.886213 3.300316
v 1.298534 10.083937 3.366322
v 1.899864 9.318632 4.925213
v 1.699035 9.796424 3.375403
v 1.360007 9.796424 3.525685
v 1.387207 9.992353 3.596198
v 1.733016 9.992353 3.442911
v 1.860004 9.650695 3.695194
v 1.488856 9.650695 3.859713
v 1.518633 9.843709 3.936907
v 1.897205 9.843709 3.769098
v 2.018453 9.491888 4.009977
v 1.615687 9.491888 4.188511
v 1.648001 9.681725 4.272281
v 2.058822 9.681725 4.090177
v 2.174166 9.320216 4.319326
v 1.740329 9.320216 4.511633
v 1.775135 9.506620 4.601865
v 2.217649 9.506620 4.405712
v 0.127011 9.135913 5.173872
v 0.086811 9.886213 3.536278
v 0.088547 10.083937 3.607004
v 0.129552 9.318632 5.277350
v 0.107307 9.546264 4.371193
v -0.321662 9.546264 4.360663
v -0.328095 9.737189 4.447876
v 0.109453 9.737189 4.458617
v -1.623438 9.135913 4.914218
v -1.109600 9.886213 3.358807
v -1.131792 10.083937 3.425983
v -1.655907 9.318632 5.012502
v -0.854239 9.749314 3.804097
v -1.959608 9.320216 4.420804
v -1.998800 9.506620 4.509220
v -0.871323 9.944300 3.880179
v -3.184089 9.135913 4.080033
v -2.176285 9.886213 2.788652
v -2.219811 10.083937 2.844425
v -3.247770 9.318632 4.161633
v -2.085865 9.749314 3.293941
v -2.398684 9.749314 3.073629
v -2.446657 9.944300 3.135102
v -2.127582 9.944300 3.359820
v -2.339283 9.546264 3.694131
v -2.690107 9.546264 3.447053
v -2.743909 9.737189 3.515994
v -2.386068 9.737189 3.768014
v -2.525680 9.378855 3.988485
v -2.904458 9.378855 3.721720
v -2.962548 9.566432 3.796154
v -2.576194 9.566432 4.068255
v -4.372481 9.135913 2.768843
v -2.988537 9.886213 1.892470
v -3.048308 10.083937 1.930320
v -4.459931 9.318632 2.824220
v -3.694131 9.546264 2.339283
v -3.905633 9.546264 1.965930
v -3.983745 9.737189 2.005249
v -3.768014 9.737189 2.386068
v -5.049679 9.135913 1.133943
v -3.451394 9.886213 0.775036
v -3.520421 10.083937 0.790537
v -5.150673 9.318632 1.156622
v -3.687079 9.796424 0.827961
v -3.750479 9.796424 0.462577
v -3.825488 9.992353 0.471829
v -3.760820 9.992353 0.844520
v -3.920543 9.700735 0.880387
v -3.987957 9.700735 0.491868
v -4.067717 9.894750 0.501705
v -3.998954 9.894750 0.897995
v -4.266268 9.546264 0.958022
v -4.339627 9.546264 0.535242
v -4.426420 9.737189 0.545947
v -4.351593 9.737189 0.977183
v -4.493567 9.436082 1.009064
v -4.570835 9.436082 0.563759
v -4.662252 9.624804 0.575034
v -4.583439 9.624804 1.029246
v -4.718160 9.320216 1.059498
v -4.799290 9.320216 0.591936
v -4.895276 9.506620 0.603775
v -4.812524 9.506620 1.080688
v -5.136509 9.135913 -0.633528
v -3.510741 9.886213 -0.433009
v -3.580956 10.083937 -0.441669
v -5.239240 9.318632 -0.646199
v -4.371193 9.546264 -0.107307
v -4.339627 9.546264 -0.535242
v -4.426420 9.737189 -0.545947
v -4.458617 9.737189 -0.109453
v -4.622821 9.135913 -2.326932
v -3.159641 9.886213 -1.590430
v -3.222834 10.083937 -1.622238
v -4.715277 9.318632 -2.373471
v -3.525685 9.796424 -1.360007
v -3.192615 9.796424 -2.021701
v -3.256468 9.992353 -2.062135
v -3.596198 9.992353 -1.387207
v -3.859713 9.650695 -1.488856
v -3.495089 9.650695 -2.213240
v -3.564990 9.843709 -2.257505
v -3.936907 9.843709 -1.518633
v -4.188511 9.491888 -1.615687
v -3.792825 9.491888 -2.401780
v -3.868682 9.681725 -2.449816
v -4.272281 9.681725 -1.648001
v -4.511633 9.320216 -1.740329
v -4.085422 9.320216 -2.587065
v -4.167130 9.506620 -2.638806
v -4.601865 9.506620 -1.775135
v -3.568670 9.135913 -3.748291
v -2.439142 9.886213 -2.561911
v -2.487925 10.083937 -2.613149
v -3.640043 9.318632 -3.823257
v -2.605703 9.796424 -2.736856
v -2.324897 9.796424 -2.979081
v -2.371395 9.992353 -3.038662
v -2.657817 9.992353 -2.791593
v -2.770695 9.700735 -2.910152
v -2.472109 9.700735 -3.167715
v -2.521551 9.894750 -3.231069
v -2.826109 9.894750 -2.968355
v -3.015023 9.546264 -3.166778
v -2.690107 9.546264 -3.447053
v -2.743909 9.737189 -3.515994
v -3.075324 9.737189 -3.230113
v -3.175659 9.436082 -3.335499
v -2.833431 9.436082 -3.630706
v -2.890100 9.624804 -3.703320
v -3.239172 9.624804 -3.402209
v -3.334381 9.320216 -3.502210
v -2.975049 9.320216 -3.812172
v -3.034550 9.506620 -3.888416
v -3.401069 9.506620 -3.572254
v -2.097298 9.135913 -4.731430
v -1.433478 9.886213 -3.233874
v -1.462147 10.083937 -3.298551
v -2.139244 9.318632 -4.826058
v -1.862612 9.796424 -3.287970
v -1.531366 9.796424 -3.454705
v -1.561993 9.992353 -3.523799
v -1.899864 9.992353 -3.353729
v -1.980552 9.700735 -3.496163
v -1.628331 9.700735 -3.673456
v -1.660898 9.894750 -3.746925
v -2.020163 9.894750 -3.566086
v -2.155202 9.546264 -3.804464
v -1.771922 9.546264 -3.997392
v -1.807360 9.737189 -4.077339
v -2.198307 9.737189 -3.880554
v -2.270028 9.436082 -4.007160
v -1.866327 9.436082 -4.210366
v -1.903653 9.624804 -4.294573
v -2.315429 9.624804 -4.087303
v -2.383486 9.320216 -4.207442
v -1.959608 9.320216 -4.420804
v -1.998800 9.506620 -4.509220
v -2.431156 9.506620 -4.291591
v -0.380728 9.135913 -5.161408
v -0.260223 9.886213 -3.527759
v -0.265428 10.083937 -3.598314
v -0.388343 9.318632 -5.264636
v -0.666551 9.749314 -3.841431
v -0.286816 9.749314 -3.888266
v -0.292552 9.944300 -3.966032
v -0.679882 9.944300 -3.918259
v -0.747533 9.546264 -4.308137
v -0.321662 9.546264 -4.360663
v -0.328095 9.737189 -4.447876
v -0.762483 9.737189 -4.394299
v -0.807097 9.378855 -4.651416
v -0.347292 9.378855 -4.708127
v -0.354238 9.566432 -4.802290
v -0.823239 9.566432 -4.744444
v 1.380353 9.135913 -4.987957
v 0.943455 9.886213 -3.409207
v 0.962324 10.083937 -3.477391
v 1.407961 9.318632 -5.087716
v 0.563090 9.970046 -3.245168
v 1.531366 9.599202 -3.969916
v 1.561993 9.791186 -4.049314
v 0.574352 10.169447 -3.310071
v 0.604751 9.886213 -3.485265
v 1.615687 9.491888 -4.188511
v 1.648001 9.681725 -4.272281
v 0.616846 10.083937 -3.554971
v 0.666551 9.749314 -3.841431
v 1.740329 9.320216 -4.511633
v 1.775135 9.506620 -4.601865
v 0.679882 9.944300 -3.918259
v 0.707255 9.650695 -4.076011
v 1.822123 9.198736 -4.723677
v 1.858566 9.382711 -4.818150
v 0.721400 9.843709 -4.157531
v 0.747533 9.546264 -4.308137
v 1.902820 9.071715 -4.932876
v 1.940877 9.253149 -5.031533
v 0.762483 9.737189 -4.394299
v 2.980056 9.135913 -4.231354
v 2.036831 9.886213 -2.892078
v 2.077568 10.083937 -2.949920
v 3.039657 9.318632 -4.315981
v 1.683621 9.928877 -2.972007
v 2.856005 9.546264 -3.310904
v 2.913125 9.737189 -3.377122
v 1.717293 10.127454 -3.031447
v 1.921727 9.749314 -3.392322
v 3.158519 9.320216 -3.661602
v 3.221690 9.506620 -3.734834
v 1.960161 9.944300 -3.460168
v 2.097298 9.599202 -3.702250
v 3.380451 9.135913 -3.918882
v 3.448060 9.318632 -3.997260
v 2.139244 9.791186 -3.776295
v 4.231354 9.135913 -2.980056
v 2.892078 9.886213 -2.036831
v 2.949920 10.083937 -2.077568
v 4.315981 9.318632 -3.039657
v 3.310904 9.546264 -2.856005
v 2.972007 9.928877 -1.683621
v 3.031447 10.127454 -1.717293
v 3.377122 9.737189 -2.913125
v 3.661602 9.320216 -3.158519
v 3.392322 9.749314 -1.921727
v 3.460168 9.944300 -1.960161
v 3.734834 9.506620 -3.221690
v 3.918882 9.135913 -3.380451
v 3.702250 9.599202 -2.097298
v 3.776295 9.791186 -2.139244
v 3.997260 9.318632 -3.448060
v 4.987957 9.135913 -1.380353
v 3.409207 9.886213 -0.943455
v 3.477391 10.083937 -0.962324
v 5.087716 9.318632 -1.407961
v 3.757600 9.749314 -1.039868
v 3.841431 9.749314 -0.666551
v 3.918259 9.944300 -0.679882
v 3.832752 9.944300 -1.060665
v 4.214121 9.546264 -1.166204
v 4.308137 9.546264 -0.747533
v 4.394299 9.737189 -0.762483
v 4.298403 9.737189 -1.189528
v 4.549909 9.378855 -1.259129
v 4.651416 9.378855 -0.807097
v 4.744444 9.566432 -0.823239
v 4.640907 9.566432 -1.284312
v 6.563062 8.116610 1.138799
v 5.099236 9.135913 0.884801
v 5.201221 9.318632 0.902497
v 6.694323 8.278942 1.161575
v 5.383452 9.006150 0.397107
v 5.202539 9.006150 1.439736
v 5.306590 9.186273 1.468531
v 5.491122 9.186273 0.405049
v 5.710398 8.801359 0.421224
v 5.518497 8.801359 1.527174
v 5.628867 8.977387 1.557717
v 5.824606 8.977387 0.429649
v 6.029604 8.584641 0.444770
v 5.826977 8.584641 1.612542
v 5.943516 8.756333 1.644792
v 6.150196 8.756333 0.453666
v 6.340639 8.356287 0.467714
v 6.127559 8.356287 1.695724
v 6.250110 8.523413 1.729638
v 6.467452 8.523413 0.477068
v 5.795762 8.116610 3.283259
v 4.503075 9.135913 2.550961
v 4.593137 9.318632 2.601980
v 5.911677 8.278942 3.348924
v 5.135550 8.870962 2.276433
v 4.592762 8.870962 3.234588
v 4.684618 9.048382 3.299280
v 5.238261 9.048382 2.321962
v 5.623192 8.509801 2.492590
v 5.028864 8.509801 3.541726
v 5.129441 8.679997 3.612560
v 5.735656 8.679997 2.542441
v 4.350869 8.116610 5.043866
v 3.380451 9.135913 3.918882
v 3.448060 9.318632 3.997260
v 4.437886 8.278942 5.144743
v 3.909543 9.006150 3.722194
v 3.525878 9.006150 4.087473
v 3.596396 9.186273 4.169222
v 3.987734 9.186273 3.796638
v 4.146975 8.801359 3.948249
v 3.740010 8.801359 4.335712
v 3.814811 8.977387 4.422426
v 4.229915 8.977387 4.027214
v 4.378788 8.584641 4.168952
v 3.949074 8.584641 4.578074
v 4.028055 8.756333 4.669636
v 4.466363 8.756333 4.252332
v 4.604666 8.356287 4.384006
v 4.152785 8.356287 4.814232
v 4.235841 8.523413 4.910517
v 4.696759 8.523413 4.471686
v 2.397307 8.116610 6.214786
v 1.862612 9.135913 4.828640
v 1.899864 9.318632 4.925213
v 2.445254 8.278942 6.339082
v 2.427037 9.006150 4.821695
v 1.439736 9.006150 5.202539
v 1.468531 9.186273 5.306590
v 2.475578 9.186273 4.918129
v 2.574435 8.801359 5.114524
v 1.527174 8.801359 5.518497
v 1.557717 8.977387 5.628867
v 2.625924 8.977387 5.216815
v 2.718344 8.584641 5.400422
v 1.612542 8.584641 5.826977
v 1.644792 8.756333 5.943516
v 2.772711 8.756333 5.508430
v 2.858569 8.356287 5.679000
v 1.695724 8.356287 6.127559
v 1.729638 8.523413 6.250110
v 2.915740 8.523413 5.792580
v 0.163472 8.116610 6.659123
v 0.127011 9.135913 5.173872
v 0.129552 9.318632 5.277350
v 0.166742 8.278942 6.792306
v 0.674261 8.939230 5.466768
v 0.135178 8.939230 5.506533
v 0.137881 9.118014 5.616663
v 0.687747 9.118014 5.576103
v 0.727142 8.658188 5.895511
v 0.145779 8.658188 5.938395
v 0.148695 8.831351 6.057163
v 0.741685 8.831351 6.013421
v 0.765660 8.433679 6.207803
v 0.153502 8.433679 6.252959
v 0.156572 8.602353 6.378018
v 0.780973 8.602353 6.331959
v -2.089475 8.116610 6.324930
v -1.623438 9.135913 4.914218
v -1.655907 9.318632 5.012502
v -2.131264 8.278942 6.451429
v -1.324683 8.584641 5.899081
v -2.097298 9.135913 4.731430
v -2.139244 9.318632 4.826058
v -1.351177 8.756333 6.017063
v -1.437529 8.197741 6.401606
v -2.320376 8.801359 5.234685
v -2.366784 8.977387 5.339379
v -1.466279 8.361696 6.529638
v -4.098137 8.116610 5.251278
v -3.184089 9.135913 4.080033
v -3.247770 9.318632 4.161633
v -4.180100 8.278942 5.356303
v -2.768843 9.135913 4.372481
v -4.168952 8.584641 4.378788
v -4.252332 8.756333 4.466363
v -2.824220 9.318632 4.459931
v -3.063349 8.801359 4.837557
v -4.524092 8.197741 4.751803
v -4.614574 8.361696 4.846839
v -3.124616 8.977387 4.934309
v -5.627679 8.116610 3.563688
v -4.372481 9.135913 2.768843
v -4.459931 9.318632 2.824220
v -5.740233 8.278942 3.634962
v -4.428516 8.870962 3.456048
v -5.017665 8.870962 2.525680
v -5.118018 9.048382 2.576194
v -4.517087 9.048382 3.525169
v -4.849022 8.509801 3.784214
v -5.494113 8.509801 2.765504
v -5.603996 8.679997 2.820814
v -4.946003 8.679997 3.859898
v -6.499278 8.116610 1.459462
v -5.049679 9.135913 1.133943
v -5.150673 9.318632 1.156622
v -6.629264 8.278942 1.488651
v -5.640372 8.658188 1.863327
v -5.024854 9.198736 0.619757
v -5.125351 9.382711 0.632152
v -5.753180 8.831351 1.900594
v -6.036973 8.356287 1.994346
v -5.466768 8.939230 0.674261
v -5.576103 9.118014 0.687747
v -6.157712 8.523413 2.034233
v -6.324930 8.116610 2.089475
v -5.789617 8.730431 0.714081
v -5.905409 8.905040 0.728363
v -6.451429 8.278942 2.131264
v -6.611035 8.116610 -0.815393
v -5.136509 9.135913 -0.633528
v -5.239240 9.318632 -0.646199
v -6.743255 8.278942 -0.831701
v -5.895511 8.658188 -0.727142
v -5.795850 8.658188 -1.301502
v -5.911767 8.831351 -1.327532
v -6.013421 8.831351 -0.741685
v -5.949883 8.116610 -2.994919
v -4.622821 9.135913 -2.326932
v -4.715277 9.318632 -2.373471
v -6.068880 8.278942 -3.054818
v -4.821695 9.006150 -2.427037
v -4.560586 9.006150 -2.887959
v -4.651798 9.186273 -2.945719
v -4.918129 9.186273 -2.475578
v -5.017665 8.870962 -2.525680
v -4.745944 8.870962 -3.005336
v -4.840863 9.048382 -3.065442
v -5.118018 9.048382 -2.576194
v -5.305917 8.658188 -2.670774
v -5.018586 8.658188 -3.177984
v -5.118957 8.831351 -3.241544
v -5.412035 8.831351 -2.724190
v -5.494113 8.509801 -2.765504
v -5.196591 8.509801 -3.290705
v -5.300523 8.679997 -3.356519
v -5.603996 8.679997 -2.820814
v -5.679000 8.356287 -2.858569
v -5.371466 8.356287 -3.401443
v -5.478895 8.523413 -3.469472
v -5.792580 8.523413 -2.915740
v -4.593119 8.116610 -4.824304
v -3.568670 9.135913 -3.748291
v -3.640043 9.318632 -3.823257
v -4.684981 8.278942 -4.920790
v -3.798121 8.939230 -3.989292
v -3.388814 8.939230 -4.342363
v -3.456590 9.118014 -4.429210
v -3.874084 9.118014 -4.069078
v -4.095998 8.658188 -4.302161
v -3.654589 8.658188 -4.682923
v -3.727681 8.831351 -4.776581
v -4.177918 8.831351 -4.388204
v -4.312968 8.433679 -4.530052
v -3.848177 8.433679 -4.930983
v -3.925140 8.602353 -5.029603
v -4.399227 8.602353 -4.620653
v -2.699365 8.116610 -6.089670
v -2.097298 9.135913 -4.731430
v -2.139244 9.318632 -4.826058
v -2.753352 8.278942 -6.211463
v -2.714978 8.939230 -4.792606
v -2.232147 8.939230 -5.035643
v -2.276790 9.118014 -5.136355
v -2.769277 9.118014 -4.888458
v -2.927906 8.658188 -5.168477
v -2.407208 8.658188 -5.430574
v -2.455352 8.831351 -5.539186
v -2.986464 8.831351 -5.271846
v -3.083001 8.433679 -5.442257
v -2.534721 8.433679 -5.718238
v -2.585415 8.602353 -5.832603
v -3.144661 8.602353 -5.551102
v -0.490023 8.116610 -6.643081
v -0.380728 9.135913 -5.161408
v -0.388343 9.318632 -5.264636
v -0.499824 8.278942 -6.775942
v -0.846204 9.260173 -4.876795
v 0.143161 8.730431 -5.831731
v 0.146024 8.905040 -5.948365
v -0.863128 9.445377 -4.974331
v -0.884801 9.135913 -5.099236
v 0.148376 8.584641 -6.044165
v 0.151343 8.756333 -6.165048
v -0.902497 9.318632 -5.201221
v -0.941691 8.939230 -5.427098
v 0.156030 8.356287 -6.355951
v 0.159150 8.523413 -6.483070
v -0.960525 9.118014 -5.535640
v -0.978913 8.801359 -5.641613
v 0.161016 8.197741 -6.559049
v 0.164236 8.361696 -6.690230
v -0.998491 8.977387 -5.754446
v -1.015545 8.658188 -5.852730
v 0.165904 8.034256 -6.758195
v 0.169222 8.194941 -6.893359
v -1.035856 8.831351 -5.969785
v 1.776608 8.116610 -6.419837
v 1.380353 9.135913 -4.987957
v 1.407961 9.318632 -5.087716
v 1.812140 8.278942 -6.548234
v 0.884801 9.135913 -5.099236
v 2.175920 8.584641 -5.640861
v 2.219439 8.756333 -5.753679
v 0.902497 9.318632 -5.201221
v 0.978913 8.801359 -5.641613
v 2.361280 8.197741 -6.121389
v 2.408506 8.361696 -6.243817
v 0.998491 8.977387 -5.754446
v 3.835533 8.116610 -5.446038
v 2.980056 9.135913 -4.231354
v 3.039657 9.318632 -4.315981
v 3.912244 8.278942 -5.554959
v 2.875315 8.730431 -5.075642
v 3.232987 9.260173 -3.747931
v 3.297647 9.445377 -3.822889
v 2.932822 8.905040 -5.177154
v 3.031756 8.509801 -5.351798
v 3.453425 9.071715 -4.003479
v 3.522493 9.253149 -4.083549
v 3.092392 8.679997 -5.458834
v 3.184089 8.277637 -5.620703
v 3.669182 8.870962 -4.253602
v 3.742566 9.048382 -4.338674
v 3.247770 8.443190 -5.733117
v 3.332106 8.034256 -5.881989
v 3.879967 8.658188 -4.497960
v 3.957566 8.831351 -4.587919
v 3.398748 8.194941 -5.999629
v 5.446038 8.116610 -3.835533
v 4.231354 9.135913 -2.980056
v 4.315981 9.318632 -3.039657
v 5.554959 8.278942 -3.912244
v 4.497960 8.658188 -3.879967
v 4.405189 9.198736 -2.495509
v 4.493293 9.382711 -2.545419
v 4.587919 8.831351 -3.957566
v 4.814232 8.356287 -4.152785
v 4.792606 8.939230 -2.714978
v 4.888458 9.118014 -2.769277
v 4.910517 8.523413 -4.235841
v 5.043866 8.116610 -4.350869
v 5.075642 8.730431 -2.875315
v 5.177154 8.905040 -2.932822
v 5.144743 8.278942 -4.437886
v 6.419837 8.116610 -1.776608
v 4.987957 9.135913 -1.380353
v 5.087716 9.318632 -1.407961
v 6.548234 8.278942 -1.812140
v 5.139103 8.939230 -1.982371
v 5.308663 8.939230 -1.469105
v 5.414837 9.118014 -1.498487
v 5.241885 9.118014 -2.022018
v 5.542149 8.658188 -2.137843
v 5.725007 8.658188 -1.584323
v 5.839507 8.831351 -1.616009
v 5.652992 8.831351 -2.180600
v 5.835723 8.433679 -2.251087
v 6.028268 8.433679 -1.668246
v 6.148833 8.602353 -1.701611
v 5.952438 8.602353 -2.296109
v 7.833640 6.858315 1.359265
v 6.563062 8.116610 1.138799
v 6.694323 8.278942 1.161575
v 7.990313 6.995481 1.386451
v 6.757344 7.950693 1.172510
v 6.609880 7.950693 1.829200
v 6.742077 8.109707 1.865784
v 6.892491 8.109707 1.195961
v 6.947556 7.779987 1.205515
v 6.795941 7.779987 1.880690
v 6.931860 7.935587 1.918304
v 7.086507 7.935587 1.229626
v 7.224992 7.515174 1.253655
v 7.067322 7.515174 1.955791
v 7.208669 7.665477 1.994907
v 7.369492 7.665477 1.278728
v 7.404533 7.332951 1.284808
v 7.242945 7.332951 2.004393
v 7.387803 7.479610 2.044481
v 7.552623 7.479610 1.310504
v 7.579613 7.146310 1.315188
v 7.414204 7.146310 2.051787
v 7.562488 7.289237 2.092822
v 7.731205 7.289237 1.341491
v 6.917794 6.858315 3.918882
v 5.795762 8.116610 3.283259
v 5.911677 8.278942 3.348924
v 7.056150 6.995481 3.997260
v 6.703855 7.515174 2.971615
v 6.380305 7.515174 3.614398
v 6.507911 7.665477 3.686686
v 6.837932 7.665477 3.031047
v 5.193177 6.858315 6.020335
v 4.350869 8.116610 5.043866
v 4.437886 8.278942 5.144743
v 5.297040 6.995481 6.140742
v 5.037403 7.865932 4.796007
v 4.543056 7.865932 5.266664
v 4.633917 8.023251 5.371998
v 5.138151 8.023251 4.891927
v 5.310868 7.515174 5.056367
v 4.789684 7.515174 5.552575
v 4.885478 7.665477 5.663627
v 5.417085 7.665477 5.157494
v 5.507605 7.240176 5.243676
v 4.967115 7.240176 5.758266
v 5.066457 7.384979 5.873431
v 5.617757 7.384979 5.348550
v 2.861415 6.858315 7.417939
v 2.397307 8.116610 6.214786
v 2.445254 8.278942 6.339082
v 2.918643 6.995481 7.566298
v 2.904458 8.277637 5.770168
v 1.931047 7.604594 6.977908
v 1.969668 7.756686 7.117466
v 2.962548 8.443190 5.885571
v 3.039477 8.034256 6.038403
v 2.004393 7.332951 7.242945
v 2.044481 7.479610 7.387803
v 3.100266 8.194941 6.159171
v 3.170375 7.779987 6.298454
v 2.075022 7.051369 7.498165
v 2.116522 7.192396 7.648128
v 3.233783 7.935587 6.424423
v 3.296978 7.515174 6.549970
v 2.142839 6.760231 7.743224
v 2.185695 6.895436 7.898088
v 3.362917 7.665477 6.680969
v 0.195120 6.858315 7.948298
v 0.163472 8.116610 6.659123
v 0.166742 8.278942 6.792306
v 0.199022 6.995481 8.107264
v 0.863163 7.779987 6.998339
v -0.518731 7.779987 7.032263
v -0.529106 7.935587 7.172908
v 0.880426 7.935587 7.138306
v 0.919937 7.332951 7.458656
v -0.552850 7.332951 7.494811
v -0.563907 7.479610 7.644707
v 0.938336 7.479610 7.607829
v -2.493987 6.858315 7.549407
v -2.089475 8.116610 6.324930
v -2.131264 8.278942 6.451429
v -2.543867 6.995481 7.700395
v -1.685517 7.146310 7.505950
v -2.818602 7.865932 6.358663
v -2.874974 8.023251 6.485836
v -1.719228 7.289237 7.656068
v -4.891517 6.858315 6.267900
v -4.098137 8.116610 5.251278
v -4.180100 8.278942 5.356303
v -4.989348 6.995481 6.393258
v -4.219452 7.950693 5.406728
v -4.729086 7.950693 4.967115
v -4.823668 8.109707 5.066457
v -4.303841 8.109707 5.514863
v -4.338225 7.779987 5.558922
v -4.862205 7.779987 5.106933
v -4.959449 7.935587 5.209072
v -4.424989 7.935587 5.670100
v -4.511463 7.515174 5.780905
v -5.056367 7.515174 5.310868
v -5.157494 7.665477 5.417085
v -4.601692 7.665477 5.896524
v -4.623572 7.332951 5.924560
v -5.182017 7.332951 5.442843
v -5.285657 7.479610 5.551699
v -4.716044 7.479610 6.043052
v -4.732897 7.146310 6.064646
v -5.304546 7.146310 5.571539
v -5.410637 7.289237 5.682969
v -4.827554 7.289237 6.185939
v -6.717171 6.858315 4.253602
v -5.627679 8.116610 3.563688
v -5.740233 8.278942 3.634962
v -6.851515 6.995481 4.338674
v -5.251278 8.116610 4.098137
v -6.631852 7.424621 3.338194
v -6.764489 7.573114 3.404958
v -5.356303 8.278942 4.180100
v -5.633768 7.692870 4.396636
v -7.026042 6.955366 3.536612
v -7.166563 7.094473 3.607344
v -5.746444 7.846727 4.484569
v -7.757508 6.858315 1.742007
v -6.499278 8.116610 1.459462
v -6.629264 8.278942 1.488651
v -7.912658 6.995481 1.776847
v -6.786365 7.865932 1.523929
v -6.903058 7.865932 0.851411
v -7.041119 8.023251 0.868439
v -6.922092 8.023251 1.554408
v -7.154776 7.515174 1.606659
v -7.277803 7.515174 0.897631
v -7.423359 7.665477 0.915584
v -7.297871 7.665477 1.638792
v -7.419819 7.240176 1.666176
v -7.547404 7.240176 0.930884
v -7.698352 7.384979 0.949501
v -7.568215 7.384979 1.699500
v -7.890900 6.858315 -0.973250
v -6.611035 8.116610 -0.815393
v -6.743255 8.278942 -0.831701
v -8.048718 6.995481 -0.992715
v -7.237995 7.604594 -0.177683
v -6.302969 8.277637 -1.415379
v -6.429029 8.443190 -1.443687
v -7.382755 7.756686 -0.181236
v -7.512910 7.332951 -0.184432
v -6.595972 8.034256 -1.481175
v -6.727891 8.194941 -1.510799
v -7.663168 7.479610 -0.188120
v -7.777644 7.051369 -0.190930
v -6.880036 7.779987 -1.544964
v -7.017636 7.935587 -1.575863
v -7.933197 7.192396 -0.194749
v -8.031837 6.760231 -0.197171
v -7.154776 7.515174 -1.606659
v -7.297871 7.665477 -1.638792
v -8.192473 6.895436 -0.201114
v -7.101752 6.858315 -3.574722
v -5.949883 8.116610 -2.994919
v -6.068880 8.278942 -3.054818
v -7.243787 6.995481 -3.646216
v -6.489306 7.865932 -2.503202
v -6.499349 7.146310 -4.115667
v -6.629335 7.289237 -4.197980
v -6.619092 8.023251 -2.553266
v -5.482325 6.858315 -5.758266
v -4.593119 8.116610 -4.824304
v -4.684981 8.278942 -4.920790
v -5.591972 6.995481 -5.873431
v -5.339359 7.779987 -4.605763
v -4.338225 7.779987 -5.558922
v -4.424989 7.935587 -5.670100
v -5.446146 7.935587 -4.697878
v -5.690556 7.332951 -4.908707
v -4.623572 7.332951 -5.924560
v -4.716044 7.479610 -6.043052
v -5.804367 7.479610 -5.006881
v -3.221949 6.858315 -7.268601
v -2.699365 8.116610 -6.089670
v -2.753352 8.278942 -6.211463
v -3.286388 6.995481 -7.413973
v -3.380451 7.950693 -5.967331
v -2.779273 7.950693 -6.269938
v -2.834858 8.109707 -6.395337
v -3.448060 8.109707 -6.086677
v -3.475607 7.779987 -6.135304
v -2.857506 7.779987 -6.446430
v -2.914656 7.935587 -6.575359
v -3.545119 7.935587 -6.258011
v -3.614398 7.515174 -6.380305
v -2.971615 7.515174 -6.703855
v -3.031047 7.665477 -6.837932
v -3.686686 7.665477 -6.507911
v -3.704216 7.332951 -6.538855
v -3.045459 7.332951 -6.870445
v -3.106368 7.479610 -7.007854
v -3.778300 7.479610 -6.669632
v -3.791802 7.146310 -6.693466
v -3.117469 7.146310 -7.032897
v -3.179818 7.289237 -7.173555
v -3.867638 7.289237 -6.827335
v -0.584889 6.858315 -7.929150
v -0.490023 8.116610 -6.643081
v -0.499824 8.278942 -6.775942
v -0.596587 6.995481 -8.087733
v -1.189102 7.865932 -6.852966
v 0.188792 7.146310 -7.690553
v 0.192568 7.289237 -7.844364
v -1.212885 8.023251 -6.990026
v 2.120551 6.858315 -7.662688
v 1.776608 8.116610 -6.419837
v 1.812140 8.278942 -6.548234
v 2.162962 6.995481 -7.815941
v 1.121685 8.197741 -6.464431
v 2.639093 7.515174 -6.841590
v 2.691874 7.665477 -6.978422
v 1.144119 8.361696 -6.593719
v 1.189102 7.865932 -6.852966
v 2.768626 7.146310 -7.177392
v 2.823998 7.289237 -7.320940
v 1.212885 8.023251 -6.990026
v 1.237794 7.604594 -7.133583
v 2.861415 6.858315 -7.417939
v 2.918643 6.995481 -7.566298
v 1.262550 7.756686 -7.276255
v 4.578074 6.858315 -6.500366
v 3.835533 8.116610 -5.446038
v 3.912244 8.278942 -5.554959
v 4.669636 6.995481 -6.630373
v 3.614398 7.515174 -6.380305
v 4.222373 7.515174 -5.995309
v 4.306820 7.665477 -6.115215
v 3.686686 7.665477 -6.507911
v 6.500366 6.858315 -4.578074
v 5.446038 8.116610 -3.835533
v 5.554959 8.278942 -3.912244
v 6.630373 6.995481 -4.669636
v 5.193177 7.950693 -4.479665
v 5.967331 7.950693 -3.380451
v 6.086677 8.109707 -3.448060
v 5.297040 8.109707 -4.569258
v 5.411250 7.692870 -4.667776
v 6.217912 7.692870 -3.522404
v 6.342270 7.846727 -3.592852
v 5.519475 7.846727 -4.761131
v 5.621989 7.424621 -4.849561
v 6.460066 7.424621 -3.659582
v 6.589268 7.573114 -3.732774
v 5.734429 7.573114 -4.946552
v 5.825109 7.146310 -5.024774
v 6.693466 7.146310 -3.791802
v 6.827335 7.289237 -3.867638
v 5.941611 7.289237 -5.125269
v 7.662688 6.858315 -2.120551
v 6.419837 8.116610 -1.776608
v 6.548234 8.278942 -1.812140
v 7.815941 6.995481 -2.162962
v 6.398758 7.950693 -2.468273
v 6.609880 7.950693 -1.829200
v 6.742077 8.109707 -1.865784
v 6.526734 8.109707 -2.517639
v 6.667456 7.692870 -2.571922
v 6.887443 7.692870 -1.906012
v 7.025192 7.846727 -1.944132
v 6.800805 7.846727 -2.623360
v 6.927118 7.424621 -2.672084
v 7.155672 7.424621 -1.980241
v 7.298786 7.573114 -2.019846
v 7.065660 7.573114 -2.725526
v 7.177392 7.146310 -2.768626
v 7.414204 7.146310 -2.051787
v 7.562488 7.289237 -2.092822
v 7.320940 7.289237 -2.823998
v 8.873559 5.398079 1.539708
v 7.833640 6.858315 1.359265
v 7.990313 6.995481 1.386451
v 9.051030 5.506040 1.570503
v 8.255209 6.459932 0.608941
v 8.155771 6.459932 1.415161
v 8.318887 6.589130 1.443464
v 8.420313 6.589130 0.621120
v 8.634728 5.940184 0.636936
v 8.530719 5.940184 1.480220
v 8.701333 6.058988 1.509825
v 8.807423 6.058988 0.649675
v 7.836134 5.398079 4.439115
v 6.917794 6.858315 3.918882
v 7.056150 6.995481 3.997260
v 7.992857 5.506040 4.527898
v 7.494455 6.561025 3.322063
v 7.132748 6.561025 4.040652
v 7.275403 6.692245 4.121465
v 7.644344 6.692245 3.388505
v 7.779743 6.150878 3.448523
v 7.404267 6.150878 4.194465
v 7.552352 6.273895 4.278355
v 7.935338 6.273895 3.517493
v 7.981445 5.833487 3.537931
v 7.596234 5.833487 4.303214
v 7.748159 5.950157 4.389278
v 8.141074 5.950157 3.608690
v 5.882573 5.398079 6.819537
v 5.193177 6.858315 6.020335
v 5.297040 6.995481 6.140742
v 6.000224 5.506040 6.955927
v 5.634633 7.051369 5.364616
v 4.856181 6.254843 6.895248
v 4.953305 6.379940 7.033153
v 5.747325 7.192396 5.471909
v 5.758266 6.858315 5.482325
v 4.943106 6.045986 7.018672
v 5.041968 6.166906 7.159045
v 5.873431 6.995481 5.591972
v 5.937190 6.561025 5.652675
v 5.067895 5.725912 7.195858
v 5.169253 5.840431 7.339775
v 6.055934 6.692245 5.765728
v 6.052017 6.357866 5.761999
v 5.147282 5.508192 7.308578
v 5.250227 5.618356 7.454750
v 6.173057 6.485023 5.877239
v 6.163198 6.150878 5.867853
v 5.223568 5.287153 7.416896
v 5.328039 5.392896 7.565234
v 6.286462 6.273895 5.985210
v 3.241269 5.398079 8.402673
v 2.861415 6.858315 7.417939
v 2.918643 6.995481 7.566298
v 3.306094 5.506040 8.570727
v 3.685797 6.561025 7.322421
v 2.347435 5.725912 8.482540
v 2.394384 5.840431 8.652190
v 3.759513 6.692245 7.468870
v 0.221022 5.398079 9.003438
v 0.195120 6.858315 7.948298
v 0.199022 6.995481 8.107264
v 0.225442 5.506040 9.183507
v 0.208841 6.150878 8.507238
v -0.626020 6.150878 8.486743
v -0.638540 6.273895 8.656478
v 0.213018 6.273895 8.677382
v -2.825065 5.398079 8.551594
v -2.493987 6.858315 7.549407
v -2.543867 6.995481 7.700395
v -2.881566 5.506040 8.722625
v -1.864508 6.150878 8.303031
v -3.448523 6.150878 7.779743
v -3.517493 6.273895 7.935338
v -1.901798 6.273895 8.469091
v -5.540868 5.398079 7.099966
v -4.891517 6.858315 6.267900
v -4.989348 6.995481 6.393258
v -5.651686 5.506040 7.241966
v -4.162274 7.051369 6.572950
v -5.815364 6.254843 6.108067
v -5.931671 6.379940 6.230229
v -4.245520 7.192396 6.704409
v -4.253602 6.858315 6.717171
v -5.919458 6.045986 6.217401
v -6.037847 6.166906 6.341749
v -4.338674 6.995481 6.851515
v -4.385772 6.561025 6.925891
v -6.068894 5.725912 6.374359
v -6.190272 5.840431 6.501846
v -4.473487 6.692245 7.064408
v -4.470594 6.357866 7.059839
v -6.163961 5.508192 6.474211
v -6.287240 5.618356 6.603695
v -4.560006 6.485023 7.201036
v -4.552723 6.150878 7.189535
v -6.255315 5.287153 6.570163
v -6.380422 5.392896 6.701566
v -4.643778 6.273895 7.333326
v -7.608878 5.398079 4.818269
v -6.717171 6.858315 4.253602
v -6.851515 6.995481 4.338674
v -7.761056 5.506040 4.914634
v -6.525646 6.459932 5.092664
v -7.393787 6.459932 3.721720
v -7.541663 6.589130 3.796154
v -6.656159 6.589130 5.194517
v -6.825651 5.940184 5.326791
v -7.733704 5.940184 3.892819
v -7.888378 6.058988 3.970676
v -6.962164 6.058988 5.433326
v -8.787320 5.398079 1.973259
v -7.757508 6.858315 1.742007
v -7.912658 6.995481 1.776847
v -8.963067 5.506040 2.012724
v -8.151358 6.045986 2.692845
v -7.890900 6.858315 0.973250
v -8.048718 6.995481 0.992715
v -8.314385 6.166906 2.746702
v -8.488050 5.508192 2.804073
v -8.293444 6.357866 1.022899
v -8.459313 6.485023 1.043357
v -8.657811 5.618356 2.860155
v -8.938420 5.398079 -1.102449
v -7.890900 6.858315 -0.973250
v -8.048718 6.995481 -0.992715
v -9.117188 5.506040 -1.124498
v -8.114165 6.661129 -0.199192
v -7.919393 6.661129 -1.778359
v -8.077781 6.794352 -1.813926
v -8.276448 6.794352 -0.203175
v -8.275144 6.459932 -0.203143
v -8.076509 6.459932 -1.813641
v -8.238039 6.589130 -1.849913
v -8.440647 6.589130 -0.207206
v -8.507238 6.150878 -0.208841
v -8.303031 6.150878 -1.864508
v -8.469091 6.273895 -1.901798
v -8.677382 6.273895 -0.213018
v -8.655580 5.940184 -0.212483
v -8.447812 5.940184 -1.897020
v -8.616768 6.058988 -1.934960
v -8.828692 6.058988 -0.216732
v -8.798709 5.725912 -0.215996
v -8.587505 5.725912 -1.928389
v -8.759255 5.840431 -1.966957
v -8.974683 5.840431 -0.220316
v -8.044512 5.398079 -4.049267
v -7.101752 6.858315 -3.574722
v -7.243787 6.995481 -3.646216
v -8.205403 5.506040 -4.130253
v -7.572738 6.661129 -2.921128
v -7.249953 6.661129 -3.649320
v -7.394952 6.794352 -3.722306
v -7.724193 6.794352 -2.979550
v -7.722976 6.459932 -2.979081
v -7.393787 6.459932 -3.721720
v -7.541663 6.589130 -3.796154
v -7.877436 6.589130 -3.038662
v -7.939583 6.150878 -3.062635
v -7.601161 6.150878 -3.826103
v -7.753184 6.273895 -3.902625
v -8.098374 6.273895 -3.123888
v -8.078027 5.940184 -3.116039
v -7.733704 5.940184 -3.892819
v -7.888378 6.058988 -3.970676
v -8.239587 6.058988 -3.178360
v -8.211605 5.725912 -3.167566
v -7.861588 5.725912 -3.957191
v -8.018820 5.840431 -4.036335
v -8.375837 5.840431 -3.230917
v -6.210106 5.398079 -6.522678
v -5.482325 6.858315 -5.758266
v -5.591972 6.995481 -5.873431
v -6.334308 5.506040 -6.653132
v -6.145969 6.661129 -5.301549
v -5.596732 6.661129 -5.878431
v -5.708666 6.794352 -5.996000
v -6.268888 6.794352 -5.407580
v -6.327455 6.357866 -5.458100
v -5.761999 6.357866 -6.052017
v -5.877239 6.485023 -6.173057
v -6.454004 6.485023 -5.567262
v -6.500366 6.045986 -5.607254
v -5.919458 6.045986 -6.217401
v -6.037847 6.166906 -6.341749
v -6.630373 6.166906 -5.719399
v -6.664467 5.725912 -5.748809
v -6.068894 5.725912 -6.374359
v -6.190272 5.840431 -6.501846
v -6.797757 5.840431 -5.863785
v -3.649664 5.398079 -8.233511
v -3.221949 6.858315 -7.268601
v -3.286388 6.995481 -7.413973
v -3.722658 5.506040 -8.398181
v -3.322063 6.561025 -7.494455
v -2.571482 6.561025 -7.783986
v -2.622911 6.692245 -7.939666
v -3.388505 6.692245 -7.644344
v -3.448523 6.150878 -7.779743
v -2.669369 6.150878 -8.080295
v -2.722756 6.273895 -8.241901
v -3.517493 6.273895 -7.935338
v -3.537931 5.833487 -7.981445
v -2.738577 5.833487 -8.289790
v -2.793348 5.950157 -8.455586
v -3.608690 5.950157 -8.141074
v -0.662534 5.398079 -8.981748
v -0.584889 6.858315 -7.929150
v -0.596587 6.995481 -8.087733
v -0.675784 5.506040 -9.161383
v -1.504697 5.725912 -8.671783
v 0.201183 6.561025 -8.195272
v 0.205206 6.692245 -8.359177
v -1.534791 5.840431 -8.845218
v 2.402055 5.398079 -8.679912
v 2.120551 6.858315 -7.662688
v 2.162962 6.995481 -7.815941
v 2.450096 5.506040 -8.853510
v 1.401501 6.561025 -8.077051
v 2.950326 6.561025 -7.648433
v 3.009333 6.692245 -7.801402
v 1.429531 6.692245 -8.238592
v 1.454852 6.150878 -8.384516
v 3.062635 6.150878 -7.939583
v 3.123888 6.273895 -8.098374
v 1.483949 6.273895 -8.552207
v 1.492571 5.833487 -8.601898
v 3.142039 5.833487 -8.145429
v 3.204880 5.950157 -8.308338
v 1.522422 5.950157 -8.773936
v 5.185815 5.398079 -7.363292
v 4.578074 6.858315 -6.500366
v 4.669636 6.995481 -6.630373
v 5.289531 5.506040 -7.510558
v 4.720326 6.561025 -6.702348
v 5.354542 6.561025 -6.207402
v 5.461633 6.692245 -6.331550
v 4.814733 6.692245 -6.836395
v 4.900013 6.150878 -6.957484
v 5.558371 6.150878 -6.443696
v 5.669538 6.273895 -6.572570
v 4.998013 6.273895 -7.096633
v 5.027054 5.833487 -7.137868
v 5.702480 5.833487 -6.610760
v 5.816530 5.950157 -6.742975
v 5.127595 5.950157 -7.280625
v 7.363292 5.398079 -5.185815
v 6.500366 6.858315 -4.578074
v 6.630373 6.995481 -4.669636
v 7.510558 5.506040 -5.289531
v 6.145969 6.661129 -5.301549
v 7.062157 6.661129 -4.000662
v 7.203400 6.794352 -4.080676
v 6.268888 6.794352 -5.407580
v 6.327455 6.357866 -5.458100
v 7.270697 6.357866 -4.118799
v 7.416111 6.485023 -4.201175
v 6.454004 6.485023 -5.567262
v 6.500366 6.045986 -5.607254
v 7.469384 6.045986 -4.231354
v 7.618772 6.166906 -4.315981
v 6.630373 6.166906 -5.719399
v 6.664467 5.725912 -5.748809
v 7.657948 5.725912 -4.338174
v 7.811107 5.840431 -4.424938
v 6.797757 5.840431 -5.863785
v 8.679912 5.398079 -2.402055
v 7.662688 6.858315 -2.120551
v 7.815941 6.995481 -2.162962
v 8.853510 5.506040 -2.450096
v 7.722976 6.459932 -2.979081
v 7.977789 6.459932 -2.207752
v 8.137345 6.589130 -2.251907
v 7.877436 6.589130 -3.038662
v 8.078027 5.940184 -3.116039
v 8.344554 5.940184 -2.309249
v 8.511445 6.058988 -2.355434
v 8.239587 6.058988 -3.178360
v 9.652198 3.778898 1.674815
v 8.873559 5.398079 1.539708
v 9.051030 5.506040 1.570503
v 9.845242 3.854476 1.708312
v 9.297161 4.605471 1.613210
v 9.094270 4.605471 2.516723
v 9.276155 4.697580 2.567058
v 9.483104 4.697580 1.645475
v 8.523741 3.778898 4.828640
v 7.836134 5.398079 4.439115
v 7.992857 5.506040 4.527898
v 8.694216 3.854476 4.925213
v 8.465741 4.949666 3.752605
v 7.570977 4.949666 5.332084
v 7.722397 5.048659 5.438725
v 8.635056 5.048659 3.827657
v 8.727288 4.372510 3.868540
v 7.804880 4.372510 5.496817
v 7.960978 4.459961 5.606753
v 8.901833 4.459961 3.945911
v 6.398758 3.778898 7.417939
v 5.882573 5.398079 6.819537
v 6.000224 5.506040 6.955927
v 6.526734 3.854476 7.566298
v 6.424769 5.617475 6.116888
v 5.400422 4.720919 7.668010
v 5.508430 4.815337 7.821370
v 6.553264 5.729825 6.239226
v 6.570163 5.287153 6.255315
v 5.496817 4.372510 7.804880
v 5.606753 4.459961 7.960978
v 6.701566 5.392896 6.380422
v 6.706653 4.949666 6.385265
v 5.585763 4.018176 7.931174
v 5.697478 4.098540 8.089797
v 6.840787 5.048659 6.512970
v 6.834055 4.605471 6.506561
v 5.667139 3.658396 8.046718
v 5.780481 3.731564 8.207653
v 6.970736 4.697580 6.636692
v 3.525685 3.778898 9.139993
v 3.241269 5.398079 8.402673
v 3.306094 5.506040 8.570727
v 3.596198 3.854476 9.322793
v 4.242569 4.605471 8.428538
v 2.384207 5.508192 8.615415
v 2.431891 5.618356 8.787724
v 4.327421 4.697580 8.597108
v 4.339062 4.136916 8.620236
v 2.453420 5.062930 8.865522
v 2.502489 5.164188 9.042832
v 4.425843 4.219655 8.792640
v 4.404583 3.778898 8.750404
v 2.501460 4.720919 9.039116
v 2.551490 4.815337 9.219898
v 4.492675 3.854476 8.925412
v 0.240416 3.778898 9.793474
v 0.221022 5.398079 9.003438
v 0.225442 5.506040 9.183507
v 0.245225 3.854476 9.989343
v 1.118333 5.175431 9.067207
v -0.672079 5.175431 9.111159
v -0.685521 5.278940 9.293382
v 1.140700 5.278940 9.248551
v 1.140894 4.835656 9.250124
v -0.685638 4.835656 9.294962
v -0.699350 4.932370 9.480862
v 1.163712 4.932370 9.435126
v 1.161908 4.489328 9.420504
v -0.698267 4.489328 9.466169
v -0.712232 4.579115 9.655492
v 1.185147 4.579115 9.608914
v 1.181348 4.136916 9.578118
v -0.709949 4.136916 9.624546
v -0.724148 4.219655 9.817037
v 1.204975 4.219655 9.769680
v -3.072959 3.778898 9.301981
v -2.825065 5.398079 8.551594
v -2.881566 5.506040 8.722625
v -3.134419 3.854476 9.488021
v -2.079684 4.489328 9.261255
v -3.649664 5.398079 8.233511
v -3.722658 5.506040 8.398181
v -2.121278 4.579115 9.446480
v -2.136087 3.898831 9.512426
v -3.776937 4.835656 8.520632
v -3.852475 4.932370 8.691045
v -2.178808 3.976807 9.702675
v -6.027070 3.778898 7.722976
v -5.540868 5.398079 7.099966
v -5.651686 5.506040 7.241966
v -6.147611 3.854476 7.877436
v -5.659353 5.062930 7.251791
v -6.342901 5.062930 6.662158
v -6.469759 5.164188 6.795401
v -5.772540 5.164188 7.396826
v -5.805376 4.605471 7.438901
v -6.506561 4.605471 6.834055
v -6.636692 4.697580 6.970736
v -5.921483 4.697580 7.587679
v -5.905733 4.255034 7.567497
v -6.619039 4.255034 6.952194
v -6.751420 4.340134 7.091238
v -6.023847 4.340134 7.718847
v -8.276544 3.778898 5.241064
v -7.608878 5.398079 4.818269
v -7.761056 5.506040 4.914634
v -8.442075 3.854476 5.345885
v -6.993392 5.617475 5.457696
v -8.377421 4.720919 4.216840
v -8.544970 4.815337 4.301176
v -7.133259 5.729825 5.566850
v -7.099966 5.398079 5.540868
v -8.478385 4.489328 4.267660
v -8.647952 4.579115 4.353013
v -7.241966 5.506040 5.651686
v -7.251791 5.062930 5.659353
v -8.620236 4.136916 4.339062
v -8.792640 4.219655 4.425843
v -7.396826 5.164188 5.772540
v -7.347559 4.835656 5.734091
v -8.708324 3.898831 4.383402
v -8.882491 3.976807 4.471070
v -7.494510 4.932370 5.848773
v -7.438901 4.605471 5.805376
v -8.791167 3.658396 4.425102
v -8.966990 3.731564 4.513604
v -7.587679 4.697580 5.921483
v -9.558392 3.778898 2.146409
v -8.787320 5.398079 1.973259
v -8.963067 5.506040 2.012724
v -9.749560 3.854476 2.189337
v -8.734459 5.062930 2.885476
v -8.975226 5.062930 2.015454
v -9.154731 5.164188 2.055764
v -8.909148 5.164188 2.943185
v -8.959826 4.605471 2.959927
v -9.206805 4.605471 2.067457
v -9.390941 4.697580 2.108806
v -9.139022 4.697580 3.019125
v -9.114713 4.255034 3.011095
v -9.365962 4.255034 2.103197
v -9.553282 4.340134 2.145261
v -9.297007 4.340134 3.071316
v -9.722751 3.778898 -1.199187
v -8.938420 5.398079 -1.102449
v -9.117188 5.506040 -1.124498
v -9.917206 3.854476 -1.223171
v -9.433240 4.605471 -0.231573
v -9.206805 4.605471 -2.067457
v -9.390941 4.697580 -2.108806
v -9.621905 4.697580 -0.236205
v -8.750404 3.778898 -4.404583
v -8.044512 5.398079 -4.049267
v -8.205403 5.506040 -4.130253
v -8.925412 3.854476 -4.492675
v -8.216535 5.062930 -4.135856
v -7.771585 5.062930 -4.921302
v -7.927017 5.164188 -5.019728
v -8.380865 5.164188 -4.218573
v -8.428538 4.605471 -4.242569
v -7.972107 4.605471 -5.048281
v -8.131550 4.697580 -5.149247
v -8.597108 4.697580 -4.327421
v -8.574241 4.255034 -4.315910
v -8.109920 4.255034 -5.135550
v -8.272119 4.340134 -5.238261
v -8.745726 4.340134 -4.402228
v -6.755032 3.778898 -7.095032
v -6.210106 5.398079 -6.522678
v -6.334308 5.506040 -6.653132
v -6.890132 3.854476 -7.236932
v -6.342901 5.062930 -6.662158
v -5.659353 5.062930 -7.251791
v -5.772540 5.164188 -7.396826
v -6.469759 5.164188 -6.795401
v -6.506561 4.605471 -6.834055
v -5.805376 4.605471 -7.438901
v -5.921483 4.697580 -7.587679
v -6.636692 4.697580 -6.970736
v -6.619039 4.255034 -6.952194
v -5.905733 4.255034 -7.567497
v -6.023847 4.340134 -7.718847
v -6.751420 4.340134 -7.091238
v -3.969916 3.778898 -8.955987
v -3.649664 5.398079 -8.233511
v -3.722658 5.506040 -8.398181
v -4.049314 3.854476 -9.135106
v -3.702250 5.175431 -8.352141
v -2.865769 5.175431 -8.674807
v -2.923085 5.278940 -8.848303
v -3.776295 5.278940 -8.519184
v -3.752605 4.949666 -8.465741
v -2.904747 4.949666 -8.792795
v -2.962842 5.048659 -8.968651
v -3.827657 5.048659 -8.635056
v -3.823890 4.605471 -8.626558
v -2.959927 4.605471 -8.959826
v -3.019125 4.697580 -9.139022
v -3.900368 4.697580 -8.799089
v -3.868540 4.372510 -8.727288
v -2.994489 4.372510 -9.064447
v -3.054378 4.459961 -9.245735
v -3.945911 4.459961 -8.901833
v -3.910861 4.136916 -8.822760
v -3.027247 4.136916 -9.163607
v -3.087792 4.219655 -9.346879
v -3.989078 4.219655 -8.999215
v -0.720670 3.778898 -9.769881
v -0.662534 5.398079 -8.981748
v -0.675784 5.506040 -9.161383
v -0.735083 3.854476 -9.965278
v -0.672079 5.175431 -9.111159
v 0.224207 5.175431 -9.133162
v 0.228691 5.278940 -9.315825
v -0.685521 5.278940 -9.293382
v -0.681221 4.949666 -9.235082
v 0.227256 4.949666 -9.257384
v 0.231801 5.048659 -9.442532
v -0.694845 5.048659 -9.419784
v -0.694161 4.605471 -9.410514
v 0.231573 4.605471 -9.433240
v 0.236205 4.697580 -9.621905
v -0.708044 4.697580 -9.598725
v -0.702267 4.372510 -9.520398
v 0.234277 4.372510 -9.543389
v 0.238963 4.459961 -9.734256
v -0.716312 4.459961 -9.710806
v -0.709949 4.136916 -9.624546
v 0.236840 4.136916 -9.647789
v 0.241577 4.219655 -9.840745
v -0.724148 4.219655 -9.817037
v 2.612831 3.778898 -9.441559
v 2.402055 5.398079 -8.679912
v 2.450096 5.506040 -8.853510
v 2.665088 3.854476 -9.630391
v 1.572633 5.062930 -9.063309
v 3.310579 5.062930 -8.582354
v 3.376791 5.164188 -8.754002
v 1.604086 5.164188 -9.244575
v 1.613210 4.605471 -9.297161
v 3.395999 4.605471 -8.803796
v 3.463919 4.697580 -8.979872
v 1.645475 4.697580 -9.483104
v 1.641098 4.255034 -9.457880
v 3.454705 4.255034 -8.955987
v 3.523799 4.340134 -9.135106
v 1.673920 4.340134 -9.647037
v 5.640861 3.778898 -8.009408
v 5.185815 5.398079 -7.363292
v 5.289531 5.506040 -7.510558
v 5.753679 3.854476 -8.169596
v 4.372481 5.617475 -7.718509
v 6.126013 4.720919 -7.101752
v 6.248534 4.815337 -7.243787
v 4.459931 5.729825 -7.872879
v 4.439115 5.398079 -7.836134
v 6.199843 4.489328 -7.187341
v 6.323840 4.579115 -7.331088
v 4.527898 5.506040 -7.992857
v 4.534040 5.062930 -8.003701
v 6.303572 4.136916 -7.307592
v 6.429644 4.219655 -7.453744
v 4.624721 5.164188 -8.163775
v 4.593918 4.835656 -8.109399
v 6.367987 3.898831 -7.382267
v 6.495347 3.976807 -7.529912
v 4.685796 4.932370 -8.271587
v 4.651028 4.605471 -8.210212
v 6.428566 3.658396 -7.452495
v 6.557137 3.731564 -7.601545
v 4.744048 4.697580 -8.374416
v 8.009408 3.778898 -5.640861
v 7.363292 5.398079 -5.185815
v 7.510558 5.506040 -5.289531
v 8.169596 3.854476 -5.753679
v 6.717171 5.617475 -5.794272
v 8.160420 4.720919 -4.622821
v 8.323628 4.815337 -4.715277
v 6.851515 5.729825 -5.910157
v 6.869183 5.287153 -5.925398
v 8.306080 4.372510 -4.705336
v 8.472202 4.459961 -4.799443
v 7.006566 5.392896 -6.043906
v 7.011885 4.949666 -6.048494
v 8.440483 4.018176 -4.781475
v 8.609293 4.098540 -4.877104
v 7.152123 5.048659 -6.169464
v 7.145085 4.605471 -6.163392
v 8.563448 3.658396 -4.851133
v 8.734717 3.731564 -4.948156
v 7.287986 4.697580 -6.286660
v 9.441559 3.778898 -2.612831
v 8.679912 5.398079 -2.402055
v 8.853510 5.506040 -2.450096
v 9.630391 3.854476 -2.665088
v 9.094270 4.605471 -2.516723
v 9.297161 4.605471 -1.613210
v 9.483104 4.697580 -1.645475
v 9.276155 4.697580 -2.567058
v 10.146631 2.048448 1.760607
v 9.652198 3.778898 1.674815
v 9.845242 3.854476 1.708312
v 10.349564 2.089417 1.795820
v 9.943032 3.293658 0.733442
v 9.823263 3.293658 1.704498
v 10.019729 3.359531 1.738588
v 10.141892 3.359531 0.748111
v 10.125742 2.676089 0.746920
v 10.003773 2.676089 1.735819
v 10.203849 2.729611 1.770536
v 10.328257 2.729611 0.761858
v 8.960369 2.048448 5.075987
v 8.523741 3.778898 4.828640
v 8.694216 3.854476 4.925213
v 9.139577 2.089417 5.177506
v 9.077076 3.415758 4.023591
v 8.352340 2.426110 5.882381
v 8.519387 2.474632 6.000029
v 9.258618 3.484073 4.104063
v 6.726534 2.048448 7.797923
v 6.398758 3.778898 7.417939
v 6.526734 3.854476 7.566298
v 6.861065 2.089417 7.953881
v 7.160061 3.537343 6.816944
v 5.692562 3.537343 8.082817
v 5.806413 3.608090 8.244474
v 7.303262 3.608090 6.953283
v 7.220777 3.293658 6.874751
v 5.740834 3.293658 8.151358
v 5.855651 3.359531 8.314385
v 7.365192 3.359531 7.012246
v 7.303685 2.924457 6.953686
v 5.806749 2.924457 8.244951
v 5.922884 2.982946 8.409850
v 7.449758 2.982946 7.092759
v 7.353464 2.676089 7.001080
v 5.846326 2.676089 8.301145
v 5.963253 2.729611 8.467168
v 7.500533 2.729611 7.141101
v 7.398814 2.426110 7.044256
v 5.882381 2.426110 8.352340
v 6.000029 2.474632 8.519387
v 7.546790 2.474632 7.185141
v 3.706287 2.048448 9.608189
v 3.525685 3.778898 9.139993
v 3.596198 3.854476 9.322793
v 3.780413 2.089417 9.800353
v 4.464136 3.415758 8.868714
v 3.573354 3.415758 9.263571
v 3.644821 3.484073 9.448842
v 4.553418 3.484073 9.046088
v 4.534115 2.924457 9.007739
v 3.629369 2.924457 9.408785
v 3.701956 2.982946 9.596961
v 4.624797 2.982946 9.187894
v 4.579439 2.551292 9.097783
v 3.665649 2.551292 9.502838
v 3.738962 2.602318 9.692895
v 4.671028 2.602318 9.279738
v 0.252732 2.048448 10.295144
v 0.240416 3.778898 9.793474
v 0.245225 3.854476 9.989343
v 0.257786 2.089417 10.501047
v 0.247487 2.924457 10.081483
v -0.741863 2.924457 10.057196
v -0.756701 2.982946 10.258340
v 0.252436 2.982946 10.283113
v -3.230372 2.048448 9.778474
v -3.072959 3.778898 9.301981
v -3.134419 3.854476 9.488021
v -3.294979 2.089417 9.974044
v -2.166081 3.537343 9.645999
v -3.101124 3.537343 9.387238
v -3.163147 3.608090 9.574982
v -2.209403 3.608090 9.838919
v -2.184449 3.293658 9.727795
v -3.127421 3.293658 9.466840
v -3.189970 3.359531 9.656176
v -2.228138 3.359531 9.922351
v -2.209531 2.924457 9.839488
v -3.163330 2.924457 9.575536
v -3.226597 2.982946 9.767047
v -2.253722 2.982946 10.036278
v -2.224590 2.676089 9.906551
v -3.184890 2.676089 9.640800
v -3.248588 2.729611 9.833616
v -2.269082 2.729611 10.104682
v -2.238310 2.426110 9.967646
v -3.204532 2.426110 9.700256
v -3.268622 2.474632 9.894261
v -2.283076 2.474632 10.166999
v -6.335806 2.048448 8.118585
v -6.027070 3.778898 7.722976
v -6.147611 3.854476 7.877436
v -6.462522 2.089417 8.280957
v -6.133887 3.293658 7.859850
v -6.874751 3.293658 7.220777
v -7.012246 3.359531 7.365192
v -6.256565 3.359531 8.017047
v -6.246602 2.676089 8.004281
v -7.001080 2.676089 7.353464
v -7.141101 2.729611 7.500533
v -6.371534 2.729611 8.164366
v -8.700509 2.048448 5.509537
v -8.276544 3.778898 5.241064
v -8.442075 3.854476 5.345885
v -8.874520 2.089417 5.619728
v -7.859850 3.293658 6.133887
v -8.423229 3.293658 5.333951
v -8.591693 3.359531 5.440630
v -8.017047 3.359531 6.256565
v -8.004281 2.676089 6.246602
v -8.578012 2.676089 5.431966
v -8.749572 2.729611 5.540605
v -8.164366 2.729611 6.371534
v -10.048020 2.048448 2.256358
v -9.558392 3.778898 2.146409
v -9.749560 3.854476 2.189337
v -10.248980 2.089417 2.301486
v -9.700256 2.426110 3.204532
v -9.854207 3.415758 1.215401
v -10.051291 3.484073 1.239709
v -9.894261 2.474632 3.268622
v -10.220798 2.048448 -1.260615
v -9.722751 3.778898 -1.199187
v -9.917206 3.854476 -1.223171
v -10.425214 2.089417 -1.285827
v -10.116601 2.800484 -0.248349
v -9.558392 3.778898 -2.146409
v -9.749560 3.854476 -2.189337
v -10.318933 2.856494 -0.253316
v -10.269239 2.174669 -0.252096
v -9.766499 3.171062 -2.193141
v -9.961829 3.234484 -2.237003
v -10.474623 2.218163 -0.257138
v -9.198643 2.048448 -4.630208
v -8.750404 3.778898 -4.404583
v -8.925412 3.854476 -4.492675
v -9.382616 2.089417 -4.722812
v -9.408785 2.924457 -3.629369
v -8.236743 3.898831 -5.215860
v -8.401477 3.976807 -5.320177
v -9.596961 2.982946 -3.701956
v -9.531333 2.426110 -3.676641
v -8.388447 3.415758 -5.311926
v -8.556216 3.484073 -5.418164
v -9.721959 2.474632 -3.750174
v -9.608189 2.048448 -3.706287
v -8.488982 3.047989 -5.375588
v -8.658761 3.108949 -5.483100
v -9.800353 2.089417 -3.780413
v -7.101058 2.048448 -7.458474
v -6.755032 3.778898 -7.095032
v -6.890132 3.854476 -7.236932
v -7.243079 2.089417 -7.607644
v -7.636088 2.924457 -6.586935
v -5.998086 3.898831 -7.685837
v -6.118048 3.976807 -7.839553
v -7.788810 2.982946 -6.718674
v -7.735547 2.426110 -6.672729
v -6.108559 3.415758 -7.827395
v -6.230730 3.484073 -7.983943
v -7.890258 2.474632 -6.806183
v -7.797923 2.048448 -6.726534
v -6.181769 3.047989 -7.921205
v -6.305405 3.108949 -8.079629
v -7.953881 2.089417 -6.861065
v -4.173275 2.048448 -9.414756
v -3.969916 3.778898 -8.955987
v -4.049314 3.854476 -9.135106
v -4.256740 2.089417 -9.603052
v -4.914218 3.293658 -8.674807
v -4.040274 3.293658 -9.114713
v -4.121080 3.359531 -9.297007
v -5.012502 3.359531 -8.848303
v -5.004520 2.676089 -8.834213
v -4.114518 2.676089 -9.282203
v -4.196808 2.729611 -9.467847
v -5.104610 2.729611 -9.010898
v -0.757586 2.048448 -10.270342
v -0.720670 3.778898 -9.769881
v -0.735083 3.854476 -9.965278
v -0.772738 2.089417 -10.475749
v -1.697460 3.415758 -9.782700
v 0.250710 2.426110 -10.212793
v 0.255724 2.474632 -10.417049
v -1.731409 3.484073 -9.978354
v 2.746673 2.048448 -9.925202
v 2.612831 3.778898 -9.441559
v 2.665088 3.854476 -9.630391
v 2.801607 2.089417 -10.123707
v 1.697460 3.415758 -9.782700
v 2.648158 3.415758 -9.569214
v 2.701121 3.484073 -9.760598
v 1.731409 3.484073 -9.978354
v 1.724069 2.924457 -9.936053
v 2.689670 2.924457 -9.719219
v 2.743464 2.982946 -9.913604
v 1.758550 2.982946 -10.134774
v 1.741303 2.551292 -10.035376
v 2.716557 2.551292 -9.816376
v 2.770888 2.602318 -10.012703
v 1.776129 2.602318 -10.236084
v 5.929814 2.048448 -8.419689
v 5.640861 3.778898 -8.009408
v 5.753679 3.854476 -8.169596
v 6.048410 2.089417 -8.588083
v 4.893925 3.415758 -8.638987
v 5.717129 3.415758 -8.117699
v 5.831471 3.484073 -8.280053
v 4.991804 3.484073 -8.811766
v 4.970642 2.924457 -8.774410
v 5.806749 2.924457 -8.244951
v 5.922884 2.982946 -8.409850
v 5.070055 2.982946 -8.949898
v 5.020330 2.551292 -8.862122
v 5.864795 2.551292 -8.327370
v 5.982091 2.602318 -8.493917
v 5.120736 2.602318 -9.039364
v 8.419689 2.048448 -5.929814
v 8.009408 3.778898 -5.640861
v 8.169596 3.854476 -5.753679
v 8.588083 2.089417 -6.048410
v 7.345482 4.018176 -6.336257
v 8.742524 3.047989 -4.952579
v 8.917375 3.108949 -5.051630
v 7.492392 4.098540 -6.462982
v 7.452495 3.658396 -6.428566
v 8.834213 2.676089 -5.004520
v 9.010898 2.729611 -5.104610
v 7.601545 3.731564 -6.557137
v 7.549407 3.293658 -6.512163
v 8.913930 2.300563 -5.049679
v 9.092209 2.346574 -5.150673
v 7.700395 3.359531 -6.642406
v 7.636088 2.924457 -6.586935
v 8.981567 1.921919 -5.087995
v 9.161198 1.960357 -5.189755
v 7.788810 2.982946 -6.718674
v 9.925202 2.048448 -2.746673
v 9.441559 3.778898 -2.612831
v 9.630391 3.854476 -2.665088
v 10.123707 2.089417 -2.801607
v 9.408785 2.924457 -3.629369
v 9.605781 3.898831 -1.666761
v 9.797897 3.976807 -1.700096
v 9.596961 2.982946 -3.701956
v 9.531333 2.426110 -3.676641
v 9.782700 3.415758 -1.697460
v 9.978354 3.484073 -1.731409
v 9.721959 2.474632 -3.750174
v 9.608189 2.048448 -3.706287
v 9.899945 3.047989 -1.717803
v 10.097944 3.108949 -1.752160
v 9.800353 2.089417 -3.780413
v 10.342299 0.257683 1.794559
v 10.146631 2.048448 1.760607
v 10.349564 2.089417 1.795820
v 10.549145 0.262837 1.830450
v 10.451844 0.643868 0.770974
v 9.991144 1.668011 2.764922
v 10.190966 1.701371 2.820220
v 10.660880 0.656745 0.786394
v 9.133162 0.257683 5.173872
v 8.960369 2.048448 5.075987
v 9.139577 2.089417 5.177506
v 9.315825 0.262837 5.277350
v 9.365962 2.300563 4.151646
v 8.520080 1.285312 6.000517
v 8.690482 1.311018 6.120528
v 9.553282 2.346574 4.234678
v 9.414756 2.048448 4.173275
v 8.543303 1.029180 6.016873
v 8.714169 1.049764 6.137210
v 9.603052 2.089417 4.256740
v 9.477306 1.668011 4.201001
v 8.568485 0.643868 6.034608
v 8.739855 0.656745 6.155300
v 9.666852 1.701371 4.285021
v 9.511875 1.413097 4.216324
v 8.578823 0.386476 6.041889
v 8.750400 0.394205 6.162727
v 9.702112 1.441359 4.300651
v 9.540714 1.157333 4.229108
v 8.583994 0.128851 6.045531
v 8.755674 0.131428 6.166441
v 9.731528 1.180480 4.313690
v 6.856249 0.257683 7.948298
v 6.726534 2.048448 7.797923
v 6.861065 2.089417 7.953881
v 6.993374 0.262837 8.107264
v 6.757344 1.795100 7.833640
v 5.956975 1.795100 8.458254
v 6.076114 1.831002 8.627419
v 6.892491 1.831002 7.990313
v 6.784084 1.540670 7.864639
v 5.980547 1.540670 8.491725
v 6.100158 1.571483 8.661559
v 6.919766 1.571483 8.021931
v 6.816527 1.157333 7.902249
v 6.009148 1.157333 8.532334
v 6.129331 1.180480 8.702981
v 6.952857 1.180480 8.060294
v 6.833026 0.900872 7.921376
v 6.023692 0.900872 8.552986
v 6.144166 0.918889 8.724045
v 6.969686 0.918889 8.079803
v 6.845408 0.643868 7.935731
v 6.034608 0.643868 8.568485
v 6.155300 0.656745 8.739855
v 6.982316 0.656745 8.094445
v 3.777760 0.257683 9.793474
v 3.706287 2.048448 9.608189
v 3.780413 2.089417 9.800353
v 3.853315 0.262837 9.989343
v 4.685415 1.285312 9.308322
v 2.732438 2.300563 9.873763
v 2.787087 2.346574 10.071238
v 4.779124 1.311018 9.494488
v 4.698186 1.029180 9.333693
v 2.746673 2.048448 9.925202
v 2.801607 2.089417 10.123707
v 4.792150 1.049764 9.520367
v 4.712035 0.643868 9.361205
v 2.764922 1.668011 9.991144
v 2.820220 1.701371 10.190966
v 4.806275 0.656745 9.548429
v 4.717720 0.386476 9.372500
v 2.775007 1.413097 10.027587
v 2.830507 1.441359 10.228138
v 4.812074 0.394205 9.559950
v 4.720563 0.128851 9.378149
v 2.783421 1.157333 10.057989
v 2.839089 1.180480 10.259149
v 4.814975 0.131428 9.565712
v 0.257605 0.257683 10.493676
v 0.252732 2.048448 10.295144
v 0.257786 2.089417 10.501047
v 0.262757 0.262837 10.703550
v 1.257443 2.174669 10.195080
v -0.767721 1.157333 10.407746
v -0.783076 1.180480 10.615901
v 1.282592 2.218163 10.398981
v 1.268990 1.668011 10.288703
v -0.770974 0.643868 10.451844
v -0.786394 0.656745 10.660880
v 1.294370 1.701371 10.494477
v 1.275646 1.285312 10.342664
v -0.772195 0.257683 10.468396
v -0.787639 0.262837 10.677764
v 1.301159 1.311018 10.549517
v -3.292666 0.257683 9.967043
v -3.230372 2.048448 9.778474
v -3.294979 2.089417 9.974044
v -3.358520 0.262837 10.166384
v -2.250681 2.174669 10.022737
v -4.229108 1.157333 9.540714
v -4.313690 1.180480 9.731528
v -2.295694 2.218163 10.223191
v -2.271349 1.668011 10.114777
v -4.247026 0.643868 9.581138
v -4.331967 0.656745 9.772761
v -2.316776 1.701371 10.317073
v -2.283262 1.285312 10.167826
v -4.253752 0.257683 9.596311
v -4.338827 0.262837 9.788238
v -2.328927 1.311018 10.371183
v -6.457986 0.257683 8.275144
v -6.335806 2.048448 8.118585
v -6.462522 2.089417 8.280957
v -6.587146 0.262837 8.440647
v -5.534773 1.795100 8.740361
v -7.133583 1.795100 7.492637
v -7.276255 1.831002 7.642490
v -5.645468 1.831002 8.915168
v -5.556674 1.540670 8.774948
v -7.161812 1.540670 7.522286
v -7.305048 1.571483 7.672732
v -5.667808 1.571483 8.950447
v -5.583248 1.157333 8.816911
v -7.196061 1.157333 7.558259
v -7.339982 1.180480 7.709425
v -5.694913 1.180480 8.993250
v -5.596761 0.900872 8.838252
v -7.213478 0.900872 7.576553
v -7.357748 0.918889 7.728084
v -5.708696 0.918889 9.015017
v -5.606904 0.643868 8.854268
v -7.226551 0.643868 7.590283
v -7.371082 0.656745 7.742089
v -5.719042 0.656745 9.031354
v -8.868291 0.257683 5.615783
v -8.700509 2.048448 5.509537
v -8.874520 2.089417 5.619728
v -9.045656 0.262837 5.728099
v -8.774948 1.540670 5.556674
v -9.277343 1.540670 4.669822
v -9.462890 1.571483 4.763219
v -8.950447 1.571483 5.667808
v -8.838252 0.900872 5.596761
v -9.344272 0.900872 4.703511
v -9.531157 0.918889 4.797581
v -9.015017 0.918889 5.708696
v -10.241787 0.257683 2.299870
v -10.048020 2.048448 2.256358
v -10.248980 2.089417 2.301486
v -10.446623 0.262837 2.345868
v -9.922037 1.029180 3.277798
v -10.220798 2.048448 1.260615
v -10.425214 2.089417 1.285827
v -10.120478 1.049764 3.343354
v -9.963290 0.386476 3.291426
v -10.326231 1.413097 1.273619
v -10.532756 1.441359 1.299092
v -10.162556 0.394205 3.357255
v -10.417896 0.257683 -1.284925
v -10.220798 2.048448 -1.260615
v -10.425214 2.089417 -1.285827
v -10.626254 0.262837 -1.310623
v -10.357539 1.157333 -1.277481
v -10.182450 1.157333 -2.286546
v -10.386099 1.180480 -2.332277
v -10.564690 1.180480 -1.303030
v -9.376030 0.257683 -4.719497
v -9.198643 2.048448 -4.630208
v -9.382616 2.089417 -4.722812
v -9.563551 0.262837 -4.813887
v -9.672024 1.668011 -3.730911
v -9.259757 1.668011 -4.660970
v -9.444952 1.701371 -4.754189
v -9.865464 1.701371 -3.805529
v -9.736734 1.157333 -3.755873
v -9.321710 1.157333 -4.692154
v -9.508144 1.180480 -4.785997
v -9.931469 1.180480 -3.830990
v -9.769881 0.772428 -3.768659
v -9.353443 0.772428 -4.708127
v -9.540512 0.787876 -4.802290
v -9.965278 0.787876 -3.844032
v -7.237995 0.257683 -7.602304
v -7.101058 2.048448 -7.458474
v -7.243079 2.089417 -7.607644
v -7.382755 0.262837 -7.754350
v -7.890900 1.285312 -6.806737
v -6.302969 2.300563 -8.076509
v -6.429029 2.346574 -8.238039
v -8.048718 1.311018 -6.942872
v -7.921376 0.900872 -6.833026
v -6.350794 1.921919 -8.137791
v -6.477810 1.960357 -8.300547
v -8.079803 0.918889 -6.969686
v -7.941116 0.515211 -6.850054
v -6.390013 1.540670 -8.188045
v -6.517813 1.571483 -8.351805
v -8.099938 0.525515 -6.987055
v -7.950094 0.128851 -6.857798
v -6.420571 1.157333 -8.227202
v -6.548983 1.180480 -8.391746
v -8.109096 0.131428 -6.994954
v -4.253752 0.257683 -9.596311
v -4.173275 2.048448 -9.414756
v -4.256740 2.089417 -9.603052
v -4.338827 0.262837 -9.788238
v -5.109710 1.668011 -9.019900
v -4.201001 1.668011 -9.477306
v -4.285021 1.701371 -9.666852
v -5.211905 1.701371 -9.200298
v -5.143897 1.157333 -9.080248
v -4.229108 1.157333 -9.540714
v -4.313690 1.180480 -9.731528
v -5.246775 1.180480 -9.261853
v -5.161408 0.772428 -9.111159
v -4.243505 0.772428 -9.573193
v -4.328375 0.787876 -9.764657
v -5.264636 0.787876 -9.293382
v -0.772195 0.257683 -10.468396
v -0.757586 2.048448 -10.270342
v -0.772738 2.089417 -10.475749
v -0.787639 0.262837 -10.677764
v -1.772305 1.668011 -10.214043
v 0.254411 1.668011 -10.363543
v 0.259499 1.701371 -10.570813
v -1.807751 1.701371 -10.418324
v -1.784162 1.157333 -10.282380
v 0.256113 1.157333 -10.432880
v 0.261235 1.180480 -10.641538
v -1.819845 1.180480 -10.488028
v -1.790236 0.772428 -10.317384
v 0.256985 0.772428 -10.468396
v 0.262124 0.787876 -10.677764
v -1.826041 0.787876 -10.523732
v 2.799641 0.257683 -10.116601
v 2.746673 2.048448 -9.925202
v 2.801607 2.089417 -10.123707
v 2.855633 0.262837 -10.318933
v 1.772305 1.668011 -10.214043
v 3.771786 0.643868 -9.777989
v 3.847222 0.656745 -9.973548
v 1.807751 1.701371 -10.418324
v 6.044165 0.257683 -8.582055
v 5.929814 2.048448 -8.419689
v 6.048410 2.089417 -8.588083
v 6.165048 0.262837 -8.753696
v 5.143897 1.157333 -9.080248
v 6.709609 2.174669 -7.778301
v 6.843801 2.218163 -7.933867
v 5.246775 1.180480 -9.261853
v 5.165691 0.643868 -9.118721
v 6.771224 1.668011 -7.849730
v 6.906648 1.701371 -8.006725
v 5.269005 0.656745 -9.301095
v 5.173872 0.257683 -9.133162
v 6.806737 1.285312 -7.890900
v 6.942872 1.311018 -8.048718
v 5.277350 0.262837 -9.315825
v 8.582055 0.257683 -6.044165
v 8.419689 2.048448 -5.929814
v 8.588083 2.089417 -6.048410
v 8.753696 0.262837 -6.165048
v 8.458254 1.795100 -5.956975
v 9.001411 1.795100 -5.099236
v 9.181439 1.831002 -5.201221
v 8.627419 1.831002 -6.076114
v 8.491725 1.540670 -5.980547
v 9.037031 1.540670 -5.119415
v 9.217772 1.571483 -5.221803
v 8.661559 1.571483 -6.100158
v 8.532334 1.157333 -6.009148
v 9.080248 1.157333 -5.143897
v 9.261853 1.180480 -5.246775
v 8.702981 1.180480 -6.129331
v 8.552986 0.900872 -6.023692
v 9.102226 0.900872 -5.156347
v 9.284270 0.918889 -5.259474
v 8.724045 0.918889 -6.144166
v 8.568485 0.643868 -6.034608
v 9.118721 0.643868 -5.165691
v 9.301095 0.656745 -5.269005
v 8.739855 0.656745 -6.155300
v 10.116601 0.257683 -2.799641
v 9.925202 2.048448 -2.746673
v 10.123707 2.089417 -2.801607
v 10.318933 0.262837 -2.855633
v 10.010119 1.540670 -2.770173
v 10.233442 1.540670 -1.775671
v 10.438111 1.571483 -1.811184
v 10.210321 1.571483 -2.825576
v 10.082334 0.900872 -2.790157
v 10.307268 0.900872 -1.788481
v 10.513413 0.918889 -1.824250
v 10.283980 0.918889 -2.845961
v 10.233442 -1.540670 1.775671
v 10.342299 0.257683 1.794559
v 10.549145 0.262837 1.830450
v 10.438111 -1.571483 1.811184
v 10.344636 -0.128851 1.794965
v 10.118887 -0.128851 2.800273
v 10.321264 -0.131428 2.856279
v 10.551529 -0.131428 1.830864
v 10.325946 -0.643868 1.791722
v 10.100605 -0.643868 2.795214
v 10.302617 -0.656745 2.851118
v 10.532465 -0.656745 1.827556
v 10.295599 -1.029180 1.786456
v 10.070920 -1.029180 2.786999
v 10.272338 -1.049764 2.842739
v 10.501511 -1.049764 1.822185
v 9.037031 -1.540670 5.119415
v 9.133162 0.257683 5.173872
v 9.315825 0.262837 5.277350
v 9.217772 -1.571483 5.221803
v 9.587640 0.515211 4.249908
v 8.574300 -0.515211 6.038703
v 8.745786 -0.525515 6.159477
v 9.779393 0.525515 4.334907
v 9.598480 0.128851 4.254713
v 8.552986 -0.900872 6.023692
v 8.724045 -0.918889 6.144166
v 9.790449 0.131428 4.339808
v 9.596311 -0.257683 4.253752
v 8.520080 -1.285312 6.000517
v 8.690482 -1.311018 6.120528
v 9.788238 -0.262837 4.338827
v 9.581138 -0.643868 4.247026
v 8.475628 -1.668011 5.969211
v 8.645140 -1.701371 6.088595
v 9.772761 -0.656745 4.331967
v 6.784084 -1.540670 7.864639
v 6.856249 0.257683 7.948298
v 6.993374 0.262837 8.107264
v 6.919766 -1.571483 8.021931
v 7.590283 -0.643868 7.226551
v 6.041889 0.386476 8.578823
v 6.162727 0.394205 8.750400
v 7.742089 -0.656745 7.371082
v 7.558259 -1.157333 7.196061
v 6.045531 -0.128851 8.583994
v 6.166441 -0.131428 8.755674
v 7.709425 -1.180480 7.339982
v 7.522286 -1.540670 7.161812
v 6.038703 -0.515211 8.574300
v 6.159477 -0.525515 8.745786
v 7.672732 -1.571483 7.305048
v 3.737997 -1.540670 9.690393
v 3.777760 0.257683 9.793474
v 3.853315 0.262837 9.989343
v 3.812757 -1.571483 9.884201
v 4.692154 -1.157333 9.321710
v 2.800273 -0.128851 10.118887
v 2.856279 -0.131428 10.321264
v 4.785997 -1.180480 9.508144
v 0.254894 -1.540670 10.383225
v 0.257605 0.257683 10.493676
v 0.262757 0.262837 10.703550
v 0.259992 -1.571483 10.590890
v 1.284925 -0.257683 10.417896
v 0.257605 -0.257683 10.493676
v 0.262757 -0.262837 10.703550
v 1.310623 -0.262837 10.626254
v 1.280573 -0.900872 10.382609
v 0.256733 -0.900872 10.458132
v 0.261867 -0.918889 10.667294
v 1.306184 -0.918889 10.590261
v -3.258009 -1.540670 9.862135
v -3.292666 0.257683 9.967043
v -3.358520 0.262837 10.166384
v -3.323170 -1.571483 10.059378
v -2.300390 -0.128851 10.244101
v -4.254713 -0.128851 9.598480
v -4.339808 -0.131428 9.790449
v -2.346398 -0.131428 10.448983
v -2.296234 -0.643868 10.225593
v -4.247026 -0.643868 9.581138
v -4.331967 -0.656745 9.772761
v -2.342158 -0.656745 10.430105
v -2.289485 -1.029180 10.195541
v -4.234545 -1.029180 9.552980
v -4.319236 -1.049764 9.744039
v -2.335275 -1.049764 10.399451
v -6.390013 -1.540670 8.188045
v -6.457986 0.257683 8.275144
v -6.587146 0.262837 8.440647
v -6.517813 -1.571483 8.351805
v -6.447775 -0.643868 8.262060
v -7.226551 -0.643868 7.590283
v -7.371082 -0.656745 7.742089
v -6.576730 -0.656745 8.427301
v -8.774948 -1.540670 5.556674
v -8.868291 0.257683 5.615783
v -9.045656 0.262837 5.728099
v -8.950447 -1.571483 5.667808
v -8.267667 0.515211 6.452150
v -9.367558 -0.515211 4.715232
v -9.554909 -0.525515 4.809537
v -8.433020 0.525515 6.581193
v -8.275144 0.257683 6.457986
v -9.353443 -0.772428 4.708127
v -9.540512 -0.787876 4.802290
v -8.440647 0.262837 6.587146
v -8.277014 -0.128851 6.459445
v -9.321710 -1.157333 4.692154
v -9.508144 -1.180480 4.785997
v -8.442554 -0.131428 6.588634
v -8.272028 -0.386476 6.455554
v -9.293532 -1.413097 4.677971
v -9.479403 -1.441359 4.771530
v -8.437469 -0.394205 6.584665
v -8.262060 -0.643868 6.447775
v -9.259757 -1.668011 4.660970
v -9.444952 -1.701371 4.754189
v -8.427301 -0.656745 6.576730
v -10.133987 -1.540670 2.275663
v -10.241787 0.257683 2.299870
v -10.446623 0.262837 2.345868
v -10.336667 -1.571483 2.321176
v -9.970046 0.000000 3.293658
v -10.421035 0.000000 1.285312
v -10.629456 0.000000 1.311018
v -10.169447 0.000000 3.359531
v -9.967043 -0.257683 3.292666
v -10.417896 -0.257683 1.284925
v -10.626254 -0.262837 1.310623
v -10.166384 -0.262837 3.358520
v -9.951283 -0.643868 3.287460
v -10.401424 -0.643868 1.282893
v -10.609452 -0.656745 1.308551
v -10.150309 -0.656745 3.353209
v -9.933282 -0.900872 3.281513
v -10.382609 -0.900872 1.280573
v -10.590261 -0.918889 1.306184
v -10.131948 -0.918889 3.347144
v -9.909298 -1.157333 3.273590
v -10.357539 -1.157333 1.277481
v -10.564690 -1.180480 1.303030
v -10.107484 -1.180480 3.339062
v -10.308243 -1.540670 -1.271401
v -10.417896 0.257683 -1.284925
v -10.626254 0.262837 -1.310623
v -10.514408 -1.571483 -1.296829
v -10.417896 -0.257683 -1.284925
v -10.241787 -0.257683 -2.299870
v -10.446623 -0.262837 -2.345868
v -10.626254 -0.262837 -1.310623
v -10.382609 -0.900872 -1.280573
v -10.207096 -0.900872 -2.292080
v -10.411237 -0.918889 -2.337922
v -10.590261 -0.918889 -1.306184
v -9.277343 -1.540670 -4.669822
v -9.376030 0.257683 -4.719497
v -9.563551 0.262837 -4.813887
v -9.462890 -1.571483 -4.763219
v -9.361205 -0.643868 -4.712035
v -8.854268 -0.643868 -5.606904
v -9.031354 -0.656745 -5.719042
v -9.548429 -0.656745 -4.806275
v -7.161812 -1.540670 -7.522286
v -7.237995 0.257683 -7.602304
v -7.382755 0.262837 -7.754350
v -7.305048 -1.571483 -7.672732
v -7.941116 -0.515211 -6.850054
v -6.452150 0.515211 -8.267667
v -6.581193 0.525515 -8.433020
v -8.099938 -0.525515 -6.987055
v -7.929150 -0.772428 -6.839732
v -6.457986 0.257683 -8.275144
v -6.587146 0.262837 -8.440647
v -8.087733 -0.787876 -6.976527
v -7.902249 -1.157333 -6.816527
v -6.459445 -0.128851 -8.277014
v -6.588634 -0.131428 -8.442554
v -8.060294 -1.180480 -6.952857
v -7.878363 -1.413097 -6.795922
v -6.455554 -0.386476 -8.272028
v -6.584665 -0.394205 -8.437469
v -8.035930 -1.441359 -6.931841
v -7.849730 -1.668011 -6.771224
v -6.447775 -0.643868 -8.262060
v -6.576730 -0.656745 -8.427301
v -8.006725 -1.701371 -6.906648
v -4.208979 -1.540670 -9.495306
v -4.253752 0.257683 -9.596311
v -4.338827 0.262837 -9.788238
v -4.293159 -1.571483 -9.685212
v -5.169197 0.515211 -9.124909
v -3.289691 -0.515211 -9.958037
v -3.355485 -0.525515 -10.157197
v -5.272581 0.525515 -9.307407
v -5.173872 0.257683 -9.133162
v -3.284734 -0.772428 -9.943032
v -3.350429 -0.787876 -10.141892
v -5.277350 0.262837 -9.315825
v -5.175041 -0.128851 -9.135225
v -3.273590 -1.157333 -9.909298
v -3.339062 -1.180480 -10.107484
v -5.278542 -0.131428 -9.317930
v -5.171924 -0.386476 -9.129723
v -3.263695 -1.413097 -9.879345
v -3.328969 -1.441359 -10.076932
v -5.275363 -0.394205 -9.312317
v -5.165691 -0.643868 -9.118721
v -3.251833 -1.668011 -9.843440
v -3.316870 -1.701371 -10.040309
v -5.269005 -0.656745 -9.301095
v -0.764068 -1.540670 -10.358211
v -0.772195 0.257683 -10.468396
v -0.787639 0.262837 -10.677764
v -0.779349 -1.571483 -10.565375
v -1.793883 0.386476 -10.338405
v 0.257198 -0.643868 -10.477084
v 0.262342 -0.656745 -10.686625
v -1.829761 0.394205 -10.545173
v -1.794965 -0.128851 -10.344636
v 0.256113 -1.157333 -10.432880
v 0.261235 -1.180480 -10.641538
v -1.830864 -0.131428 -10.551529
v -1.792938 -0.515211 -10.332954
v 0.254894 -1.540670 -10.383225
v 0.259992 -1.571483 -10.590890
v -1.828796 -0.525515 -10.539613
v 2.770173 -1.540670 -10.010119
v 2.799641 0.257683 -10.116601
v 2.855633 0.262837 -10.318933
v 2.825576 -1.571483 -10.210321
v 1.792938 0.515211 -10.332954
v 3.774346 -0.515211 -9.784624
v 3.849833 -0.525515 -9.980317
v 1.828796 0.525515 -10.539613
v 1.794559 0.257683 -10.342299
v 3.768659 -0.772428 -9.769881
v 3.844032 -0.787876 -9.965278
v 1.830450 0.262837 -10.549145
v 1.794965 -0.128851 -10.344636
v 3.755873 -1.157333 -9.736734
v 3.830990 -1.180480 -9.931469
v 1.830864 -0.131428 -10.551529
v 1.793883 -0.386476 -10.338405
v 3.744520 -1.413097 -9.707303
v 3.819410 -1.441359 -9.901449
v 1.829761 -0.394205 -10.545173
v 1.791722 -0.643868 -10.325946
v 3.730911 -1.668011 -9.672024
v 3.805529 -1.701371 -9.865464
v 1.827556 -0.656745 -10.532465
v 5.980547 -1.540670 -8.491725
v 6.044165 0.257683 -8.582055
v 6.165048 0.262837 -8.753696
v 6.100158 -1.571483 -8.661559
v 5.161408 -0.772428 -9.111159
v 6.856249 0.257683 -7.948298
v 6.993374 0.262837 -8.107264
v 5.264636 -0.787876 -9.293382
v 5.128348 -1.413097 -9.052801
v 6.853668 -0.386476 -7.945305
v 6.990741 -0.394205 -8.104211
v 5.230915 -1.441359 -9.233857
v 8.491725 -1.540670 -5.980547
v 8.582055 0.257683 -6.044165
v 8.753696 0.262837 -6.165048
v 8.661559 -1.571483 -6.100158
v 7.941116 -0.515211 -6.850054
v 9.124909 0.515211 -5.169197
v 9.307407 0.525515 -5.272581
v 8.099938 -0.525515 -6.987055
v 7.929150 -0.772428 -6.839732
v 9.133162 0.257683 -5.173872
v 9.315825 0.262837 -5.277350
v 8.087733 -0.787876 -6.976527
v 7.902249 -1.157333 -6.816527
v 9.135225 -0.128851 -5.175041
v 9.317930 -0.131428 -5.278542
v 8.060294 -1.180480 -6.952857
v 7.878363 -1.413097 -6.795922
v 9.129723 -0.386476 -5.171924
v 9.312317 -0.394205 -5.275363
v 8.035930 -1.441359 -6.931841
v 7.849730 -1.668011 -6.771224
v 9.118721 -0.643868 -5.165691
v 9.301095 -0.656745 -5.269005
v 8.006725 -1.701371 -6.906648
v 10.010119 -1.540670 -2.770173
v 10.116601 0.257683 -2.799641
v 10.318933 0.262837 -2.855633
v 10.210321 -1.571483 -2.825576
v 9.777989 -0.643868 -3.771786
v 10.338405 0.386476 -1.793883
v 10.545173 0.394205 -1.829761
v 9.973548 -0.656745 -3.847222
v 9.736734 -1.157333 -3.755873
v 10.344636 -0.128851 -1.794965
v 10.551529 -0.131428 -1.830864
v 9.931469 -1.180480 -3.830990
v 9.690393 -1.540670 -3.737997
v 10.332954 -0.515211 -1.792938
v 10.539613 -0.525515 -1.828796
v 9.884201 -1.571483 -3.812757
v 9.823263 -3.293658 1.704498
v 10.233442 -1.540670 1.775671
v 10.438111 -1.571483 1.811184
v 10.019729 -3.359531 1.738588
v 10.317384 -1.795100 0.761056
v 10.193106 -1.795100 1.768672
v 10.396968 -1.831002 1.804045
v 10.523732 -1.831002 0.776277
v 10.270342 -2.048448 0.757586
v 10.146631 -2.048448 1.760607
v 10.349564 -2.089417 1.795820
v 10.475749 -2.089417 0.772738
v 10.188189 -2.426110 0.751526
v 10.065468 -2.426110 1.746524
v 10.266777 -2.474632 1.781455
v 10.391953 -2.474632 0.766557
v 10.125742 -2.676089 0.746920
v 10.003773 -2.676089 1.735819
v 10.203849 -2.729611 1.770536
v 10.328257 -2.729611 0.761858
v 10.057196 -2.924457 0.741863
v 9.936053 -2.924457 1.724069
v 10.134774 -2.982946 1.758550
v 10.258340 -2.982946 0.756701
v 8.674807 -3.293658 4.914218
v 9.037031 -1.540670 5.119415
v 9.217772 -1.571483 5.221803
v 8.848303 -3.359531 5.012502
v 9.365962 -2.300563 4.151646
v 8.520080 -1.285312 6.000517
v 8.690482 -1.311018 6.120528
v 9.553282 -2.346574 4.234678
v 9.311526 -2.551292 4.127516
v 8.491725 -1.540670 5.980547
v 8.661559 -1.571483 6.100158
v 9.497757 -2.602318 4.210066
v 9.219367 -2.924457 4.086664
v 8.439607 -1.921919 5.943842
v 8.608399 -1.960357 6.062719
v 9.403754 -2.982946 4.168398
v 9.150978 -3.171062 4.056349
v 8.398503 -2.174669 5.914893
v 8.566473 -2.218163 6.033191
v 9.333997 -3.234484 4.137476
v 9.077076 -3.415758 4.023591
v 8.352340 -2.426110 5.882381
v 8.519387 -2.474632 6.000029
v 9.258618 -3.484073 4.104063
v 6.512163 -3.293658 7.549407
v 6.784084 -1.540670 7.864639
v 6.919766 -1.571483 8.021931
v 6.642406 -3.359531 7.700395
v 7.419819 -2.300563 7.064255
v 6.000517 -1.285312 8.520080
v 6.120528 -1.311018 8.690482
v 7.568215 -2.346574 7.205540
v 7.376694 -2.551292 7.023197
v 5.980547 -1.540670 8.491725
v 6.100158 -1.571483 8.661559
v 7.524228 -2.602318 7.163661
v 7.303685 -2.924457 6.953686
v 5.943842 -1.921919 8.439607
v 6.062719 -1.960357 8.608399
v 7.449758 -2.982946 7.092759
v 7.249506 -3.171062 6.902103
v 5.914893 -2.174669 8.398503
v 6.033191 -2.218163 8.566473
v 7.394496 -3.234484 7.040145
v 7.190960 -3.415758 6.846363
v 5.882381 -2.426110 8.352340
v 6.000029 -2.474632 8.519387
v 7.334779 -3.484073 6.983290
v 3.588170 -3.293658 9.301981
v 3.737997 -1.540670 9.690393
v 3.812757 -1.571483 9.884201
v 3.659933 -3.359531 9.488021
v 4.579439 -2.551292 9.097783
v 2.770173 -1.540670 10.010119
v 2.825576 -1.571483 10.210321
v 4.671028 -2.602318 9.279738
v 4.500481 -3.171062 8.940919
v 2.739762 -2.174669 9.900228
v 2.794557 -2.218163 10.098233
v 4.590490 -3.234484 9.119738
v 0.244677 -3.293658 9.967043
v 0.254894 -1.540670 10.383225
v 0.259992 -1.571483 10.590890
v 0.249571 -3.359531 10.166384
v 0.250710 -2.426110 10.212793
v -0.751526 -2.426110 10.188189
v -0.766557 -2.474632 10.391953
v 0.255724 -2.474632 10.417049
v -3.127421 -3.293658 9.466840
v -3.258009 -1.540670 9.862135
v -3.323170 -1.571483 10.059378
v -3.189970 -3.359531 9.656176
v -2.238310 -2.426110 9.967646
v -3.204532 -2.426110 9.700256
v -3.268622 -2.474632 9.894261
v -2.283076 -2.474632 10.166999
v -6.133887 -3.293658 7.859850
v -6.390013 -1.540670 8.188045
v -6.517813 -1.571483 8.351805
v -6.256565 -3.359531 8.017047
v -5.509537 -2.048448 8.700509
v -7.101058 -2.048448 7.458474
v -7.243079 -2.089417 7.607644
v -5.619728 -2.089417 8.874520
v -5.431966 -2.676089 8.578012
v -7.001080 -2.676089 7.353464
v -7.141101 -2.729611 7.500533
v -5.540605 -2.729611 8.749572
v -8.423229 -3.293658 5.333951
v -8.774948 -1.540670 5.556674
v -8.950447 -1.571483 5.667808
v -8.591693 -3.359531 5.440630
v -8.137791 -1.921919 6.350794
v -9.007739 -2.924457 4.534115
v -9.187894 -2.982946 4.624797
v -8.300547 -1.960357 6.477810
v -9.727795 -3.293658 2.184449
v -10.133987 -1.540670 2.275663
v -10.336667 -1.571483 2.321176
v -9.922351 -3.359531 2.228138
v -9.801607 -1.921919 3.238014
v -10.008680 -2.924457 1.234453
v -10.208854 -2.982946 1.259142
v -9.997639 -1.960357 3.302774
v -9.895067 -3.293658 -1.220440
v -10.308243 -1.540670 -1.271401
v -10.514408 -1.571483 -1.296829
v -10.092968 -3.359531 -1.244849
v -10.267613 -1.795100 -1.266389
v -10.094044 -1.795100 -2.266693
v -10.295925 -1.831002 -2.312027
v -10.472965 -1.831002 -1.291717
v -10.220798 -2.048448 -1.260615
v -10.048020 -2.048448 -2.256358
v -10.248980 -2.089417 -2.301486
v -10.425214 -2.089417 -1.285827
v -10.139041 -2.426110 -1.250531
v -9.967646 -2.426110 -2.238310
v -10.166999 -2.474632 -2.283076
v -10.341822 -2.474632 -1.275542
v -10.076896 -2.676089 -1.242867
v -9.906551 -2.676089 -2.224590
v -10.104682 -2.729611 -2.269082
v -10.278434 -2.729611 -1.267724
v -10.008680 -2.924457 -1.234453
v -9.839488 -2.924457 -2.209531
v -10.036278 -2.982946 -2.253722
v -10.208854 -2.982946 -1.259142
v -8.905487 -3.293658 -4.482646
v -9.277343 -1.540670 -4.669822
v -9.462890 -1.571483 -4.763219
v -9.083597 -3.359531 -4.572299
v -9.220404 -1.921919 -4.641161
v -8.721092 -1.921919 -5.522571
v -8.895514 -1.960357 -5.633022
v -9.404812 -1.960357 -4.733985
v -9.125063 -2.426110 -4.593171
v -8.630914 -2.426110 -5.465466
v -8.803532 -2.474632 -5.574775
v -9.307564 -2.474632 -4.685034
v -9.039116 -2.800484 -4.549909
v -8.549621 -2.800484 -5.413988
v -8.720614 -2.856494 -5.522268
v -9.219898 -2.856494 -4.640907
v -6.874751 -3.293658 -7.220777
v -7.161812 -1.540670 -7.522286
v -7.305048 -1.571483 -7.672732
v -7.012246 -3.359531 -7.365192
v -7.735547 -2.426110 -6.672729
v -6.285126 -2.426110 -8.053644
v -6.410828 -2.474632 -8.214717
v -7.890258 -2.474632 -6.806183
v -4.040274 -3.293658 -9.114713
v -4.208979 -1.540670 -9.495306
v -4.293159 -1.571483 -9.685212
v -4.121080 -3.359531 -9.297007
v -5.035384 -2.426110 -8.888695
v -3.263695 -1.413097 -9.879345
v -3.328969 -1.441359 -10.076932
v -5.136091 -2.474632 -9.066469
v -4.970642 -2.924457 -8.774410
v -3.238014 -1.921919 -9.801607
v -3.302774 -1.960357 -9.997639
v -5.070055 -2.982946 -8.949898
v -4.914218 -3.293658 -8.674807
v -3.213629 -2.300563 -9.727795
v -3.277902 -2.346574 -9.922351
v -5.012502 -3.359531 -8.848303
v -0.733442 -3.293658 -9.943032
v -0.764068 -1.540670 -10.358211
v -0.779349 -1.571483 -10.565375
v -0.748111 -3.359531 -10.141892
v -1.768672 -1.795100 -10.193106
v 0.253889 -1.795100 -10.342299
v 0.258967 -1.831002 -10.549145
v -1.804045 -1.831002 -10.396968
v -1.756177 -2.174669 -10.121099
v 0.252096 -2.174669 -10.269239
v 0.257138 -2.218163 -10.474623
v -1.791301 -2.218163 -10.323521
v -1.741303 -2.551292 -10.035376
v 0.249960 -2.551292 -10.182261
v 0.254960 -2.602318 -10.385906
v -1.776129 -2.602318 -10.236084
v -1.724069 -2.924457 -9.936053
v 0.247487 -2.924457 -10.081483
v 0.252436 -2.982946 -10.283113
v -1.758550 -2.982946 -10.134774
v 2.659138 -3.293658 -9.608892
v 2.770173 -1.540670 -10.010119
v 2.825576 -1.571483 -10.210321
v 2.712321 -3.359531 -9.801069
v 1.751483 -2.300563 -10.094044
v 3.750479 -1.285312 -9.722751
v 3.825488 -1.311018 -9.917206
v 1.786512 -2.346574 -10.295925
v 1.741303 -2.551292 -10.035376
v 3.737997 -1.540670 -9.690393
v 3.812757 -1.571483 -9.884201
v 1.776129 -2.602318 -10.236084
v 1.724069 -2.924457 -9.936053
v 3.715055 -1.921919 -9.630919
v 3.789356 -1.960357 -9.823537
v 1.758550 -2.982946 -10.134774
v 1.711280 -3.171062 -9.862347
v 3.696961 -2.174669 -9.584012
v 3.770901 -2.218163 -9.775692
v 1.745505 -3.234484 -10.059594
v 1.697460 -3.415758 -9.782700
v 3.676641 -2.426110 -9.531333
v 3.750174 -2.474632 -9.721959
v 1.731409 -3.484073 -9.978354
v 5.740834 -3.293658 -8.151358
v 5.980547 -1.540670 -8.491725
v 6.100158 -1.571483 -8.661559
v 5.855651 -3.359531 -8.314385
v 5.099236 -1.795100 -9.001411
v 5.956975 -1.795100 -8.458254
v 6.076114 -1.831002 -8.627419
v 5.201221 -1.831002 -9.181439
v 5.063214 -2.174669 -8.937823
v 5.914893 -2.174669 -8.398503
v 6.033191 -2.218163 -8.566473
v 5.164478 -2.218163 -9.116579
v 5.020330 -2.551292 -8.862122
v 5.864795 -2.551292 -8.327370
v 5.982091 -2.602318 -8.493917
v 5.120736 -2.602318 -9.039364
v 4.970642 -2.924457 -8.774410
v 5.806749 -2.924457 -8.244951
v 5.922884 -2.982946 -8.409850
v 5.070055 -2.982946 -8.949898
v 8.151358 -3.293658 -5.740834
v 8.491725 -1.540670 -5.980547
v 8.661559 -1.571483 -6.100158
v 8.314385 -3.359531 -5.855651
v 7.757508 -2.300563 -6.691672
v 9.067207 -1.285312 -5.136509
v 9.248551 -1.311018 -5.239240
v 7.912658 -2.346574 -6.825506
v 7.688133 -2.676089 -6.631829
v 9.019900 -1.668011 -5.109710
v 9.200298 -1.701371 -5.211905
v 7.841896 -2.729611 -6.764466
v 7.608339 -3.047989 -6.562998
v 8.960369 -2.048448 -5.075987
v 9.139577 -2.089417 -5.177506
v 7.760505 -3.108949 -6.694258
v 7.518233 -3.415758 -6.485273
v 8.888695 -2.426110 -5.035384
v 9.066469 -2.474632 -5.136091
v 7.668598 -3.484073 -6.614978
v 9.608892 -3.293658 -2.659138
v 10.010119 -1.540670 -2.770173
v 10.210321 -1.571483 -2.825576
v 9.801069 -3.359531 -2.712321
v 9.652198 -1.795100 -3.723264
v 9.970664 -1.795100 -2.759254
v 10.170077 -1.831002 -2.814439
v 9.845242 -1.831002 -3.797729
v 9.584012 -2.174669 -3.696961
v 9.900228 -2.174669 -2.739762
v 10.098233 -2.218163 -2.794557
v 9.775692 -2.218163 -3.770901
v 9.502838 -2.551292 -3.665649
v 9.816376 -2.551292 -2.716557
v 10.012703 -2.602318 -2.770888
v 9.692895 -2.602318 -3.738962
v 9.408785 -2.924457 -3.629369
v 9.719219 -2.924457 -2.689670
v 9.913604 -2.982946 -2.743464
v 9.596961 -2.982946 -3.701956
v 9.123842 -4.949666 1.583137
v 9.823263 -3.293658 1.704498
v 10.019729 -3.359531 1.738588
v 9.306319 -5.048659 1.614799
v 9.859426 -3.537343 0.727275
v 9.528095 -3.537343 2.636779
v 9.718657 -3.608090 2.689515
v 10.056614 -3.608090 0.741820
v 9.722898 -3.898831 0.717204
v 9.396155 -3.898831 2.600266
v 9.584078 -3.976807 2.652272
v 9.917356 -3.976807 0.731548
v 9.573193 -4.255034 0.706161
v 9.251482 -4.255034 2.560230
v 9.436511 -4.340134 2.611434
v 9.764657 -4.340134 0.720284
v 9.410514 -4.605471 0.694161
v 9.094270 -4.605471 2.516723
v 9.276155 -4.697580 2.567058
v 9.598725 -4.697580 0.708044
v 8.057156 -4.949666 4.564323
v 8.674807 -3.293658 4.914218
v 8.848303 -3.359531 5.012502
v 8.218299 -5.048659 4.655609
v 8.396945 -4.136916 4.756810
v 7.890262 -4.136916 5.556949
v 8.048067 -4.219655 5.668088
v 8.564883 -4.219655 4.851947
v 6.048494 -4.949666 7.011885
v 6.512163 -3.293658 7.549407
v 6.642406 -3.359531 7.700395
v 6.169464 -5.048659 7.152123
v 7.160061 -3.537343 6.816944
v 6.457406 -3.537343 7.485928
v 6.586554 -3.608090 7.635646
v 7.303262 -3.608090 6.953283
v 7.060912 -3.898831 6.722547
v 6.367987 -3.898831 7.382267
v 6.495347 -3.976807 7.529912
v 7.202130 -3.976807 6.856998
v 6.952194 -4.255034 6.619039
v 6.269938 -4.255034 7.268601
v 6.395337 -4.340134 7.413973
v 7.091238 -4.340134 6.751420
v 6.834055 -4.605471 6.506561
v 6.163392 -4.605471 7.145085
v 6.286660 -4.697580 7.287986
v 6.970736 -4.697580 6.636692
v 3.332690 -4.949666 8.639675
v 3.588170 -3.293658 9.301981
v 3.659933 -3.359531 9.488021
v 3.399344 -5.048659 8.812468
v 4.444953 -3.537343 8.830605
v 2.636779 -3.537343 9.528095
v 2.689515 -3.608090 9.718657
v 4.533852 -3.608090 9.007218
v 4.383402 -3.898831 8.708324
v 2.600266 -3.898831 9.396155
v 2.652272 -3.976807 9.584078
v 4.471070 -3.976807 8.882491
v 4.315910 -4.255034 8.574241
v 2.560230 -4.255034 9.251482
v 2.611434 -4.340134 9.436511
v 4.402228 -4.340134 8.745726
v 4.242569 -4.605471 8.428538
v 2.516723 -4.605471 9.094270
v 2.567058 -4.697580 9.276155
v 4.327421 -4.697580 8.597108
v 0.227256 -4.949666 9.257384
v 0.244677 -3.293658 9.967043
v 0.249571 -3.359531 10.166384
v 0.231801 -5.048659 9.442532
v 1.220440 -3.293658 9.895067
v -0.706161 -4.255034 9.573193
v -0.720284 -4.340134 9.764657
v 1.244849 -3.359531 10.092968
v 1.193420 -3.898831 9.675994
v -0.685638 -4.835656 9.294962
v -0.699350 -4.932370 9.480862
v 1.217288 -3.976807 9.869514
v -2.904747 -4.949666 8.792795
v -3.127421 -3.293658 9.466840
v -3.189970 -3.359531 9.656176
v -2.962842 -5.048659 8.968651
v -2.103197 -4.255034 9.365962
v -4.040274 -3.293658 9.114713
v -4.121080 -3.359531 9.297007
v -2.145261 -4.340134 9.553282
v -2.042071 -4.835656 9.093755
v -3.950825 -3.898831 8.912918
v -4.029841 -3.976807 9.091176
v -2.082912 -4.932370 9.275630
v -5.697151 -4.949666 7.300225
v -6.133887 -3.293658 7.859850
v -6.256565 -3.359531 8.017047
v -5.811094 -5.048659 7.446229
v -5.289100 -3.537343 8.352402
v -6.082310 -3.537343 7.793760
v -6.203957 -3.608090 7.949636
v -5.394882 -3.608090 8.519450
v -5.241064 -3.778898 8.276544
v -6.027070 -3.778898 7.722976
v -6.147611 -3.854476 7.877436
v -5.345885 -3.854476 8.442075
v -5.163099 -4.136916 8.153424
v -5.937413 -4.136916 7.608091
v -6.056161 -4.219655 7.760253
v -5.266361 -4.219655 8.316493
v -5.107228 -4.372510 8.065195
v -5.873163 -4.372510 7.525763
v -5.990626 -4.459961 7.676278
v -5.209373 -4.459961 8.226499
v -5.048281 -4.605471 7.972107
v -5.805376 -4.605471 7.438901
v -5.921483 -4.697580 7.587679
v -5.149247 -4.697580 8.131550
v -7.823490 -4.949666 4.954171
v -8.423229 -3.293658 5.333951
v -8.591693 -3.359531 5.440630
v -7.979960 -5.048659 5.053254
v -7.793760 -3.537343 6.082310
v -8.830605 -3.537343 4.444953
v -9.007218 -3.608090 4.533852
v -7.949636 -3.608090 6.203957
v -7.685837 -3.898831 5.998086
v -8.708324 -3.898831 4.383402
v -8.882491 -3.976807 4.471070
v -7.839553 -3.976807 6.118048
v -7.567497 -4.255034 5.905733
v -8.574241 -4.255034 4.315910
v -8.745726 -4.340134 4.402228
v -7.718847 -4.340134 6.023847
v -7.438901 -4.605471 5.805376
v -8.428538 -4.605471 4.242569
v -8.597108 -4.697580 4.327421
v -7.587679 -4.697580 5.921483
v -9.035171 -4.949666 2.028915
v -9.727795 -3.293658 2.184449
v -9.922351 -3.359531 2.228138
v -9.215874 -5.048659 2.069494
v -9.301981 -3.778898 3.072959
v -9.558392 -3.778898 2.146409
v -9.749560 -3.854476 2.189337
v -9.488021 -3.854476 3.134419
v -9.064447 -4.372510 2.994489
v -9.314310 -4.372510 2.091598
v -9.500596 -4.459961 2.133430
v -9.245735 -4.459961 3.054378
v -9.190532 -4.949666 -1.133544
v -9.895067 -3.293658 -1.220440
v -10.092968 -3.359531 -1.244849
v -9.374343 -5.048659 -1.156215
v -9.883235 -3.537343 -0.242620
v -9.811864 -3.537343 -1.210178
v -10.008101 -3.608090 -1.234382
v -10.080900 -3.608090 -0.247472
v -9.746378 -3.898831 -0.239260
v -9.675994 -3.898831 -1.193420
v -9.869514 -3.976807 -1.217288
v -9.941305 -3.976807 -0.244045
v -9.596311 -4.255034 -0.235576
v -9.527012 -4.255034 -1.175045
v -9.717552 -4.340134 -1.198546
v -9.788238 -4.340134 -0.240288
v -9.433240 -4.605471 -0.231573
v -9.365118 -4.605471 -1.155077
v -9.552421 -4.697580 -1.178179
v -9.621905 -4.697580 -0.236205
v -8.271412 -4.949666 -4.163479
v -8.905487 -3.293658 -4.482646
v -9.083597 -3.359531 -4.572299
v -8.436840 -5.048659 -4.246748
v -9.223765 -3.537343 -3.557999
v -8.830605 -3.537343 -4.444953
v -9.007218 -3.608090 -4.533852
v -9.408241 -3.608090 -3.629159
v -9.096040 -3.898831 -3.508730
v -8.708324 -3.898831 -4.383402
v -8.882491 -3.976807 -4.471070
v -9.277960 -3.976807 -3.578904
v -8.955987 -4.255034 -3.454705
v -8.574241 -4.255034 -4.315910
v -8.745726 -4.340134 -4.402228
v -9.135106 -4.340134 -3.523799
v -8.803796 -4.605471 -3.395999
v -8.428538 -4.605471 -4.242569
v -8.597108 -4.697580 -4.327421
v -8.979872 -4.697580 -3.463919
v -6.385265 -4.949666 -6.706653
v -6.874751 -3.293658 -7.220777
v -7.012246 -3.359531 -7.365192
v -6.512970 -5.048659 -6.840787
v -7.345482 -4.018176 -6.336257
v -6.181769 -3.047989 -7.921205
v -6.305405 -3.108949 -8.079629
v -7.492392 -4.098540 -6.462982
v -7.228515 -4.372510 -6.235360
v -6.108559 -3.415758 -7.827395
v -6.230730 -3.484073 -7.983943
v -7.373086 -4.459961 -6.360067
v -7.101752 -4.720919 -6.126013
v -6.027070 -3.778898 -7.722976
v -6.147611 -3.854476 -7.877436
v -7.243787 -4.815337 -6.248534
v -6.965364 -5.062930 -6.008365
v -5.937413 -4.136916 -7.608091
v -6.056161 -4.219655 -7.760253
v -7.104672 -5.164188 -6.128532
v -3.752605 -4.949666 -8.465741
v -4.040274 -3.293658 -9.114713
v -4.121080 -3.359531 -9.297007
v -3.827657 -5.048659 -8.635056
v -4.781475 -4.018176 -8.440483
v -3.151834 -3.047989 -9.540739
v -3.214871 -3.108949 -9.731554
v -4.877104 -4.098540 -8.609293
v -4.731430 -4.255034 -8.352141
v -3.127421 -3.293658 -9.466840
v -3.189970 -3.359531 -9.656176
v -4.826058 -4.340134 -8.519184
v -4.651028 -4.605471 -8.210212
v -3.087274 -3.658396 -9.345313
v -3.149020 -3.731564 -9.532219
v -4.744048 -4.697580 -8.374416
v -4.593918 -4.835656 -8.109399
v -3.058182 -3.898831 -9.257248
v -3.119345 -3.976807 -9.442393
v -4.685796 -4.932370 -8.271587
v -4.534040 -5.062930 -8.003701
v -3.027247 -4.136916 -9.163607
v -3.087792 -4.219655 -9.346879
v -4.624721 -5.164188 -8.163775
v -0.681221 -4.949666 -9.235082
v -0.733442 -3.293658 -9.943032
v -0.748111 -3.359531 -10.141892
v -0.694845 -5.048659 -9.419784
v -0.709949 -4.136916 -9.624546
v 0.236840 -4.136916 -9.647789
v 0.241577 -4.219655 -9.840745
v -0.724148 -4.219655 -9.817037
v 2.469806 -4.949666 -8.924733
v 2.659138 -3.293658 -9.608892
v 2.712321 -3.359531 -9.801069
v 2.519202 -5.048659 -9.103228
v 1.690166 -3.537343 -9.740664
v 2.636779 -3.537343 -9.528095
v 2.689515 -3.608090 -9.718657
v 1.723969 -3.608090 -9.935478
v 1.666761 -3.898831 -9.605781
v 2.600266 -3.898831 -9.396155
v 2.652272 -3.976807 -9.584078
v 1.700096 -3.976807 -9.797897
v 1.641098 -4.255034 -9.457880
v 2.560230 -4.255034 -9.251482
v 2.611434 -4.340134 -9.436511
v 1.673920 -4.340134 -9.647037
v 1.613210 -4.605471 -9.297161
v 2.516723 -4.605471 -9.094270
v 2.567058 -4.697580 -9.276155
v 1.645475 -4.697580 -9.483104
v 5.332084 -4.949666 -7.570977
v 5.740834 -3.293658 -8.151358
v 5.855651 -3.359531 -8.314385
v 5.438725 -5.048659 -7.722397
v 4.851133 -3.658396 -8.563448
v 6.163392 -4.605471 -7.145085
v 6.286660 -4.697580 -7.287986
v 4.948156 -3.731564 -8.734717
v 7.570977 -4.949666 -5.332084
v 8.151358 -3.293658 -5.740834
v 8.314385 -3.359531 -5.855651
v 7.722397 -5.048659 -5.438725
v 7.417939 -3.778898 -6.398758
v 8.009408 -3.778898 -5.640861
v 8.169596 -3.854476 -5.753679
v 7.566298 -3.854476 -6.526734
v 7.228515 -4.372510 -6.235360
v 7.804880 -4.372510 -5.496817
v 7.960978 -4.459961 -5.606753
v 7.373086 -4.459961 -6.360067
v 8.924733 -4.949666 -2.469806
v 9.608892 -3.293658 -2.659138
v 9.801069 -3.359531 -2.712321
v 9.103228 -5.048659 -2.519202
v 9.528095 -3.537343 -2.636779
v 9.740664 -3.537343 -1.690166
v 9.935478 -3.608090 -1.723969
v 9.718657 -3.608090 -2.689515
v 9.441559 -3.778898 -2.612831
v 9.652198 -3.778898 -1.674815
v 9.845242 -3.854476 -1.708312
v 9.630391 -3.854476 -2.665088
v 9.301109 -4.136916 -2.573964
v 9.508614 -4.136916 -1.649901
v 9.698787 -4.219655 -1.682899
v 9.487131 -4.219655 -2.625443
v 9.200461 -4.372510 -2.546110
v 9.405720 -4.372510 -1.632047
v 9.593835 -4.459961 -1.664688
v 9.384470 -4.459961 -2.597033
v 9.094270 -4.605471 -2.516723
v 9.297161 -4.605471 -1.613210
v 9.483104 -4.697580 -1.645475
v 9.276155 -4.697580 -2.567058
v 8.155771 -6.459932 1.415161
v 9.123842 -4.949666 1.583137
v 9.306319 -5.048659 1.614799
v 8.318887 -6.589130 1.443464
v 9.001411 -5.175431 1.561893
v 8.804975 -5.175431 2.436665
v 8.981074 -5.278940 2.485398
v 9.181439 -5.278940 1.593131
v 8.807623 -5.508192 1.528268
v 8.615415 -5.508192 2.384207
v 8.787724 -5.618356 2.431891
v 8.983775 -5.618356 1.558833
v 8.601898 -5.833487 1.492571
v 8.414180 -5.833487 2.328517
v 8.582464 -5.950157 2.375088
v 8.773936 -5.950157 1.522422
v 8.384516 -6.150878 1.454852
v 8.201542 -6.150878 2.269672
v 8.365573 -6.273895 2.315066
v 8.552207 -6.273895 1.483949
v 7.202265 -6.459932 4.080033
v 8.057156 -4.949666 4.564323
v 8.218299 -5.048659 4.655609
v 7.346310 -6.589130 4.161633
v 8.293450 -5.287153 3.676234
v 7.893181 -5.287153 4.471432
v 8.051045 -5.392896 4.560861
v 8.459319 -5.392896 3.749758
v 8.046289 -5.725912 3.566674
v 7.657948 -5.725912 4.338174
v 7.811107 -5.840431 4.424938
v 8.207214 -5.840431 3.638008
v 7.848162 -6.045986 3.478851
v 7.469384 -6.045986 4.231354
v 7.618772 -6.166906 4.315981
v 8.005125 -6.166906 3.548428
v 5.406728 -6.459932 6.267900
v 6.048494 -4.949666 7.011885
v 6.169464 -5.048659 7.152123
v 5.514863 -6.589130 6.393258
v 6.570163 -5.287153 6.255315
v 5.223568 -5.287153 7.416896
v 5.328039 -5.392896 7.565234
v 6.701566 -5.392896 6.380422
v 6.374359 -5.725912 6.068894
v 5.067895 -5.725912 7.195858
v 5.169253 -5.840431 7.339775
v 6.501846 -5.840431 6.190272
v 6.217401 -6.045986 5.919458
v 4.943106 -6.045986 7.018672
v 5.041968 -6.166906 7.159045
v 6.341749 -6.166906 6.037847
v 2.979081 -6.459932 7.722976
v 3.332690 -4.949666 8.639675
v 3.399344 -5.048659 8.812468
v 3.038662 -6.589130 7.877436
v 4.078746 -5.287153 8.103076
v 2.419542 -5.287153 8.743102
v 2.467933 -5.392896 8.917964
v 4.160321 -5.392896 8.265138
v 3.957191 -5.725912 7.861588
v 2.347435 -5.725912 8.482540
v 2.394384 -5.840431 8.652190
v 4.036335 -5.840431 8.018820
v 3.859752 -6.045986 7.668010
v 2.289633 -6.045986 8.273671
v 2.335426 -6.166906 8.439145
v 3.936947 -6.166906 7.821370
v 0.203143 -6.459932 8.275144
v 0.227256 -4.949666 9.257384
v 0.231801 -5.048659 9.442532
v 0.207206 -6.589130 8.440647
v 0.221022 -5.398079 9.003438
v -0.662534 -5.398079 8.981748
v -0.675784 -5.506040 9.161383
v 0.225442 -5.506040 9.183507
v 0.212483 -5.940184 8.655580
v -0.636936 -5.940184 8.634728
v -0.649675 -6.058988 8.807423
v 0.216732 -6.058988 8.828692
v -2.596544 -6.459932 7.859850
v -2.904747 -4.949666 8.792795
v -2.962842 -5.048659 8.968651
v -2.648475 -6.589130 8.017047
v -1.943639 -5.617475 8.655417
v -3.800700 -4.720919 8.574241
v -3.876714 -4.815337 8.745726
v -1.982512 -5.729825 8.828525
v -1.912848 -5.833487 8.518300
v -3.752605 -4.949666 8.465741
v -3.827657 -5.048659 8.635056
v -1.951105 -5.950157 8.688666
v -1.864508 -6.150878 8.303031
v -3.676234 -5.287153 8.293450
v -3.749758 -5.392896 8.459319
v -1.901798 -6.273895 8.469091
v -1.830873 -6.357866 8.153248
v -3.622545 -5.508192 8.172331
v -3.694996 -5.618356 8.335777
v -1.867490 -6.485023 8.316312
v -1.796135 -6.561025 7.998553
v -3.566674 -5.725912 8.046289
v -3.638008 -5.840431 8.207214
v -1.832058 -6.692245 8.158524
v -5.092664 -6.459932 6.525646
v -5.697151 -4.949666 7.300225
v -5.811094 -5.048659 7.446229
v -5.194517 -6.589130 6.656159
v -4.745944 -5.617475 7.494664
v -6.467101 -4.720919 6.792608
v -6.596443 -4.815337 6.928461
v -4.840863 -5.729825 7.644558
v -4.632110 -5.940184 7.314901
v -6.342901 -5.062930 6.662158
v -6.469759 -5.164188 6.795401
v -4.724752 -6.058988 7.461199
v -4.511998 -6.254843 7.125224
v -6.210106 -5.398079 6.522678
v -6.334308 -5.506040 6.653132
v -4.602238 -6.379940 7.267728
v -4.385772 -6.561025 6.925891
v -6.068894 -5.725912 6.374359
v -6.190272 -5.840431 6.501846
v -4.473487 -6.692245 7.064408
v -6.993392 -6.459932 4.428516
v -7.823490 -4.949666 4.954171
v -7.979960 -5.048659 5.053254
v -7.133259 -6.589130 4.517087
v -7.202265 -5.175431 5.620703
v -8.160420 -5.175431 4.107610
v -8.323628 -5.278940 4.189762
v -7.346310 -5.278940 5.733117
v -7.047210 -5.508192 5.499696
v -7.984737 -5.508192 4.019179
v -8.144432 -5.618356 4.099562
v -7.188154 -5.618356 5.609690
v -6.882604 -5.833487 5.371237
v -7.798233 -5.833487 3.925301
v -7.954198 -5.950157 4.003807
v -7.020256 -5.950157 5.478662
v -6.708671 -6.150878 5.235498
v -7.601161 -6.150878 3.826103
v -7.753184 -6.273895 3.902625
v -6.842844 -6.273895 5.340208
v -8.076509 -6.459932 1.813641
v -9.035171 -4.949666 2.028915
v -9.215874 -5.048659 2.069494
v -8.238039 -6.589130 1.849913
v -8.674807 -5.175431 2.865769
v -9.067207 -5.175431 1.118333
v -9.248551 -5.278940 1.140700
v -8.848303 -5.278940 2.923085
v -8.551594 -5.398079 2.825065
v -8.938420 -5.398079 1.102449
v -9.117188 -5.506040 1.124498
v -8.722625 -5.506040 2.881566
v -8.357139 -5.725912 2.760826
v -8.735169 -5.725912 1.077380
v -8.909872 -5.840431 1.098928
v -8.524282 -5.840431 2.816042
v -8.221193 -5.940184 2.715915
v -8.593074 -5.940184 1.059855
v -8.764936 -6.058988 1.081052
v -8.385617 -6.058988 2.770234
v -8.080295 -6.150878 2.669369
v -8.445803 -6.150878 1.041690
v -8.614719 -6.273895 1.062524
v -8.241901 -6.273895 2.722756
v -8.215386 -6.459932 -1.013271
v -9.190532 -4.949666 -1.133544
v -9.374343 -5.048659 -1.156215
v -8.379694 -6.589130 -1.033537
v -9.317409 -4.835656 -0.228730
v -8.587505 -5.725912 -1.928389
v -8.759255 -5.840431 -1.966957
v -9.503757 -4.932370 -0.233304
v -9.068983 -5.287153 -0.222631
v -8.303031 -6.150878 -1.864508
v -8.469091 -6.273895 -1.901798
v -9.250362 -5.392896 -0.227084
v -8.868291 -5.617475 -0.217704
v -8.076509 -6.459932 -1.813641
v -8.238039 -6.589130 -1.849913
v -9.045656 -5.729825 -0.222058
v -7.393787 -6.459932 -3.721720
v -8.271412 -4.949666 -4.163479
v -8.436840 -5.048659 -4.246748
v -7.541663 -6.589130 -3.796154
v -8.145429 -5.833487 -3.142039
v -7.823490 -4.949666 -4.954171
v -7.979960 -5.048659 -5.053254
v -8.308338 -5.950157 -3.204880
v -7.796356 -6.357866 -3.007386
v -7.552340 -5.508192 -4.782467
v -7.703387 -5.618356 -4.878116
v -7.952283 -6.485023 -3.067534
v -5.707767 -6.459932 -5.995055
v -6.385265 -4.949666 -6.706653
v -6.512970 -5.048659 -6.840787
v -5.821922 -6.589130 -6.114956
v -6.664467 -5.725912 -5.748809
v -5.414874 -5.725912 -6.938520
v -5.523172 -5.840431 -7.077291
v -6.797757 -5.840431 -5.863785
v -3.354441 -6.459932 -7.567497
v -3.752605 -4.949666 -8.465741
v -3.827657 -5.048659 -8.635056
v -3.421530 -6.589130 -7.718847
v -4.303214 -5.833487 -7.596234
v -2.904747 -4.949666 -8.792795
v -2.962842 -5.048659 -8.968651
v -4.389278 -5.950157 -7.748159
v -4.118799 -6.357866 -7.270697
v -2.804073 -5.508192 -8.488050
v -2.860155 -5.618356 -8.657811
v -4.201175 -6.485023 -7.416111
v -0.608941 -6.459932 -8.255209
v -0.681221 -4.949666 -9.235082
v -0.694845 -5.048659 -9.419784
v -0.621120 -6.589130 -8.420313
v -1.561893 -5.175431 -9.001411
v -0.672079 -5.175431 -9.111159
v -0.685521 -5.278940 -9.293382
v -1.593131 -5.278940 -9.181439
v -1.528268 -5.508192 -8.807623
v -0.657611 -5.508192 -8.915008
v -0.670763 -5.618356 -9.093308
v -1.558833 -5.618356 -8.983775
v -1.492571 -5.833487 -8.601898
v -0.642250 -5.833487 -8.706775
v -0.655095 -5.950157 -8.880911
v -1.522422 -5.950157 -8.773936
v -1.454852 -6.150878 -8.384516
v -0.626020 -6.150878 -8.486743
v -0.638540 -6.273895 -8.656478
v -1.483949 -6.273895 -8.552207
v 2.207752 -6.459932 -7.977789
v 2.469806 -4.949666 -8.924733
v 2.519202 -5.048659 -9.103228
v 2.251907 -6.589130 -8.137345
v 1.550918 -5.287153 -8.938158
v 3.062635 -6.150878 -7.939583
v 3.123888 -6.273895 -8.098374
v 1.581936 -5.392896 -9.116921
v 4.766331 -6.459932 -6.767671
v 5.332084 -4.949666 -7.570977
v 5.438725 -5.048659 -7.722397
v 4.861658 -6.589130 -6.903024
v 4.372481 -5.617475 -7.718509
v 6.126013 -4.720919 -7.101752
v 6.248534 -4.815337 -7.243787
v 4.459931 -5.729825 -7.872879
v 4.303214 -5.833487 -7.596234
v 6.048494 -4.949666 -7.011885
v 6.169464 -5.048659 -7.152123
v 4.389278 -5.950157 -7.748159
v 4.194465 -6.150878 -7.404267
v 5.925398 -5.287153 -6.869183
v 6.043906 -5.392896 -7.006566
v 4.278355 -6.273895 -7.552352
v 4.118799 -6.357866 -7.270697
v 5.838862 -5.508192 -6.768864
v 5.955639 -5.618356 -6.904241
v 4.201175 -6.485023 -7.416111
v 4.040652 -6.561025 -7.132748
v 5.748809 -5.725912 -6.664467
v 5.863785 -5.840431 -6.797757
v 4.121465 -6.692245 -7.275403
v 6.767671 -6.459932 -4.766331
v 7.570977 -4.949666 -5.332084
v 7.722397 -5.048659 -5.438725
v 6.903024 -6.589130 -4.861658
v 7.101752 -4.720919 -6.126013
v 7.718509 -5.617475 -4.372481
v 7.872879 -5.729825 -4.459931
v 7.243787 -4.815337 -6.248534
v 7.011885 -4.949666 -6.048494
v 7.596234 -5.833487 -4.303214
v 7.748159 -5.950157 -4.389278
v 7.152123 -5.048659 -6.169464
v 6.869183 -5.287153 -5.925398
v 7.404267 -6.150878 -4.194465
v 7.552352 -6.273895 -4.278355
v 7.006566 -5.392896 -6.043906
v 6.768864 -5.508192 -5.838862
v 7.270697 -6.357866 -4.118799
v 7.416111 -6.485023 -4.201175
v 6.904241 -5.618356 -5.955639
v 6.664467 -5.725912 -5.748809
v 7.132748 -6.561025 -4.040652
v 7.275403 -6.692245 -4.121465
v 6.797757 -5.840431 -5.863785
v 7.977789 -6.459932 -2.207752
v 8.924733 -4.949666 -2.469806
v 9.103228 -5.048659 -2.519202
v 8.137345 -6.589130 -2.251907
v 8.463845 -5.287153 -3.264865
v 8.938158 -5.287153 -1.550918
v 9.116921 -5.392896 -1.581936
v 8.633122 -5.392896 -3.330163
v 8.211605 -5.725912 -3.167566
v 8.671783 -5.725912 -1.504697
v 8.845218 -5.840431 -1.534791
v 8.375837 -5.840431 -3.230917
v 8.009408 -6.045986 -3.089570
v 8.458254 -6.045986 -1.467646
v 8.627419 -6.166906 -1.496999
v 8.169596 -6.166906 -3.151361
v 6.947556 -7.779987 1.205515
v 8.155771 -6.459932 1.415161
v 8.318887 -6.589130 1.443464
v 7.086507 -7.935587 1.229626
v 7.672026 -7.146310 0.565923
v 7.579613 -7.146310 1.315188
v 7.731205 -7.289237 1.341491
v 7.825466 -7.289237 0.577241
v 6.135304 -7.779987 3.475607
v 7.202265 -6.459932 4.080033
v 7.346310 -6.589130 4.161633
v 6.258011 -7.935587 3.545119
v 7.710152 -6.254843 3.417675
v 6.360799 -7.051369 4.479780
v 6.488015 -7.192396 4.569376
v 7.864355 -6.379940 3.486029
v 7.494455 -6.561025 3.322063
v 6.144292 -7.332951 4.327299
v 6.267178 -7.479610 4.413845
v 7.644344 -6.692245 3.388505
v 7.268601 -6.858315 3.221949
v 5.919458 -7.604594 4.168952
v 6.037847 -7.756686 4.252332
v 7.413973 -6.995481 3.286388
v 7.032897 -7.146310 3.117469
v 5.686601 -7.865932 4.004957
v 5.800333 -8.023251 4.085056
v 7.173555 -7.289237 3.179818
v 4.605763 -7.779987 5.339359
v 5.406728 -6.459932 6.267900
v 5.514863 -6.589130 6.393258
v 4.697878 -7.935587 5.446146
v 6.052017 -6.357866 5.761999
v 4.429617 -7.146310 6.289574
v 4.518210 -7.289237 6.415365
v 6.173057 -6.485023 5.877239
v 5.818787 -6.760231 5.539945
v 4.222373 -7.515174 5.995309
v 4.306820 -7.665477 6.115215
v 5.935162 -6.895436 5.650744
v 5.634633 -7.051369 5.364616
v 4.060236 -7.779987 5.765092
v 4.141441 -7.935587 5.880394
v 5.747325 -7.192396 5.471909
v 2.537753 -7.779987 6.578877
v 2.979081 -6.459932 7.722976
v 3.038662 -6.589130 7.877436
v 2.588508 -7.935587 6.710454
v 3.296978 -7.515174 6.549970
v 2.142839 -6.760231 7.743224
v 2.185695 -6.895436 7.898088
v 3.362917 -7.665477 6.680969
v 0.173049 -7.779987 7.049245
v 0.203143 -6.459932 8.275144
v 0.207206 -6.589130 8.440647
v 0.176510 -7.935587 7.190230
v 1.013271 -6.459932 8.215386
v -0.559429 -7.240176 7.583989
v -0.570617 -7.384979 7.735669
v 1.033537 -6.589130 8.379694
v 0.962874 -6.955366 7.806777
v -0.525715 -7.692870 7.126947
v -0.536230 -7.846727 7.269486
v 0.982132 -7.094473 7.962912
v -2.211886 -7.779987 6.695474
v -2.596544 -6.459932 7.859850
v -2.648475 -6.589130 8.017047
v -2.256123 -7.935587 6.829383
v -1.847830 -6.254843 8.228759
v -3.152772 -7.051369 7.112540
v -3.215828 -7.192396 7.254791
v -1.884786 -6.379940 8.393334
v -1.796135 -6.561025 7.998553
v -3.045459 -7.332951 6.870445
v -3.106368 -7.479610 7.007854
v -1.832058 -6.692245 8.158524
v -1.742007 -6.858315 7.757508
v -2.934018 -7.604594 6.619039
v -2.992699 -7.756686 6.751420
v -1.776847 -6.995481 7.912658
v -1.685517 -7.146310 7.505950
v -2.818602 -7.865932 6.358663
v -2.874974 -8.023251 6.485836
v -1.719228 -7.289237 7.656068
v -4.338225 -7.779987 5.558922
v -5.092664 -6.459932 6.525646
v -5.194517 -6.589130 6.656159
v -4.424989 -7.935587 5.670100
v -4.162274 -7.051369 6.572950
v -5.815364 -6.254843 6.108067
v -5.931671 -6.379940 6.230229
v -4.245520 -7.192396 6.704409
v -4.020600 -7.332951 6.349221
v -5.652675 -6.561025 5.937190
v -5.765728 -6.692245 6.055934
v -4.101012 -7.479610 6.476206
v -3.873477 -7.604594 6.116888
v -5.482325 -6.858315 5.758266
v -5.591972 -6.995481 5.873431
v -3.950946 -7.756686 6.239226
v -3.721104 -7.865932 5.876265
v -5.304546 -7.146310 5.571539
v -5.410637 -7.289237 5.682969
v -3.795526 -8.023251 5.993791
v -5.957374 -7.779987 3.772466
v -6.993392 -6.459932 4.428516
v -7.133259 -6.589130 4.517087
v -6.076522 -7.935587 3.847915
v -6.133325 -7.051369 4.786494
v -7.533167 -6.254843 3.791878
v -7.683830 -6.379940 3.867715
v -6.255991 -7.192396 4.882224
v -5.995055 -7.240176 4.678587
v -7.393787 -6.459932 3.721720
v -7.541663 -6.589130 3.796154
v -6.114956 -7.384979 4.772158
v -5.780905 -7.515174 4.511463
v -7.176393 -6.760231 3.612293
v -7.319921 -6.895436 3.684539
v -5.896524 -7.665477 4.601692
v -5.633768 -7.692870 4.396636
v -7.026042 -6.955366 3.536612
v -7.166563 -7.094473 3.607344
v -5.746444 -7.846727 4.484569
v -5.483238 -7.865932 4.279161
v -6.871458 -7.146310 3.458801
v -7.008887 -7.289237 3.527977
v -5.592902 -8.023251 4.364744
v -6.880036 -7.779987 1.544964
v -8.076509 -6.459932 1.813641
v -8.238039 -6.589130 1.849913
v -7.017636 -7.935587 1.575863
v -7.706950 -6.661129 2.546032
v -8.055569 -6.661129 0.993560
v -8.216680 -6.794352 1.013431
v -7.861089 -6.794352 2.596953
v -7.549407 -6.858315 2.493987
v -7.890900 -6.858315 0.973250
v -8.048718 -6.995481 0.992715
v -7.700395 -6.995481 2.543867
v -7.304597 -7.146310 2.413113
v -7.635016 -7.146310 0.941689
v -7.787716 -7.289237 0.960523
v -7.450689 -7.289237 2.461375
v -7.135869 -7.332951 2.357373
v -7.458656 -7.332951 0.919937
v -7.607829 -7.479610 0.938336
v -7.278587 -7.479610 2.404520
v -6.962843 -7.515174 2.300213
v -7.277803 -7.515174 0.897631
v -7.423359 -7.665477 0.915584
v -7.102100 -7.665477 2.346217
v -6.998339 -7.779987 -0.863163
v -8.215386 -6.459932 -1.013271
v -8.379694 -6.589130 -1.033537
v -7.138306 -7.935587 -0.880426
v -8.055569 -6.661129 -0.993560
v -7.919393 -6.661129 -1.778359
v -8.077781 -6.794352 -1.813926
v -8.216680 -6.794352 -1.013431
v -7.890900 -6.858315 -0.973250
v -7.757508 -6.858315 -1.742007
v -7.912658 -6.995481 -1.776847
v -8.048718 -6.995481 -0.992715
v -7.635016 -7.146310 -0.941689
v -7.505950 -7.146310 -1.685517
v -7.656068 -7.289237 -1.719228
v -7.787716 -7.289237 -0.960523
v -7.458656 -7.332951 -0.919937
v -7.332571 -7.332951 -1.646584
v -7.479222 -7.479610 -1.679516
v -7.607829 -7.479610 -0.938336
v -7.277803 -7.515174 -0.897631
v -7.154776 -7.515174 -1.606659
v -7.297871 -7.665477 -1.638792
v -7.423359 -7.665477 -0.915584
v -6.298454 -7.779987 -3.170375
v -7.393787 -6.459932 -3.721720
v -7.541663 -6.589130 -3.796154
v -6.424423 -7.935587 -3.233783
v -7.868562 -6.254843 -3.035239
v -6.572950 -7.051369 -4.162274
v -6.704409 -7.192396 -4.245520
v -8.025933 -6.379940 -3.095944
v -7.722976 -6.459932 -2.979081
v -6.424769 -7.240176 -4.068440
v -6.553264 -7.384979 -4.149809
v -7.877436 -6.589130 -3.038662
v -7.495903 -6.760231 -2.891489
v -6.195269 -7.515174 -3.923111
v -6.319175 -7.665477 -4.001573
v -7.645821 -6.895436 -2.949319
v -7.338858 -6.955366 -2.830910
v -6.037586 -7.692870 -3.823259
v -6.158338 -7.846727 -3.899724
v -7.485635 -7.094473 -2.887528
v -7.177392 -7.146310 -2.768626
v -5.876265 -7.865932 -3.721104
v -5.993791 -8.023251 -3.795526
v -7.320940 -7.289237 -2.823998
v -4.862205 -7.779987 -5.106933
v -5.707767 -6.459932 -5.995055
v -5.821922 -6.589130 -6.114956
v -4.959449 -7.935587 -5.209072
v -6.083610 -6.760231 -5.247758
v -4.511463 -7.515174 -5.780905
v -4.601692 -7.665477 -5.896524
v -6.205282 -6.895436 -5.352713
v -2.857506 -7.779987 -6.446430
v -3.354441 -6.459932 -7.567497
v -3.421530 -6.589130 -7.718847
v -2.914656 -7.935587 -6.575359
v -3.960070 -6.760231 -6.990502
v -2.300213 -7.515174 -6.962843
v -2.346217 -7.665477 -7.102100
v -4.039272 -6.895436 -7.130312
v -0.518731 -7.779987 -7.032263
v -0.608941 -6.459932 -8.255209
v -0.621120 -6.589130 -8.420313
v -0.529106 -7.935587 -7.172908
v -0.584889 -6.858315 -7.929150
v 0.195120 -6.858315 -7.948298
v 0.199022 -6.995481 -8.107264
v -0.596587 -6.995481 -8.087733
v -0.552850 -7.332951 -7.494811
v 0.184432 -7.332951 -7.512910
v 0.188120 -7.479610 -7.663168
v -0.563907 -7.479610 -7.644707
v 1.880690 -7.779987 -6.795941
v 2.207752 -6.459932 -7.977789
v 2.251907 -6.589130 -8.137345
v 1.918304 -7.935587 -6.931860
v 1.387631 -6.661129 -7.997114
v 2.164803 -6.661129 -7.822594
v 2.208099 -6.794352 -7.979046
v 1.415384 -6.794352 -8.157056
v 1.359265 -6.858315 -7.833640
v 2.120551 -6.858315 -7.662688
v 2.162962 -6.995481 -7.815941
v 1.386451 -6.995481 -7.990313
v 1.315188 -7.146310 -7.579613
v 2.051787 -7.146310 -7.414204
v 2.092822 -7.289237 -7.562488
v 1.341491 -7.289237 -7.731205
v 1.284808 -7.332951 -7.404533
v 2.004393 -7.332951 -7.242945
v 2.044481 -7.479610 -7.387803
v 1.310504 -7.479610 -7.552623
v 1.253655 -7.515174 -7.224992
v 1.955791 -7.515174 -7.067322
v 1.994907 -7.665477 -7.208669
v 1.278728 -7.665477 -7.369492
v 4.060236 -7.779987 -5.765092
v 4.766331 -6.459932 -6.767671
v 4.861658 -6.589130 -6.903024
v 4.141441 -7.935587 -5.880394
v 3.791802 -7.146310 -6.693466
v 5.024774 -7.146310 -5.825109
v 5.125269 -7.289237 -5.941611
v 3.867638 -7.289237 -6.827335
v 5.765092 -7.779987 -4.060236
v 6.767671 -6.459932 -4.766331
v 6.903024 -6.589130 -4.861658
v 5.880394 -7.935587 -4.141441
v 5.825109 -7.146310 -5.024774
v 6.289574 -7.146310 -4.429617
v 6.415365 -7.289237 -4.518210
v 5.941611 -7.289237 -5.125269
v 6.795941 -7.779987 -1.880690
v 7.977789 -6.459932 -2.207752
v 8.137345 -6.589130 -2.251907
v 6.931860 -7.935587 -1.918304
v 7.177392 -7.146310 -2.768626
v 7.414204 -7.146310 -2.051787
v 7.562488 -7.289237 -2.092822
v 7.320940 -7.289237 -2.823998
v 5.534773 -8.870962 0.960374
v 6.947556 -7.779987 1.205515
v 7.086507 -7.935587 1.229626
v 5.645468 -9.048382 0.979582
v 6.237895 -8.433679 0.460135
v 6.795941 -7.779987 1.880690
v 6.931860 -7.935587 1.918304
v 6.362653 -8.602353 0.469337
v 5.710398 -8.801359 0.421224
v 6.323359 -8.197741 1.749909
v 6.449826 -8.361696 1.784907
v 5.824606 -8.977387 0.429649
v 4.887692 -8.870962 2.768843
v 6.135304 -7.779987 3.475607
v 6.258011 -7.935587 3.545119
v 4.985446 -9.048382 2.824220
v 6.269938 -7.950693 2.779273
v 5.607254 -7.950693 3.949074
v 5.719399 -8.109707 4.028055
v 6.395337 -8.109707 2.834858
v 5.998153 -8.197741 2.658798
v 5.364194 -8.197741 3.777892
v 5.471478 -8.361696 3.853450
v 6.118116 -8.361696 2.711974
v 5.718238 -8.433679 2.534721
v 5.113864 -8.433679 3.601590
v 5.216142 -8.602353 3.673621
v 5.832603 -8.602353 2.585415
v 5.430574 -8.658188 2.407208
v 4.856604 -8.658188 3.420407
v 4.953736 -8.831351 3.488815
v 5.539186 -8.831351 2.455352
v 3.669182 -8.870962 4.253602
v 4.605763 -7.779987 5.339359
v 4.697878 -7.935587 5.446146
v 3.742566 -9.048382 4.338674
v 4.967115 -7.950693 4.729086
v 3.949074 -7.950693 5.607254
v 4.028055 -8.109707 5.719399
v 5.066457 -8.109707 4.823668
v 4.824304 -8.116610 4.593119
v 3.835533 -8.116610 5.446038
v 3.912244 -8.278942 5.554959
v 4.920790 -8.278942 4.684981
v 4.604666 -8.356287 4.384006
v 3.660911 -8.356287 5.198095
v 3.734130 -8.523413 5.302057
v 4.696759 -8.523413 4.471686
v 4.454755 -8.509801 4.241279
v 3.541726 -8.509801 5.028864
v 3.612560 -8.679997 5.129441
v 4.543850 -8.679997 4.326105
v 4.302161 -8.658188 4.095998
v 3.420407 -8.658188 4.856604
v 3.488815 -8.831351 4.953736
v 4.388204 -8.831351 4.177918
v 2.021701 -8.870962 5.241064
v 2.537753 -7.779987 6.578877
v 2.588508 -7.935587 6.710454
v 2.062135 -9.048382 5.345885
v 2.397307 -8.116610 6.214786
v 1.776608 -8.116610 6.419837
v 1.812140 -8.278942 6.548234
v 2.445254 -8.278942 6.339082
v 2.213670 -8.509801 5.738724
v 1.640517 -8.509801 5.928069
v 1.673328 -8.679997 6.046630
v 2.257944 -8.679997 5.853499
v 0.137860 -8.870962 5.615783
v 0.173049 -7.779987 7.049245
v 0.176510 -7.935587 7.190230
v 0.140617 -9.048382 5.728099
v 0.727142 -8.658188 5.895511
v -0.497313 -8.034256 6.741914
v -0.507260 -8.194941 6.876752
v 0.741685 -8.831351 6.013421
v -1.762099 -8.870962 5.333951
v -2.211886 -7.779987 6.695474
v -2.256123 -7.935587 6.829383
v -1.797341 -9.048382 5.440630
v -1.481175 -8.034256 6.595972
v -2.120561 -8.034256 6.419030
v -2.162972 -8.194941 6.547411
v -1.510799 -8.194941 6.727891
v -1.393016 -8.356287 6.203383
v -1.994346 -8.356287 6.036973
v -2.034233 -8.523413 6.157712
v -1.420877 -8.523413 6.327451
v -1.324683 -8.584641 5.899081
v -1.896515 -8.584641 5.740834
v -1.934446 -8.756333 5.855651
v -1.351177 -8.756333 6.017063
v -3.456048 -8.870962 4.428516
v -4.338225 -7.779987 5.558922
v -4.424989 -7.935587 5.670100
v -3.525169 -9.048382 4.517087
v -3.823259 -7.692870 6.037586
v -4.384006 -8.356287 4.604666
v -4.471686 -8.523413 4.696759
v -3.899724 -7.846727 6.158338
v -3.616708 -8.034256 5.711405
v -4.095998 -8.658188 4.302161
v -4.177918 -8.831351 4.388204
v -3.689042 -8.194941 5.825634
v -3.456048 -8.277637 5.457696
v -3.873477 -8.870962 4.068440
v -3.950946 -9.048382 4.149809
v -3.525169 -8.443190 5.566850
v -4.745944 -8.870962 3.005336
v -5.957374 -7.779987 3.772466
v -6.076522 -7.935587 3.847915
v -4.840863 -9.048382 3.065442
v -5.406728 -7.950693 4.219452
v -5.794272 -7.950693 3.669182
v -5.910157 -8.109707 3.742566
v -5.514863 -8.109707 4.303841
v -5.251278 -8.116610 4.098137
v -5.627679 -8.116610 3.563688
v -5.740233 -8.278942 3.634962
v -5.356303 -8.278942 4.180100
v -5.012201 -8.356287 3.911560
v -5.371466 -8.356287 3.401443
v -5.478895 -8.523413 3.469472
v -5.112445 -8.523413 3.989791
v -4.849022 -8.509801 3.784214
v -5.196591 -8.509801 3.290705
v -5.300523 -8.679997 3.356519
v -4.946003 -8.679997 3.859898
v -4.682923 -8.658188 3.654589
v -5.018586 -8.658188 3.177984
v -5.118957 -8.831351 3.241544
v -4.776581 -8.831351 3.727681
v -5.480982 -8.870962 1.230796
v -6.880036 -7.779987 1.544964
v -7.017636 -7.935587 1.575863
v -5.590602 -9.048382 1.255412
v -6.691672 -7.950693 1.502665
v -6.806737 -7.950693 0.839531
v -6.942872 -8.109707 0.856322
v -6.825506 -8.109707 1.532719
v -6.499278 -8.116610 1.459462
v -6.611035 -8.116610 0.815393
v -6.743255 -8.278942 0.831701
v -6.629264 -8.278942 1.488651
v -6.203383 -8.356287 1.393016
v -6.310052 -8.356287 0.778271
v -6.436253 -8.523413 0.793836
v -6.327451 -8.523413 1.420877
v -6.001424 -8.509801 1.347665
v -6.104620 -8.509801 0.752933
v -6.226712 -8.679997 0.767992
v -6.121453 -8.679997 1.374618
v -5.795850 -8.658188 1.301502
v -5.895511 -8.658188 0.727142
v -6.013421 -8.831351 0.741685
v -5.911767 -8.831351 1.327532
v -5.575229 -8.870962 -0.687639
v -6.998339 -7.779987 -0.863163
v -7.138306 -7.935587 -0.880426
v -5.686734 -9.048382 -0.701392
v -6.457986 -8.277637 -0.158535
v -7.064255 -7.604594 -1.586331
v -7.205540 -7.756686 -1.618058
v -6.587146 -8.443190 -0.161705
v -6.252959 -8.433679 -0.153502
v -6.880036 -7.779987 -1.544964
v -7.017636 -7.935587 -1.575863
v -6.378018 -8.602353 -0.156572
v -5.938395 -8.658188 -0.145779
v -6.595972 -8.034256 -1.481175
v -6.727891 -8.194941 -1.510799
v -6.057163 -8.831351 -0.148695
v -5.724188 -8.801359 -0.140521
v -6.401606 -8.197741 -1.437529
v -6.529638 -8.361696 -1.466279
v -5.838672 -8.977387 -0.143331
v -5.506533 -8.939230 -0.135178
v -6.203383 -8.356287 -1.393016
v -6.327451 -8.523413 -1.420877
v -5.616663 -9.118014 -0.137881
v -5.017665 -8.870962 -2.525680
v -6.298454 -7.779987 -3.170375
v -6.424423 -7.935587 -3.233783
v -5.118018 -9.048382 -2.576194
v -6.126013 -7.950693 -3.083576
v -5.794272 -7.950693 -3.669182
v -5.910157 -8.109707 -3.742566
v -6.248534 -8.109707 -3.145248
v -5.949883 -8.116610 -2.994919
v -5.627679 -8.116610 -3.563688
v -5.740233 -8.278942 -3.634962
v -6.068880 -8.278942 -3.054818
v -5.679000 -8.356287 -2.858569
v -5.371466 -8.356287 -3.401443
v -5.478895 -8.523413 -3.469472
v -5.792580 -8.523413 -2.915740
v -5.494113 -8.509801 -2.765504
v -5.196591 -8.509801 -3.290705
v -5.300523 -8.679997 -3.356519
v -5.603996 -8.679997 -2.820814
v -5.305917 -8.658188 -2.670774
v -5.018586 -8.658188 -3.177984
v -5.118957 -8.831351 -3.241544
v -5.412035 -8.831351 -2.724190
v -3.873477 -8.870962 -4.068440
v -4.862205 -7.779987 -5.106933
v -4.959449 -7.935587 -5.209072
v -3.950946 -9.048382 -4.149809
v -4.891517 -8.277637 -4.219452
v -4.454385 -7.604594 -5.707767
v -4.543473 -7.756686 -5.821922
v -4.989348 -8.443190 -4.303841
v -4.657499 -8.509801 -4.017586
v -4.279161 -7.865932 -5.483238
v -4.364744 -8.023251 -5.592902
v -4.750649 -8.679997 -4.097938
v -4.417168 -8.730431 -3.810276
v -4.098137 -8.116610 -5.251278
v -4.180100 -8.278942 -5.356303
v -4.505512 -8.905040 -3.886481
v -4.170851 -8.939230 -3.597801
v -3.911560 -8.356287 -5.012201
v -3.989791 -8.523413 -5.112445
v -4.254268 -9.118014 -3.669757
v -2.276433 -8.870962 -5.135550
v -2.857506 -7.779987 -6.446430
v -2.914656 -7.935587 -6.575359
v -2.321962 -9.048382 -5.238261
v -3.332106 -8.034256 -5.881989
v -2.739525 -8.034256 -6.180269
v -2.794315 -8.194941 -6.303875
v -3.398748 -8.194941 -5.999629
v -3.133781 -8.356287 -5.531896
v -2.576470 -8.356287 -5.812423
v -2.627999 -8.523413 -5.928672
v -3.196456 -8.523413 -5.642534
v -2.980056 -8.584641 -5.260534
v -2.450083 -8.584641 -5.527299
v -2.499085 -8.756333 -5.637845
v -3.039657 -8.756333 -5.365744
v -0.413247 -8.870962 -5.602254
v -0.518731 -7.779987 -7.032263
v -0.529106 -7.935587 -7.172908
v -0.421512 -9.048382 -5.714299
v -1.155742 -8.034256 -6.660705
v 0.165904 -8.034256 -6.758195
v 0.169222 -8.194941 -6.893359
v -1.178857 -8.194941 -6.793919
v -1.086953 -8.356287 -6.264263
v 0.156030 -8.356287 -6.355951
v 0.159150 -8.523413 -6.483070
v -1.108692 -8.523413 -6.389548
v -1.033633 -8.584641 -5.956975
v 0.148376 -8.584641 -6.044165
v 0.151343 -8.756333 -6.165048
v -1.054306 -8.756333 -6.076114
v 1.498252 -8.870962 -5.413988
v 1.880690 -7.779987 -6.795941
v 1.918304 -7.935587 -6.931860
v 1.528217 -9.048382 -5.522268
v 1.221747 -7.692870 -7.041100
v 2.288164 -8.356287 -5.931843
v 2.333928 -8.523413 -6.050480
v 1.246182 -7.846727 -7.181922
v 1.155742 -8.034256 -6.660705
v 2.137843 -8.658188 -5.542149
v 2.180600 -8.831351 -5.652992
v 1.178857 -8.194941 -6.793919
v 1.104402 -8.277637 -6.364826
v 2.021701 -8.870962 -5.241064
v 2.062135 -9.048382 -5.345885
v 1.126490 -8.443190 -6.492123
v 3.234588 -8.870962 -4.592762
v 4.060236 -7.779987 -5.765092
v 4.141441 -7.935587 -5.880394
v 3.299280 -9.048382 -4.684618
v 3.332106 -8.034256 -5.881989
v 3.879967 -8.658188 -4.497960
v 3.957566 -8.831351 -4.587919
v 3.398748 -8.194941 -5.999629
v 4.592762 -8.870962 -3.234588
v 5.765092 -7.779987 -4.060236
v 5.880394 -7.935587 -4.141441
v 4.684618 -9.048382 -3.299280
v 5.193177 -7.950693 -4.479665
v 5.607254 -7.950693 -3.949074
v 5.719399 -8.109707 -4.028055
v 5.297040 -8.109707 -4.569258
v 4.968066 -8.197741 -4.285483
v 5.364194 -8.197741 -3.777892
v 5.471478 -8.361696 -3.853450
v 5.067427 -8.361696 -4.371193
v 4.736222 -8.433679 -4.085493
v 5.113864 -8.433679 -3.601590
v 5.216142 -8.602353 -3.673621
v 4.830947 -8.602353 -4.167203
v 4.497960 -8.658188 -3.879967
v 4.856604 -8.658188 -3.420407
v 4.953736 -8.831351 -3.488815
v 4.587919 -8.831351 -3.957566
v 5.413988 -8.870962 -1.498252
v 6.795941 -7.779987 -1.880690
v 6.931860 -7.935587 -1.918304
v 5.522268 -9.048382 -1.528217
v 6.027070 -8.277637 -2.324897
v 7.133583 -7.604594 -1.237794
v 7.276255 -7.756686 -1.262550
v 6.147611 -8.443190 -2.371395
v 5.835723 -8.433679 -2.251087
v 6.947556 -7.779987 -1.205515
v 7.086507 -7.935587 -1.229626
v 5.952438 -8.602353 -2.296109
v 5.542149 -8.658188 -2.137843
v 6.660705 -8.034256 -1.155742
v 6.793919 -8.194941 -1.178857
v 5.652992 -8.831351 -2.180600
v 5.342235 -8.801359 -2.060727
v 6.464431 -8.197741 -1.121685
v 6.593719 -8.361696 -1.144119
v 5.449080 -8.977387 -2.101942
v 5.139103 -8.939230 -1.982371
v 6.264263 -8.356287 -1.086953
v 6.389548 -8.523413 -1.108692
v 5.241885 -9.118014 -2.022018
v 3.959019 -9.700735 0.686955
v 5.534773 -8.870962 0.960374
v 5.645468 -9.048382 0.979582
v 4.038199 -9.894750 0.700694
v 5.209314 -9.071715 0.903902
v 5.095632 -9.071715 1.410151
v 5.197544 -9.253149 1.438354
v 5.313500 -9.253149 0.921980
v 4.764464 -9.320216 0.826713
v 4.660490 -9.320216 1.289731
v 4.753700 -9.506620 1.315526
v 4.859753 -9.506620 0.843247
v 4.423235 -9.491888 0.767504
v 4.326707 -9.491888 1.197361
v 4.413241 -9.681725 1.221308
v 4.511700 -9.681725 0.782854
v 3.496163 -9.700735 1.980552
v 4.887692 -8.870962 2.768843
v 4.985446 -9.048382 2.824220
v 3.566086 -9.894750 2.020163
v 5.234685 -8.801359 2.320376
v 3.953559 -9.320216 2.784411
v 4.032630 -9.506620 2.840099
v 5.339379 -8.977387 2.366784
v 4.833567 -9.071715 2.142573
v 3.574898 -9.546264 2.517727
v 3.646396 -9.737189 2.568082
v 4.930238 -9.253149 2.185424
v 4.525033 -9.260173 2.005809
v 3.285200 -9.700735 2.313699
v 3.350904 -9.894750 2.359973
v 4.615533 -9.445377 2.045925
v 2.624563 -9.700735 3.042598
v 3.669182 -8.870962 4.253602
v 3.742566 -9.048382 4.338674
v 2.677055 -9.894750 3.103450
v 3.502210 -9.320216 3.334381
v 3.158519 -9.320216 3.661602
v 3.221690 -9.506620 3.734834
v 3.572254 -9.506620 3.401069
v 1.446122 -9.700735 3.748929
v 2.021701 -8.870962 5.241064
v 2.062135 -9.048382 5.345885
v 1.475044 -9.894750 3.823908
v 1.942742 -9.006150 5.036369
v 1.439736 -9.006150 5.202539
v 1.468531 -9.186273 5.306590
v 1.981597 -9.186273 5.137096
v 1.822123 -9.198736 4.723677
v 1.350348 -9.198736 4.879530
v 1.377355 -9.382711 4.977121
v 1.858566 -9.382711 4.818150
v 1.699035 -9.378855 4.404583
v 1.259129 -9.378855 4.549909
v 1.284312 -9.566432 4.640907
v 1.733016 -9.566432 4.492675
v 1.573645 -9.546264 4.079521
v 1.166204 -9.546264 4.214121
v 1.189528 -9.737189 4.298403
v 1.605118 -9.737189 4.161111
v 0.098611 -9.700735 4.016966
v 0.137860 -8.870962 5.615783
v 0.140617 -9.048382 5.728099
v 0.100583 -9.894750 4.097305
v 0.633528 -9.135913 5.136509
v -0.380728 -9.135913 5.161408
v -0.388343 -9.318632 5.264636
v 0.646199 -9.318632 5.239240
v 0.563759 -9.436082 4.570835
v -0.338799 -9.436082 4.592992
v -0.345575 -9.624804 4.684852
v 0.575034 -9.624804 4.662252
v -1.260428 -9.700735 3.815371
v -1.762099 -8.870962 5.333951
v -1.797341 -9.048382 5.440630
v -1.285637 -9.894750 3.891679
v -1.059498 -9.320216 4.718160
v -2.320376 -8.801359 5.234685
v -2.366784 -8.977387 5.339379
v -1.080688 -9.506620 4.812524
v -0.958022 -9.546264 4.266268
v -2.142573 -9.071715 4.833567
v -2.185424 -9.253149 4.930238
v -0.977183 -9.737189 4.351593
v -0.880387 -9.700735 3.920543
v -2.005809 -9.260173 4.525033
v -2.045925 -9.445377 4.615533
v -0.897995 -9.894750 3.998954
v -2.472109 -9.700735 3.167715
v -3.456048 -8.870962 4.428516
v -3.525169 -9.048382 4.517087
v -2.521551 -9.894750 3.231069
v -2.828614 -9.071715 4.466870
v -3.252824 -9.071715 4.168108
v -3.317880 -9.253149 4.251470
v -2.885187 -9.253149 4.556207
v -2.587065 -9.320216 4.085422
v -2.975049 -9.320216 3.812172
v -3.034550 -9.506620 3.888416
v -2.638806 -9.506620 4.167130
v -2.401780 -9.491888 3.792825
v -2.761977 -9.491888 3.539146
v -2.817216 -9.681725 3.609929
v -2.449816 -9.681725 3.868682
v -3.394770 -9.700735 2.149715
v -4.745944 -8.870962 3.005336
v -4.840863 -9.048382 3.065442
v -3.462666 -9.894750 2.192709
v -4.168108 -9.071715 3.252824
v -4.722614 -9.071715 2.377164
v -4.817066 -9.253149 2.424707
v -4.251470 -9.253149 3.317880
v -3.812172 -9.320216 2.975049
v -4.319326 -9.320216 2.174166
v -4.405712 -9.506620 2.217649
v -3.888416 -9.506620 3.034550
v -3.539146 -9.491888 2.761977
v -4.009977 -9.491888 2.018453
v -4.090177 -9.681725 2.058822
v -3.609929 -9.681725 2.817216
v -3.920543 -9.700735 0.880387
v -5.480982 -8.870962 1.230796
v -5.590602 -9.048382 1.255412
v -3.998954 -9.894750 0.897995
v -4.151822 -9.546264 1.371577
v -5.247391 -9.071715 0.647204
v -5.352339 -9.253149 0.660148
v -4.234858 -9.737189 1.399008
v -3.987957 -9.700735 -0.491868
v -5.575229 -8.870962 -0.687639
v -5.686734 -9.048382 -0.701392
v -4.067717 -9.894750 -0.501705
v -4.371193 -9.546264 -0.107307
v -5.158686 -9.071715 -1.158422
v -5.261860 -9.253149 -1.181590
v -4.458617 -9.737189 -0.109453
v -3.589132 -9.700735 -1.806617
v -5.017665 -8.870962 -2.525680
v -5.118018 -9.048382 -2.576194
v -3.660915 -9.894750 -1.842750
v -5.036369 -9.006150 -1.942742
v -4.560586 -9.006150 -2.887959
v -4.651798 -9.186273 -2.945719
v -5.137096 -9.186273 -1.981597
v -4.723677 -9.198736 -1.822123
v -4.277434 -9.198736 -2.708655
v -4.362983 -9.382711 -2.762828
v -4.818150 -9.382711 -1.858566
v -4.404583 -9.378855 -1.699035
v -3.988485 -9.378855 -2.525680
v -4.068255 -9.566432 -2.576194
v -4.492675 -9.566432 -1.733016
v -4.079521 -9.546264 -1.573645
v -3.694131 -9.546264 -2.339283
v -3.768014 -9.737189 -2.386068
v -4.161111 -9.737189 -1.605118
v -2.770695 -9.700735 -2.910152
v -3.873477 -8.870962 -4.068440
v -3.950946 -9.048382 -4.149809
v -2.826109 -9.894750 -2.968355
v -4.335712 -8.801359 -3.740010
v -2.975049 -9.320216 -3.812172
v -3.034550 -9.506620 -3.888416
v -4.422426 -8.977387 -3.814811
v -4.003479 -9.071715 -3.453425
v -2.690107 -9.546264 -3.447053
v -2.743909 -9.737189 -3.515994
v -4.083549 -9.253149 -3.522493
v -3.747931 -9.260173 -3.232987
v -2.472109 -9.700735 -3.167715
v -2.521551 -9.894750 -3.231069
v -3.822889 -9.445377 -3.297647
v -1.628331 -9.700735 -3.673456
v -2.276433 -8.870962 -5.135550
v -2.321962 -9.048382 -5.238261
v -1.660898 -9.894750 -3.746925
v -2.383486 -9.320216 -4.207442
v -1.959608 -9.320216 -4.420804
v -1.998800 -9.506620 -4.509220
v -2.431156 -9.506620 -4.291591
v -0.295595 -9.700735 -4.007289
v -0.413247 -8.870962 -5.602254
v -0.421512 -9.048382 -5.714299
v -0.301507 -9.894750 -4.087434
v -0.960374 -8.870962 -5.534773
v 0.115857 -9.378855 -4.719497
v 0.118174 -9.566432 -4.813887
v -0.979582 -9.048382 -5.645468
v -0.865568 -9.198736 -4.988391
v 0.101525 -9.650695 -4.135670
v 0.103556 -9.843709 -4.218384
v -0.882879 -9.382711 -5.088159
v 1.071699 -9.700735 -3.872622
v 1.498252 -8.870962 -5.413988
v 1.528217 -9.048382 -5.522268
v 1.093133 -9.894750 -3.950074
v 1.410151 -9.071715 -5.095632
v 1.902820 -9.071715 -4.932876
v 1.940877 -9.253149 -5.031533
v 1.438354 -9.253149 -5.197544
v 1.289731 -9.320216 -4.660490
v 1.740329 -9.320216 -4.511633
v 1.775135 -9.506620 -4.601865
v 1.315526 -9.506620 -4.753700
v 1.197361 -9.491888 -4.326707
v 1.615687 -9.491888 -4.188511
v 1.648001 -9.681725 -4.272281
v 1.221308 -9.681725 -4.413241
v 2.313699 -9.700735 -3.285200
v 3.234588 -8.870962 -4.592762
v 3.299280 -9.048382 -4.684618
v 2.359973 -9.894750 -3.350904
v 2.383486 -9.320216 -4.207442
v 3.158519 -9.320216 -3.661602
v 3.221690 -9.506620 -3.734834
v 2.431156 -9.506620 -4.291591
v 3.285200 -9.700735 -2.313699
v 4.592762 -8.870962 -3.234588
v 4.684618 -9.048382 -3.299280
v 3.350904 -9.894750 -2.359973
v 4.413387 -9.006150 -3.108258
v 4.696798 -9.006150 -2.660703
v 4.790734 -9.186273 -2.713917
v 4.501655 -9.186273 -3.170423
v 4.231354 -9.135913 -2.980056
v 4.503075 -9.135913 -2.550961
v 4.593137 -9.318632 -2.601980
v 4.315981 -9.318632 -3.039657
v 3.953559 -9.320216 -2.784411
v 4.207442 -9.320216 -2.383486
v 4.291591 -9.506620 -2.431156
v 4.032630 -9.506620 -2.840099
v 3.765363 -9.436082 -2.651868
v 4.007160 -9.436082 -2.270028
v 4.087303 -9.624804 -2.315429
v 3.840670 -9.624804 -2.704905
v 3.574898 -9.546264 -2.517727
v 3.804464 -9.546264 -2.155202
v 3.880554 -9.737189 -2.198307
v 3.646396 -9.737189 -2.568082
v 3.872622 -9.700735 -1.071699
v 5.413988 -8.870962 -1.498252
v 5.522268 -9.048382 -1.528217
v 3.950074 -9.894750 -1.093133
v 4.987957 -9.135913 -1.380353
v 5.099236 -9.135913 -0.884801
v 5.201221 -9.318632 -0.902497
v 5.087716 -9.318632 -1.407961
v 4.438642 -9.436082 -1.228338
v 4.537667 -9.436082 -0.787360
v 4.628420 -9.624804 -0.803107
v 4.527415 -9.624804 -1.252904
v 2.266693 -10.244872 0.393309
v 3.959019 -9.700735 0.686955
v 4.038199 -9.894750 0.700694
v 2.312027 -10.449770 0.401175
v 3.604536 -9.842060 0.625446
v 3.525875 -9.842060 0.975741
v 3.596392 -10.038901 0.995256
v 3.676627 -10.038901 0.637955
v 3.124377 -10.009713 0.542131
v 3.056194 -10.009713 0.845763
v 3.117318 -10.209908 0.862678
v 3.186864 -10.209908 0.552973
v 2.759254 -10.119649 0.478776
v 2.699039 -10.119649 0.746925
v 2.753020 -10.322042 0.761863
v 2.814439 -10.322042 0.488352
v 2.001690 -10.244872 1.133943
v 3.496163 -9.700735 1.980552
v 3.566086 -9.894750 2.020163
v 2.041724 -10.449770 1.156622
v 3.673456 -9.700735 1.628331
v 2.491990 -10.047874 1.755057
v 2.541829 -10.248831 1.790158
v 3.746925 -9.894750 1.660898
v 3.122719 -9.928877 1.384206
v 1.983551 -10.215869 1.396974
v 2.023222 -10.420187 1.424914
v 3.185174 -10.127454 1.411890
v 1.502665 -10.244872 1.742007
v 2.624563 -9.700735 3.042598
v 2.677055 -9.894750 3.103450
v 1.532719 -10.449770 1.776847
v 2.561911 -9.886213 2.439142
v 2.310497 -9.886213 2.678508
v 2.356707 -10.083937 2.732078
v 2.613149 -10.083937 2.487925
v 2.118029 -10.084520 2.016531
v 1.910176 -10.084520 2.214425
v 1.948379 -10.286211 2.258713
v 2.160390 -10.286211 2.056862
v 0.827961 -10.244872 2.146409
v 1.446122 -9.700735 3.748929
v 1.475044 -9.894750 3.823908
v 0.844520 -10.449770 2.189337
v 1.699035 -9.796424 3.375403
v 1.007880 -9.796424 3.642011
v 1.028038 -9.992353 3.714852
v 1.733016 -9.992353 3.442911
v 1.590430 -9.886213 3.159641
v 0.943455 -9.886213 3.409207
v 0.962324 -10.083937 3.477391
v 1.622238 -10.083937 3.222834
v 1.425746 -10.009713 2.832470
v 0.845763 -10.009713 3.056194
v 0.862678 -10.209908 3.117318
v 1.454261 -10.209908 2.889119
v 1.314869 -10.084520 2.612196
v 0.779990 -10.084520 2.818521
v 0.795590 -10.286211 2.874892
v 1.341166 -10.286211 2.664440
v 1.203200 -10.153253 2.390348
v 0.713747 -10.153253 2.579151
v 0.728022 -10.356318 2.630734
v 1.227264 -10.356318 2.438155
v 0.056459 -10.244872 2.299870
v 0.098611 -9.700735 4.016966
v 0.100583 -9.894750 4.097305
v 0.057588 -10.449770 2.345868
v 0.462577 -9.796424 3.750479
v 0.092739 -9.796424 3.777760
v 0.094594 -9.992353 3.853315
v 0.471829 -9.992353 3.825488
v 0.433009 -9.886213 3.510741
v 0.086811 -9.886213 3.536278
v 0.088547 -10.083937 3.607004
v 0.441669 -10.083937 3.580956
v 0.388172 -10.009713 3.147215
v 0.077822 -10.009713 3.170107
v 0.079378 -10.209908 3.233510
v 0.395935 -10.209908 3.210159
v 0.357985 -10.084520 2.902463
v 0.071770 -10.084520 2.923576
v 0.073205 -10.286211 2.982047
v 0.365144 -10.286211 2.960513
v 0.327582 -10.153253 2.655964
v 0.065675 -10.153253 2.675283
v 0.066988 -10.356318 2.728789
v 0.334134 -10.356318 2.709083
v -0.721645 -10.244872 2.184449
v -1.260428 -9.700735 3.815371
v -1.285637 -9.894750 3.891679
v -0.736078 -10.449770 2.228138
v -0.827961 -9.796424 3.687079
v -1.531366 -9.796424 3.454705
v -1.561993 -9.992353 3.523799
v -0.844520 -9.992353 3.760820
v -0.775036 -9.886213 3.451394
v -1.433478 -9.886213 3.233874
v -1.462147 -10.083937 3.298551
v -0.790537 -10.083937 3.520421
v -0.694784 -10.009713 3.094012
v -1.285046 -10.009713 2.899016
v -1.310746 -10.209908 2.956997
v -0.708679 -10.209908 3.155893
v -0.640752 -10.084520 2.853399
v -1.185111 -10.084520 2.673567
v -1.208813 -10.286211 2.727038
v -0.653567 -10.286211 2.910467
v -0.586335 -10.153253 2.611066
v -1.084462 -10.153253 2.446507
v -1.106151 -10.356318 2.495437
v -0.598061 -10.356318 2.663287
v -1.415379 -10.244872 1.813641
v -2.472109 -9.700735 3.167715
v -2.521551 -9.894750 3.231069
v -1.443687 -10.449770 1.849913
v -2.276433 -9.599202 3.594880
v -2.271111 -9.970046 2.385422
v -2.316533 -10.169447 2.433131
v -2.321962 -9.791186 3.666778
v -2.085865 -9.749314 3.293941
v -2.016531 -10.084520 2.118029
v -2.056862 -10.286211 2.160390
v -2.127582 -9.944300 3.359820
v -1.892470 -9.886213 2.988537
v -1.759219 -10.185328 1.847766
v -1.794404 -10.389035 1.884721
v -1.930320 -10.083937 3.048308
v -1.696511 -10.009713 2.679083
v -1.499523 -10.272332 1.574998
v -1.529513 -10.477779 1.606498
v -1.730441 -10.209908 2.732665
v -1.943639 -10.244872 1.230796
v -3.394770 -9.700735 2.149715
v -3.462666 -9.894750 2.192709
v -1.982512 -10.449770 1.255412
v -2.679083 -10.009713 1.696511
v -2.832470 -10.009713 1.425746
v -2.889119 -10.209908 1.454261
v -2.732665 -10.209908 1.730441
v -2.244664 -10.244872 0.504056
v -3.920543 -9.700735 0.880387
v -3.998954 -9.894750 0.897995
v -2.289558 -10.449770 0.514137
v -3.588170 -9.796424 1.185371
v -3.687079 -9.796424 0.827961
v -3.760820 -9.992353 0.844520
v -3.659933 -9.992353 1.209079
v -3.358807 -9.886213 1.109600
v -3.451394 -9.886213 0.775036
v -3.520421 -10.083937 0.790537
v -3.425983 -10.083937 1.131792
v -3.011013 -10.009713 0.994704
v -3.094012 -10.009713 0.694784
v -3.155893 -10.209908 0.708679
v -3.071233 -10.209908 1.014598
v -2.776854 -10.084520 0.917349
v -2.853399 -10.084520 0.640752
v -2.910467 -10.286211 0.653567
v -2.832391 -10.286211 0.935696
v -2.541022 -10.153253 0.839440
v -2.611066 -10.153253 0.586335
v -2.663287 -10.356318 0.598061
v -2.591843 -10.356318 0.856229
v -2.283262 -10.244872 -0.281613
v -3.987957 -9.700735 -0.491868
v -4.067717 -9.894750 -0.501705
v -2.328927 -10.449770 -0.287246
v -4.016966 -9.700735 -0.098611
v -2.973929 -10.047874 -0.667818
v -3.033408 -10.248831 -0.681175
v -4.097305 -9.894750 -0.100583
v -3.414729 -9.928877 -0.083827
v -2.367161 -10.215869 -0.531564
v -2.414504 -10.420187 -0.542195
v -3.483024 -10.127454 -0.085503
v -2.054919 -10.244872 -1.034359
v -3.589132 -9.700735 -1.806617
v -3.660915 -9.894750 -1.842750
v -2.096017 -10.449770 -1.055046
v -2.832470 -10.009713 -1.425746
v -2.679083 -10.009713 -1.696511
v -2.732665 -10.209908 -1.730441
v -2.889119 -10.209908 -1.454261
v -1.586331 -10.244872 -1.666176
v -2.770695 -9.700735 -2.910152
v -2.826109 -9.894750 -2.968355
v -1.618058 -10.449770 -1.699500
v -2.678508 -9.886213 -2.310497
v -2.176285 -9.886213 -2.788652
v -2.219811 -10.083937 -2.844425
v -2.732078 -10.083937 -2.356707
v -2.214425 -10.084520 -1.910176
v -1.799218 -10.084520 -2.305485
v -1.835203 -10.286211 -2.351595
v -2.258713 -10.286211 -1.948379
v -0.932283 -10.244872 -2.103197
v -1.628331 -9.700735 -3.673456
v -1.660898 -9.894750 -3.746925
v -0.950929 -10.449770 -2.145261
v -1.623438 -9.970046 -2.865769
v -1.334726 -9.599202 -4.040274
v -1.361421 -9.791186 -4.121080
v -1.655907 -10.169447 -2.923085
v -1.502348 -10.047874 -2.652016
v -1.260428 -9.700735 -3.815371
v -1.285637 -9.894750 -3.891679
v -1.532395 -10.248831 -2.705056
v -1.319040 -10.153253 -2.328431
v -1.147572 -9.842060 -3.473750
v -1.170524 -10.038901 -3.543225
v -1.345420 -10.356318 -2.374999
v -1.195825 -10.215869 -2.110927
v -1.071461 -9.928877 -3.243359
v -1.092890 -10.127454 -3.308226
v -1.219742 -10.420187 -2.153145
v -1.071891 -10.272332 -1.892152
v -0.994704 -10.009713 -3.011013
v -1.014598 -10.209908 -3.071233
v -1.093328 -10.477779 -1.929995
v -0.169240 -10.244872 -2.294330
v -0.295595 -9.700735 -4.007289
v -0.301507 -9.894750 -4.087434
v -0.172625 -10.449770 -2.340216
v -0.625446 -9.842060 -3.604536
v -0.269128 -9.842060 -3.648484
v -0.274511 -10.038901 -3.721453
v -0.637955 -10.038901 -3.676627
v -0.542131 -10.009713 -3.124377
v -0.233278 -10.009713 -3.162470
v -0.237943 -10.209908 -3.225720
v -0.552973 -10.209908 -3.186864
v -0.478776 -10.119649 -2.759254
v -0.206016 -10.119649 -2.792896
v -0.210137 -10.322042 -2.848754
v -0.488352 -10.322042 -2.814439
v 0.613590 -10.244872 -2.217228
v 1.071699 -9.700735 -3.872622
v 1.093133 -9.894750 -3.950074
v 0.625861 -10.449770 -2.261572
v 0.727449 -9.599202 -4.192390
v 1.185371 -9.970046 -3.072959
v 1.209079 -10.169447 -3.134419
v 0.741998 -9.791186 -4.276237
v 0.666551 -9.749314 -3.841431
v 1.052497 -10.084520 -2.728497
v 1.073547 -10.286211 -2.783067
v 0.679882 -9.944300 -3.918259
v 0.604751 -9.886213 -3.485265
v 0.918197 -10.185328 -2.380337
v 0.936561 -10.389035 -2.427944
v 0.616846 -10.083937 -3.554971
v 0.542131 -10.009713 -3.124377
v 0.782653 -10.272332 -2.028951
v 0.798306 -10.477779 -2.069530
v 0.552973 -10.209908 -3.186864
v 1.324683 -10.244872 -1.880905
v 2.313699 -9.700735 -3.285200
v 2.359973 -9.894750 -3.350904
v 1.351177 -10.449770 -1.918523
v 2.097298 -9.599202 -3.702250
v 2.151328 -9.970046 -2.493987
v 2.194355 -10.169447 -2.543867
v 2.139244 -9.791186 -3.776295
v 1.980552 -9.700735 -3.496163
v 1.990864 -10.047874 -2.307964
v 2.030681 -10.248831 -2.354124
v 2.020163 -9.894750 -3.566086
v 1.803217 -9.842060 -3.183123
v 1.747949 -10.153253 -2.026359
v 1.782908 -10.356318 -2.066886
v 1.839281 -10.038901 -3.246785
v 1.683621 -9.928877 -2.972007
v 1.584669 -10.215869 -1.837072
v 1.616363 -10.420187 -1.873813
v 1.717293 -10.127454 -3.031447
v 1.563011 -10.009713 -2.759100
v 1.420435 -10.272332 -1.646679
v 1.448844 -10.477779 -1.679613
v 1.594271 -10.209908 -2.814282
v 1.880905 -10.244872 -1.324683
v 3.285200 -9.700735 -2.313699
v 3.350904 -9.894750 -2.359973
v 1.918523 -10.449770 -1.351177
v 3.089570 -9.796424 -2.175920
v 3.287970 -9.796424 -1.862612
v 3.353729 -9.992353 -1.899864
v 3.151361 -9.992353 -2.219439
v 2.792672 -9.928877 -1.966821
v 2.972007 -9.928877 -1.683621
v 3.031447 -10.127454 -1.717293
v 2.848525 -10.127454 -2.006158
v 2.491990 -10.047874 -1.755057
v 2.652016 -10.047874 -1.502348
v 2.705056 -10.248831 -1.532395
v 2.541829 -10.248831 -1.790158
v 2.187930 -10.153253 -1.540914
v 2.328431 -10.153253 -1.319040
v 2.374999 -10.356318 -1.345420
v 2.231689 -10.356318 -1.571732
v 2.217228 -10.244872 -0.613590
v 3.872622 -9.700735 -1.071699
v 3.950074 -9.894750 -1.093133
v 2.261572 -10.449770 -0.625861
v 3.748929 -9.700735 -1.446122
v 3.003116 -10.047874 -0.521090
v 3.063178 -10.248831 -0.531512
v 3.823908 -9.894750 -1.475044
v 3.186878 -9.928877 -1.229314
v 2.390392 -10.215869 -0.414772
v 2.438200 -10.420187 -0.423068
v 3.250615 -10.127454 -1.253901
v 0.507625 -10.487352 0.088081
v 2.266693 -10.244872 0.393309
v 2.312027 -10.449770 0.401175
v 0.517778 -10.697099 0.089843
v 1.790236 -10.345415 0.132056
v 1.730074 -10.345415 0.478776
v 1.764676 -10.552324 0.488352
v 1.826041 -10.552324 0.134697
v 1.154197 -10.436023 0.085139
v 1.115410 -10.436023 0.308676
v 1.137718 -10.644744 0.314849
v 1.177281 -10.644744 0.086841
v 0.448278 -10.487352 0.253946
v 2.001690 -10.244872 1.133943
v 2.041724 -10.449770 1.156622
v 0.457244 -10.697099 0.259025
v 1.872711 -10.298245 0.830116
v 1.782328 -10.298245 1.009677
v 1.817975 -10.504210 1.029870
v 1.910166 -10.504210 0.846718
v 1.641098 -10.345415 0.727449
v 1.561893 -10.345415 0.884801
v 1.593131 -10.552324 0.902497
v 1.673920 -10.552324 0.741998
v 1.291867 -10.404478 0.572645
v 1.229518 -10.404478 0.696513
v 1.254108 -10.612567 0.710443
v 1.317705 -10.612567 0.584098
v 1.058045 -10.436023 0.468999
v 1.006981 -10.436023 0.570447
v 1.027120 -10.644744 0.581856
v 1.079206 -10.644744 0.478379
v 0.823586 -10.461282 0.365070
v 0.783837 -10.461282 0.444038
v 0.799514 -10.670508 0.452919
v 0.840057 -10.670508 0.372372
v 0.336522 -10.487352 0.390122
v 1.502665 -10.244872 1.742007
v 1.532719 -10.449770 1.776847
v 0.343252 -10.697099 0.397924
v 1.483583 -10.298245 1.412488
v 1.337991 -10.298245 1.551103
v 1.364751 -10.504210 1.582125
v 1.513254 -10.504210 1.440738
v 1.300096 -10.345415 1.237794
v 1.172510 -10.345415 1.359265
v 1.195961 -10.552324 1.386451
v 1.326098 -10.552324 1.262550
v 1.023432 -10.404478 0.974388
v 0.922997 -10.404478 1.070010
v 0.941457 -10.612567 1.091410
v 1.043900 -10.612567 0.993876
v 0.838195 -10.436023 0.798028
v 0.755939 -10.436023 0.876343
v 0.771057 -10.644744 0.893870
v 0.854959 -10.644744 0.813989
v 0.652454 -10.461282 0.621188
v 0.588425 -10.461282 0.682148
v 0.600193 -10.670508 0.695791
v 0.665503 -10.670508 0.633611
v 0.185422 -10.487352 0.480688
v 0.827961 -10.244872 2.146409
v 0.844520 -10.449770 2.189337
v 0.189130 -10.697099 0.490302
v 0.635345 -10.404478 1.262213
v 0.647075 -10.215869 2.338227
v 0.660016 -10.420187 2.384991
v 0.648052 -10.612567 1.287457
v 0.405042 -10.461282 0.804681
v 0.512600 -10.322608 1.852299
v 0.522852 -10.529060 1.889345
v 0.413143 -10.670508 0.820774
v 0.231645 -10.487352 0.460199
v 0.410916 -10.386353 1.484861
v 0.419135 -10.594080 1.514558
v 0.236277 -10.697099 0.469403
v 0.012644 -10.487352 0.515055
v 0.056459 -10.244872 2.299870
v 0.057588 -10.449770 2.345868
v 0.012897 -10.697099 0.525357
v 0.047166 -10.322608 1.921340
v -0.141385 -10.322608 1.916711
v -0.144213 -10.529060 1.955046
v 0.048110 -10.529060 1.959767
v 0.034679 -10.404478 1.412672
v -0.103954 -10.404478 1.409269
v -0.106033 -10.612567 1.437454
v 0.035373 -10.612567 1.440925
v 0.025257 -10.449440 1.028870
v -0.075711 -10.449440 1.026391
v -0.077225 -10.658428 1.046919
v 0.025762 -10.658428 1.049447
v -0.161612 -10.487352 0.489207
v -0.721645 -10.244872 2.184449
v -0.736078 -10.449770 2.228138
v -0.164844 -10.697099 0.498991
v -0.421095 -10.322608 1.875220
v -0.778841 -10.322608 1.757037
v -0.794418 -10.529060 1.792178
v -0.429517 -10.529060 1.912725
v -0.309611 -10.404478 1.378762
v -0.572645 -10.404478 1.291867
v -0.584098 -10.612567 1.317705
v -0.315804 -10.612567 1.406337
v -0.225495 -10.449440 1.004173
v -0.417066 -10.449440 0.940886
v -0.425408 -10.658428 0.959704
v -0.230005 -10.658428 1.024257
v -0.316974 -10.487352 0.406164
v -1.415379 -10.244872 1.813641
v -1.443687 -10.449770 1.849913
v -0.323313 -10.697099 0.414288
v -0.756004 -10.404478 1.193860
v -1.672901 -10.215869 1.757103
v -1.706359 -10.420187 1.792245
v -0.771124 -10.612567 1.217738
v -0.481964 -10.461282 0.761105
v -1.325241 -10.322608 1.391944
v -1.351746 -10.529060 1.419783
v -0.491604 -10.670508 0.776327
v -0.275636 -10.487352 0.435277
v -1.062354 -10.386353 1.115826
v -1.083602 -10.594080 1.138142
v -0.281149 -10.697099 0.443983
v -0.435277 -10.487352 0.275636
v -1.943639 -10.244872 1.230796
v -1.982512 -10.449770 1.255412
v -0.443983 -10.697099 0.281149
v -1.614887 -10.298245 1.260270
v -1.730639 -10.298245 1.095915
v -1.765252 -10.504210 1.117833
v -1.647185 -10.504210 1.285476
v -1.415161 -10.345415 1.104402
v -1.516596 -10.345415 0.960374
v -1.546928 -10.552324 0.979582
v -1.443464 -10.552324 1.126490
v -1.114010 -10.404478 0.869382
v -1.193860 -10.404478 0.756004
v -1.217738 -10.612567 0.771124
v -1.136291 -10.612567 0.886770
v -0.912379 -10.436023 0.712028
v -0.977777 -10.436023 0.619170
v -0.997333 -10.644744 0.631554
v -0.930627 -10.644744 0.726268
v -0.710199 -10.461282 0.554245
v -0.761105 -10.461282 0.481964
v -0.776327 -10.670508 0.491604
v -0.724403 -10.670508 0.565330
v -0.502692 -10.487352 0.112883
v -2.244664 -10.244872 0.504056
v -2.289558 -10.449770 0.514137
v -0.512746 -10.697099 0.115141
v -2.422524 -10.185328 0.800294
v -1.529083 -10.386353 0.188594
v -1.559665 -10.594080 0.192366
v -2.470974 -10.389035 0.816300
v -2.064910 -10.272332 0.682154
v -1.148629 -10.436023 0.141670
v -1.171602 -10.644744 0.144503
v -2.106208 -10.477779 0.695797
v -1.704498 -10.345415 0.563090
v -0.766619 -10.471550 0.094553
v -0.781951 -10.680981 0.096444
v -1.738588 -10.552324 0.574352
v -1.341776 -10.404478 0.443263
v -0.383569 -10.492885 0.047309
v -0.391241 -10.702743 0.048255
v -1.368611 -10.612567 0.452128
v -0.511336 -10.487352 -0.063067
v -2.283262 -10.244872 -0.281613
v -2.328927 -10.449770 -0.287246
v -0.521563 -10.697099 -0.064329
v -2.299870 -10.244872 -0.056459
v -1.254082 -10.421035 -0.281613
v -1.279163 -10.629456 -0.287246
v -2.345868 -10.449770 -0.057588
v -1.667508 -10.366665 -0.040935
v -0.628223 -10.480240 -0.141072
v -0.640788 -10.689845 -0.143894
v -1.700858 -10.573998 -0.041754
v -0.460199 -10.487352 -0.231645
v -2.054919 -10.244872 -1.034359
v -2.096017 -10.449770 -1.055046
v -0.469403 -10.697099 -0.236277
v -1.674815 -10.345415 -0.646048
v -1.603427 -10.345415 -0.807097
v -1.635495 -10.552324 -0.823239
v -1.708312 -10.552324 -0.658968
v -1.079784 -10.436023 -0.416518
v -1.033758 -10.436023 -0.520350
v -1.054433 -10.644744 -0.530757
v -1.101379 -10.644744 -0.424849
v -0.355259 -10.487352 -0.373140
v -1.586331 -10.244872 -1.666176
v -1.618058 -10.449770 -1.699500
v -0.362364 -10.697099 -0.380603
v -1.412488 -10.298245 -1.483583
v -1.260270 -10.298245 -1.614887
v -1.285476 -10.504210 -1.647185
v -1.440738 -10.504210 -1.513254
v -1.150161 -10.366665 -1.208052
v -1.026213 -10.366665 -1.314970
v -1.046737 -10.573998 -1.341270
v -1.173164 -10.573998 -1.232213
v -0.886275 -10.421035 -0.930884
v -0.790765 -10.421035 -1.013271
v -0.806580 -10.629456 -1.033537
v -0.904000 -10.629456 -0.949501
v -0.621188 -10.461282 -0.652454
v -0.554245 -10.461282 -0.710199
v -0.565330 -10.670508 -0.724403
v -0.633611 -10.670508 -0.665503
v -0.208785 -10.487352 -0.471011
v -0.932283 -10.244872 -2.103197
v -0.950929 -10.449770 -2.145261
v -0.212960 -10.697099 -0.480431
v -0.572645 -10.404478 -1.291867
v -0.443263 -10.404478 -1.341776
v -0.452128 -10.612567 -1.368611
v -0.584098 -10.612567 -1.317705
v -0.037901 -10.487352 -0.513815
v -0.169240 -10.244872 -2.294330
v -0.172625 -10.449770 -2.340216
v -0.038659 -10.697099 -0.524091
v -0.103954 -10.404478 -1.409269
v 0.034679 -10.404478 -1.412672
v 0.035373 -10.612567 -1.440925
v -0.106033 -10.612567 -1.437454
v 0.137413 -10.487352 -0.496548
v 0.613590 -10.244872 -2.217228
v 0.625861 -10.449770 -2.261572
v 0.140161 -10.697099 -0.506479
v 0.546347 -10.298245 -1.974246
v 0.737226 -10.298245 -1.911188
v 0.751971 -10.504210 -1.949411
v 0.557274 -10.504210 -2.013730
v 0.444880 -10.366665 -1.607589
v 0.600309 -10.366665 -1.556242
v 0.612315 -10.573998 -1.587367
v 0.453777 -10.573998 -1.639740
v 0.342809 -10.421035 -1.238753
v 0.462577 -10.421035 -1.199187
v 0.471829 -10.629456 -1.223171
v 0.349665 -10.629456 -1.263528
v 0.240274 -10.461282 -0.868239
v 0.324219 -10.461282 -0.840507
v 0.330704 -10.670508 -0.857317
v 0.245079 -10.670508 -0.885603
v 0.296662 -10.487352 -0.421228
v 1.324683 -10.244872 -1.880905
v 1.351177 -10.449770 -1.918523
v 0.302596 -10.697099 -0.429653
v 1.179513 -10.298245 -1.674780
v 1.337991 -10.298245 -1.551103
v 1.364751 -10.504210 -1.582125
v 1.203104 -10.504210 -1.708276
v 0.960454 -10.366665 -1.363740
v 1.089499 -10.366665 -1.263032
v 1.111289 -10.573998 -1.288293
v 0.979663 -10.573998 -1.391015
v 0.740093 -10.421035 -1.050852
v 0.839531 -10.421035 -0.973250
v 0.856322 -10.629456 -0.992715
v 0.754895 -10.629456 -1.071869
v 0.518729 -10.461282 -0.736539
v 0.588425 -10.461282 -0.682148
v 0.600193 -10.670508 -0.695791
v 0.529104 -10.670508 -0.751270
v 0.421228 -10.487352 -0.296662
v 1.880905 -10.244872 -1.324683
v 1.918523 -10.449770 -1.351177
v 0.429653 -10.697099 -0.302596
v 1.742007 -10.244872 -1.502665
v 1.118333 -10.421035 -0.633528
v 1.140700 -10.629456 -0.646199
v 1.776847 -10.449770 -1.532719
v 1.263032 -10.366665 -1.089499
v 0.560221 -10.480240 -0.317361
v 0.571425 -10.689845 -0.323708
v 1.288293 -10.573998 -1.111289
v 0.496548 -10.487352 -0.137413
v 2.217228 -10.244872 -0.613590
v 2.261572 -10.449770 -0.625861
v 0.506479 -10.697099 -0.140161
v 1.974246 -10.298245 -0.546347
v 2.018290 -10.298245 -0.350207
v 2.058656 -10.504210 -0.357211
v 2.013730 -10.504210 -0.557274
v 1.607589 -10.366665 -0.444880
v 1.643453 -10.366665 -0.285166
v 1.676323 -10.573998 -0.290870
v 1.639740 -10.573998 -0.453777
v 1.238753 -10.421035 -0.342809
v 1.266389 -10.421035 -0.219739
v 1.291717 -10.629456 -0.224134
v 1.263528 -10.629456 -0.349665
v 0.868239 -10.461282 -0.240274
v 0.887609 -10.461282 -0.154015
v 0.905361 -10.670508 -0.157095
v 0.885603 -10.670508 -0.245079

f 1 2 3 4
f 5 6 7 8
f 9 10 11 12
f 13 14 15 16
f 17 18 19 20
f 21 22 23 24
f 25 26 27 28
f 29 30 31 32
f 33 34 35 36
f 37 38 39 40
f 41 42 43 44
f 45 46 47 48
f 49 50 51 52
f 53 54 55 56
f 57 58 59 60
f 61 62 63 64
f 65 66 67 68
f 69 70 71 72
f 73 74 75 76
f 77 78 79 80
f 81 82 83 84
f 85 86 87 88
f 89 90 91 92
f 93 94 95 96
f 97 98 99 100
f 101 102 103 104
f 105 106 107 108
f 109 110 111 112
f 113 114 115 116
f 117 118 119 120
f 121 122 123 124
f 125 126 127 128
f 129 130 131 132
f 133 134 135 136
f 137 138 139 140
f 141 142 143 144
f 145 146 147 148
f 149 150 151 152
f 153 154 155 156
f 157 158 159 160
f 161 162 163 164
f 165 166 167 168
f 169 170 171 172
f 173 174 175 176
f 177 178 179 180
f 181 182 183 184
f 185 186 187 188
f 189 190 191 192
f 193 194 195 196
f 197 198 199 200
f 201 202 203 204
f 205 206 207 208
f 209 210 211 212
f 213 214 215 216
f 217 218 219 220
f 221 222 223 224
f 225 226 227 228
f 229 230 231 232
f 233 234 235 236
f 237 238 239 240
f 241 242 243 244
f 245 246 247 248
f 249 250 251 252
f 253 254 255 256
f 257 258 259 260
f 261 262 263 264
f 265 266 267 268
f 269 270 271 272
f 273 274 275 276
f 277 278 279 280
f 281 282 283 284
f 285 286 287 288
f 289 290 291 292
f 293 294 295 296
f 297 298 299 300
f 301 302 303 304
f 305 306 307 308
f 309 310 311 312
f 313 314 315 316
f 317 318 319 320
f 321 322 323 324
f 325 326 327 328
f 329 330 331 332
f 333 334 335 336
f 337 338 339 340
f 341 342 343 344
f 345 346 347 348
f 349 350 351 352
f 353 354 355 356
f 357 358 359 360
f 361 362 363 364
f 365 366 367 368
f 369 370 371 372
f 373 374 375 376
f 377 378 379 380
f 381 382 383 384
f 385 386 387 388
f 389 390 391 392
f 393 394 395 396
f 397 398 399 400
f 401 402 403 404
f 405 406 407 408
f 409 410 411 412
f 413 414 415 416
f 417 418 419 420
f 421 422 423 424
f 425 426 427 428
f 429 430 431 432
f 433 434 435 436
f 437 438 439 440
f 441 442 443 444
f 445 446 447 448
f 449 450 451 452
f 453 454 455 456
f 457 458 459 460
f 461 462 463 464
f 465 466 467 468
f 469 470 471 472
f 473 474 475 476
f 477 478 479 480
f 481 482 483 484
f 485 486 487 488
f 489 490 491 492
f 493 494 495 496
f 497 498 499 500
f 501 502 503 504
f 505 506 507 508
f 509 510 511 512
f 513 514 515 516
f 517 518 519 520
f 521 522 523 524
f 525 526 527 528
f 529 530 531 532
f 533 534 535 536
f 537 538 539 540
f 541 542 543 544
f 545 546 547 548
f 549 550 551 552
f 553 554 555 556
f 557 558 559 560
f 561 562 563 564
f 565 566 567 568
f 569 570 571 572
f 573 574 575 576
f 577 578 579 580
f 581 582 583 584
f 585 586 587 588
f 589 590 591 592
f 593 594 595 596
f 597 598 599 600
f 601 602 603 604
f 605 606 607 608
f 609 610 611 612
f 613 614 615 616
f 617 618 619 620
f 621 622 623 624
f 625 626 627 628
f 629 630 631 632
f 633 634 635 636
f 637 638 639 640
f 641 642 643 644
f 645 646 647 648
f 649 650 651 652
f 653 654 655 656
f 657 658 659 660
f 661 662 663 664
f 665 666 667 668
f 669 670 671 672
f 673 674 675 676
f 677 678 679 680
f 681 682 683 684
f 685 686 687 688
f 689 690 691 692
f 693 694 695 696
f 697 698 699 700
f 701 702 703 704
f 705 706 707 708
f 709 710 711 712
f 713 714 715 716
f 717 718 719 720
f 721 722 723 724
f 725 726 727 728
f 729 730 731 732
f 733 734 735 736
f 737 738 739 740
f 741 742 743 744
f 745 746 747 748
f 749 750 751 752
f 753 754 755 756
f 757 758 759 760
f 761 762 763 764
f 765 766 767 768
f 769 770 771 772
f 773 774 775 776
f 777 778 779 780
f 781 782 783 784
f 785 786 787 788
f 789 790 791 792
f 793 794 795 796
f 797 798 799 800
f 801 802 803 804
f 805 806 807 808
f 809 810 811 812
f 813 814 815 816
f 817 818 819 820
f 821 822 823 824
f 825 826 827 828
f 829 830 831 832
f 833 834 835 836
f 837 838 839 840
f 841 842 843 844
f 845 846 847 848
f 849 850 851 852
f 853 854 855 856
f 857 858 859 860
f 861 862 863 864
f 865 866 867 868
f 869 870 871 872
f 873 874 875 876
f 877 878 879 880
f 881 882 883 884
f 885 886 887 888
f 889 890 891 892
f 893 894 895 896
f 897 898 899 900
f 901 902 903 904
f 905 906 907 908
f 909 910 911 912
f 913 914 915 916
f 917 918 919 920
f 921 922 923 924
f 925 926 927 928
f 929 930 931 932
f 933 934 935 936
f 937 938 939 940
f 941 942 943 944
f 945 946 947 948
f 949 950 951 952
f 953 954 955 956
f 957 958 959 960
f 961 962 963 964
f 965 966 967 968
f 969 970 971 972
f 973 974 975 976
f 977 978 979 980
f 981 982 983 984
f 985 986 987 988
f 989 990 991 992
f 993 994 995 996
f 997 998 999 1000
f 1001 1002 1003 1004
f 1005 1006 1007 1008
f 1009 1010 1011 1012
f 1013 1014 1015 1016
f 1017 1018 1019 1020
f 1021 1022 1023 1024
f 1025 1026 1027 1028
f 1029 1030 1031 1032
f 1033 1034 1035 1036
f 1037 1038 1039 1040
f 1041 1042 1043 1044
f 1045 1046 1047 1048
f 1049 1050 1051 1052
f 1053 1054 1055 1056
f 1057 1058 1059 1060
f 1061 1062 1063 1064
f 1065 1066 1067 1068
f 1069 1070 1071 1072
f 1073 1074 1075 1076
f 1077 1078 1079 1080
f 1081 1082 1083 1084
f 1085 1086 1087 1088
f 1089 1090 1091 1092
f 1093 1094 1095 1096
f 1097 1098 1099 1100
f 1101 1102 1103 1104
f 1105 1106 1107 1108
f 1109 1110 1111 1112
f 1113 1114 1115 1116
f 1117 1118 1119 1120
f 1121 1122 1123 1124
f 1125 1126 1127 1128
f 1129 1130 1131 1132
f 1133 1134 1135 1136
f 1137 1138 1139 1140
f 1141 1142 1143 1144
f 1145 1146 1147 1148
f 1149 1150 1151 1152
f 1153 1154 1155 1156
f 1157 1158 1159 1160
f 1161 1162 1163 1164
f 1165 1166 1167 1168
f 1169 1170 1171 1172
f 1173 1174 1175 1176
f 1177 1178 1179 1180
f 1181 1182 1183 1184
f 1185 1186 1187 1188
f 1189 1190 1191 1192
f 1193 1194 1195 1196
f 1197 1198 1199 1200
f 1201 1202 1203 1204
f 1205 1206 1207 1208
f 1209 1210 1211 1212
f 1213 1214 1215 1216
f 1217 1218 1219 1220
f 1221 1222 1223 1224
f 1225 1226 1227 1228
f 1229 1230 1231 1232
f 1233 1234 1235 1236
f 1237 1238 1239 1240
f 1241 1242 1243 1244
f 1245 1246 1247 1248
f 1249 1250 1251 1252
f 1253 1254 1255 1256
f 1257 1258 1259 1260
f 1261 1262 1263 1264
f 1265 1266 1267 1268
f 1269 1270 1271 1272
f 1273 1274 1275 1276
f 1277 1278 1279 1280
f 1281 1282 1283 1284
f 1285 1286 1287 1288
f 1289 1290 1291 1292
f 1293 1294 1295 1296
f 1297 1298 1299 1300
f 1301 1302 1303 1304
f 1305 1306 1307 1308
f 1309 1310 1311 1312
f 1313 1314 1315 1316
f 1317 1318 1319 1320
f 1321 1322 1323 1324
f 1325 1326 1327 1328
f 1329 1330 1331 1332
f 1333 1334 1335 1336
f 1337 1338 1339 1340
f 1341 1342 1343 1344
f 1345 1346 1347 1348
f 1349 1350 1351 1352
f 1353 1354 1355 1356
f 1357 1358 1359 1360
f 1361 1362 1363 1364
f 1365 1366 1367 1368
f 1369 1370 1371 1372
f 1373 1374 1375 1376
f 1377 1378 1379 1380
f 1381 1382 1383 1384
f 1385 1386 1387 1388
f 1389 1390 1391 1392
f 1393 1394 1395 1396
f 1397 1398 1399 1400
f 1401 1402 1403 1404
f 1405 1406 1407 1408
f 1409 1410 1411 1412
f 1413 1414 1415 1416
f 1417 1418 1419 1420
f 1421 1422 1423 1424
f 1425 1426 1427 1428
f 1429 1430 1431 1432
f 1433 1434 1435 1436
f 1437 1438 1439 1440
f 1441 1442 1443 1444
f 1445 1446 1447 1448
f 1449 1450 1451 1452
f 1453 1454 1455 1456
f 1457 1458 1459 1460
f 1461 1462 1463 1464
f 1465 1466 1467 1468
f 1469 1470 1471 1472
f 1473 1474 1475 1476
f 1477 1478 1479 1480
f 1481 1482 1483 1484
f 1485 1486 1487 1488
f 1489 1490 1491 1492
f 1493 1494 1495 1496
f 1497 1498 1499 1500
f 1501 1502 1503 1504
f 1505 1506 1507 1508
f 1509 1510 1511 1512
f 1513 1514 1515 1516
f 1517 1518 1519 1520
f 1521 1522 1523 1524
f 1525 1526 1527 1528
f 1529 1530 1531 1532
f 1533 1534 1535 1536
f 1537 1538 1539 1540
f 1541 1542 1543 1544
f 1545 1546 1547 1548
f 1549 1550 1551 1552
f 1553 1554 1555 1556
f 1557 1558 1559 1560
f 1561 1562 1563 1564
f 1565 1566 1567 1568
f 1569 1570 1571 1572
f 1573 1574 1575 1576
f 1577 1578 1579 1580
f 1581 1582 1583 1584
f 1585 1586 1587 1588
f 1589 1590 1591 1592
f 1593 1594 1595 1596
f 1597 1598 1599 1600
f 1601 1602 1603 1604
f 1605 1606 1607 1608
f 1609 1610 1611 1612
f 1613 1614 1615 1616
f 1617 1618 1619 1620
f 1621 1622 1623 1624
f 1625 1626 1627 1628
f 1629 1630 1631 1632
f 1633 1634 1635 1636
f 1637 1638 1639 1640
f 1641 1642 1643 1644
f 1645 1646 1647 1648
f 1649 1650 1651 1652
f 1653 1654 1655 1656
f 1657 1658 1659 1660
f 1661 1662 1663 1664
f 1665 1666 1667 1668
f 1669 1670 1671 1672
f 1673 1674 1675 1676
f 1677 1678 1679 1680
f 1681 1682 1683 1684
f 1685 1686 1687 1688
f 1689 1690 1691 1692
f 1693 1694 1695 1696
f 1697 1698 1699 1700
f 1701 1702 1703 1704
f 1705 1706 1707 1708
f 1709 1710 1711 1712
f 1713 1714 1715 1716
f 1717 1718 1719 1720
f 1721 1722 1723 1724
f 1725 1726 1727 1728
f 1729 1730 1731 1732
f 1733 1734 1735 1736
f 1737 1738 1739 1740
f 1741 1742 1743 1744
f 1745 1746 1747 1748
f 1749 1750 1751 1752
f 1753 1754 1755 1756
f 1757 1758 1759 1760
f 1761 1762 1763 1764
f 1765 1766 1767 1768
f 1769 1770 1771 1772
f 1773 1774 1775 1776
f 1777 1778 1779 1780
f 1781 1782 1783 1784
f 1785 1786 1787 1788
f 1789 1790 1791 1792
f 1793 1794 1795 1796
f 1797 1798 1799 1800
f 1801 1802 1803 1804
f 1805 1806 1807 1808
f 1809 1810 1811 1812
f 1813 1814 1815 1816
f 1817 1818 1819 1820
f 1821 1822 1823 1824
f 1825 1826 1827 1828
f 1829 1830 1831 1832
f 1833 1834 1835 1836
f 1837 1838 1839 1840
f 1841 1842 1843 1844
f 1845 1846 1847 1848
f 1849 1850 1851 1852
f 1853 1854 1855 1856
f 1857 1858 1859 1860
f 1861 1862 1863 1864
f 1865 1866 1867 1868
f 1869 1870 1871 1872
f 1873 1874 1875 1876
f 1877 1878 1879 1880
f 1881 1882 1883 1884
f 1885 1886 1887 1888
f 1889 1890 1891 1892
f 1893 1894 1895 1896
f 1897 1898 1899 1900
f 1901 1902 1903 1904
f 1905 1906 1907 1908
f 1909 1910 1911 1912
f 1913 1914 1915 1916
f 1917 1918 1919 1920
f 1921 1922 1923 1924
f 1925 1926 1927 1928
f 1929 1930 1931 1932
f 1933 1934 1935 1936
f 1937 1938 1939 1940
f 1941 1942 1943 1944
f 1945 1946 1947 1948
f 1949 1950 1951 1952
f 1953 1954 1955 1956
f 1957 1958 1959 1960
f 1961 1962 1963 1964
f 1965 1966 1967 1968
f 1969 1970 1971 1972
f 1973 1974 1975 1976
f 1977 1978 1979 1980
f 1981 1982 1983 1984
f 1985 1986 1987 1988
f 1989 1990 1991 1992
f 1993 1994 1995 1996
f 1997 1998 1999 2000
f 2001 2002 2003 2004
f 2005 2006 2007 2008
f 2009 2010 2011 2012
f 2013 2014 2015 2016
f 2017 2018 2019 2020
f 2021 2022 2023 2024
f 2025 2026 2027 2028
f 2029 2030 2031 2032
f 2033 2034 2035 2036
f 2037 2038 2039 2040
f 2041 2042 2043 2044
f 2045 2046 2047 2048
f 2049 2050 2051 2052
f 2053 2054 2055 2056
f 2057 2058 2059 2060
f 2061 2062 2063 2064
f 2065 2066 2067 2068
f 2069 2070 2071 2072
f 2073 2074 2075 2076
f 2077 2078 2079 2080
f 2081 2082 2083 2084
f 2085 2086 2087 2088
f 2089 2090 2091 2092
f 2093 2094 2095 2096
f 2097 2098 2099 2100
f 2101 2102 2103 2104
f 2105 2106 2107 2108
f 2109 2110 2111 2112
f 2113 2114 2115 2116
f 2117 2118 2119 2120
f 2121 2122 2123 2124
f 2125 2126 2127 2128
f 2129 2130 2131 2132
f 2133 2134 2135 2136
f 2137 2138 2139 2140
f 2141 2142 2143 2144
f 2145 2146 2147 2148
f 2149 2150 2151 2152
f 2153 2154 2155 2156
f 2157 2158 2159 2160
f 2161 2162 2163 2164
f 2165 2166 2167 2168
f 2169 2170 2171 2172
f 2173 2174 2175 2176
f 2177 2178 2179 2180
f 2181 2182 2183 2184
f 2185 2186 2187 2188
f 2189 2190 2191 2192
f 2193 2194 2195 2196
f 2197 2198 2199 2200
f 2201 2202 2203 2204
f 2205 2206 2207 2208
f 2209 2210 2211 2212
f 2213 2214 2215 2216
f 2217 2218 2219 2220
f 2221 2222 2223 2224
f 2225 2226 2227 2228
f 2229 2230 2231 2232
f 2233 2234 2235 2236
f 2237 2238 2239 2240
f 2241 2242 2243 2244
f 2245 2246 2247 2248
f 2249 2250 2251 2252
f 2253 2254 2255 2256
f 2257 2258 2259 2260
f 2261 2262 2263 2264
f 2265 2266 2267 2268
f 2269 2270 2271 2272
f 2273 2274 2275 2276
f 2277 2278 2279 2280
f 2281 2282 2283 2284
f 2285 2286 2287 2288
f 2289 2290 2291 2292
f 2293 2294 2295 2296
f 2297 2298 2299 2300
f 2301 2302 2303 2304
f 2305 2306 2307 2308
f 2309 2310 2311 2312
f 2313 2314 2315 2316
f 2317 2318 2319 2320
f 2321 2322 2323 2324
f 2325 2326 2327 2328
f 2329 2330 2331 2332
f 2333 2334 2335 2336
f 2337 2338 2339 2340
f 2341 2342 2343 2344
f 2345 2346 2347 2348
f 2349 2350 2351 2352
f 2353 2354 2355 2356
f 2357 2358 2359 2360
f 2361 2362 2363 2364
f 2365 2366 2367 2368
f 2369 2370 2371 2372
f 2373 2374 2375 2376
f 2377 2378 2379 2380
f 2381 2382 2383 2384
f 2385 2386 2387 2388
f 2389 2390 2391 2392
f 2393 2394 2395 2396
f 2397 2398 2399 2400
f 2401 2402 2403 2404
f 2405 2406 2407 2408
f 2409 2410 2411 2412
f 2413 2414 2415 2416
f 2417 2418 2419 2420
f 2421 2422 2423 2424
f 2425 2426 2427 2428
f 2429 2430 2431 2432
f 2433 2434 2435 2436
f 2437 2438 2439 2440
f 2441 2442 2443 2444
f 2445 2446 2447 2448
f 2449 2450 2451 2452
f 2453 2454 2455 2456
f 2457 2458 2459 2460
f 2461 2462 2463 2464
f 2465 2466 2467 2468
f 2469 2470 2471 2472
f 2473 2474 2475 2476
f 2477 2478 2479 2480
f 2481 2482 2483 2484
f 2485 2486 2487 2488
f 2489 2490 2491 2492
f 2493 2494 2495 2496
f 2497 2498 2499 2500
f 2501 2502 2503 2504
f 2505 2506 2507 2508
f 2509 2510 2511 2512
f 2513 2514 2515 2516
f 2517 2518 2519 2520
f 2521 2522 2523 2524
f 2525 2526 2527 2528
f 2529 2530 2531 2532
f 2533 2534 2535 2536
f 2537 2538 2539 2540
f 2541 2542 2543 2544
f 2545 2546 2547 2548
f 2549 2550 2551 2552
f 2553 2554 2555 2556
f 2557 2558 2559 2560
f 2561 2562 2563 2564
f 2565 2566 2567 2568
f 2569 2570 2571 2572
f 2573 2574 2575 2576
f 2577 2578 2579 2580
f 2581 2582 2583 2584
f 2585 2586 2587 2588
f 2589 2590 2591 2592
f 2593 2594 2595 2596
f 2597 2598 2599 2600
f 2601 2602 2603 2604
f 2605 2606 2607 2608
f 2609 2610 2611 2612
f 2613 2614 2615 2616
f 2617 2618 2619 2620
f 2621 2622 2623 2624
f 2625 2626 2627 2628
f 2629 2630 2631 2632
f 2633 2634 2635 2636
f 2637 2638 2639 2640
f 2641 2642 2643 2644
f 2645 2646 2647 2648
f 2649 2650 2651 2652
f 2653 2654 2655 2656
f 2657 2658 2659 2660
f 2661 2662 2663 2664
f 2665 2666 2667 2668
f 2669 2670 2671 2672
f 2673 2674 2675 2676
f 2677 2678 2679 2680
f 2681 2682 2683 2684
f 2685 2686 2687 2688
f 2689 2690 2691 2692
f 2693 2694 2695 2696
f 2697 2698 2699 2700
f 2701 2702 2703 2704
f 2705 2706 2707 2708
f 2709 2710 2711 2712
f 2713 2714 2715 2716
f 2717 2718 2719 2720
f 2721 2722 2723 2724
f 2725 2726 2727 2728
f 2729 2730 2731 2732
f 2733 2734 2735 2736
f 2737 2738 2739 2740
f 2741 2742 2743 2744
f 2745 2746 2747 2748
f 2749 2750 2751 2752
f 2753 2754 2755 2756
f 2757 2758 2759 2760
f 2761 2762 2763 2764
f 2765 2766 2767 2768
f 2769 2770 2771 2772
f 2773 2774 2775 2776
f 2777 2778 2779 2780
f 2781 2782 2783 2784
f 2785 2786 2787 2788
f 2789 2790 2791 2792
f 2793 2794 2795 2796
f 2797 2798 2799 2800
f 2801 2802 2803 2804
f 2805 2806 2807 2808
f 2809 2810 2811 2812
f 2813 2814 2815 2816
f 2817 2818 2819 2820
f 2821 2822 2823 2824
f 2825 2826 2827 2828
f 2829 2830 2831 2832
f 2833 2834 2835 2836
f 2837 2838 2839 2840
f 2841 2842 2843 2844
f 2845 2846 2847 2848
f 2849 2850 2851 2852
f 2853 2854 2855 2856
f 2857 2858 2859 2860
f 2861 2862 2863 2864
f 2865 2866 2867 2868
f 2869 2870 2871 2872
f 2873 2874 2875 2876
f 2877 2878 2879 2880
f 2881 2882 2883 2884
f 2885 2886 2887 2888
f 2889 2890 2891 2892
f 2893 2894 2895 2896
f 2897 2898 2899 2900
f 2901 2902 2903 2904
f 2905 2906 2907 2908
f 2909 2910 2911 2912
f 2913 2914 2915 2916
f 2917 2918 2919 2920
f 2921 2922 2923 2924
f 2925 2926 2927 2928
f 2929 2930 2931 2932
f 2933 2934 2935 2936
f 2937 2938 2939 2940
f 2941 2942 2943 2944
f 2945 2946 2947 2948
f 2949 2950 2951 2952
f 2953 2954 2955 2956
f 2957 2958 2959 2960
f 2961 2962 2963 2964
f 2965 2966 2967 2968
f 2969 2970 2971 2972
f 2973 2974 2975 2976
f 2977 2978 2979 2980
f 2981 2982 2983 2984
f 2985 2986 2987 2988
f 2989 2990 2991 2992
f 2993 2994 2995 2996
f 2997 2998 2999 3000
f 3001 3002 3003 3004
f 3005 3006 3007 3008
f 3009 3010 3011 3012
f 3013 3014 3015 3016
f 3017 3018 3019 3020
f 3021 3022 3023 3024
f 3025 3026 3027 3028
f 3029 3030 3031 3032
f 3033 3034 3035 3036
f 3037 3038 3039 3040
f 3041 3042 3043 3044
f 3045 3046 3047 3048
f 3049 3050 3051 3052
f 3053 3054 3055 3056
f 3057 3058 3059 3060
f 3061 3062 3063 3064
f 3065 3066 3067 3068
f 3069 3070 3071 3072
f 3073 3074 3075 3076
f 3077 3078 3079 3080
f 3081 3082 3083 3084
f 3085 3086 3087 3088
f 3089 3090 3091 3092
f 3093 3094 3095 3096
f 3097 3098 3099 3100
f 3101 3102 3103 3104
f 3105 3106 3107 3108
f 3109 3110 3111 3112
f 3113 3114 3115 3116
f 3117 3118 3119 3120
f 3121 3122 3123 3124
f 3125 3126 3127 3128
f 3129 3130 3131 3132
f 3133 3134 3135 3136
f 3137 3138 3139 3140
f 3141 3142 3143 3144
f 3145 3146 3147 3148
f 3149 3150 3151 3152
f 3153 3154 3155 3156
f 3157 3158 3159 3160
f 3161 3162 3163 3164
f 3165 3166 3167 3168
f 3169 3170 3171 3172
f 3173 3174 3175 3176
f 3177 3178 3179 3180
f 3181 3182 3183 3184
f 3185 3186 3187 3188
f 3189 3190 3191 3192
f 3193 3194 3195 3196
f 3197 3198 3199 3200
f 3201 3202 3203 3204
f 3205 3206 3207 3208
f 3209 3210 3211 3212
f 3213 3214 3215 3216
f 3217 3218 3219 3220
f 3221 3222 3223 3224
f 3225 3226 3227 3228
f 3229 3230 3231 3232
f 3233 3234 3235 3236
f 3237 3238 3239 3240
f 3241 3242 3243 3244
f 3245 3246 3247 3248
f 3249 3250 3251 3252
f 3253 3254 3255 3256
f 3257 3258 3259 3260
f 3261 3262 3263 3264
f 3265 3266 3267 3268
f 3269 3270 3271 3272
f 3273 3274 3275 3276
f 3277 3278 3279 3280
f 3281 3282 3283 3284
f 3285 3286 3287 3288
f 3289 3290 3291 3292
f 3293 3294 3295 3296
f 3297 3298 3299 3300
f 3301 3302 3303 3304
f 3305 3306 3307 3308
f 3309 3310 3311 3312
f 3313 3314 3315 3316
f 3317 3318 3319 3320
f 3321 3322 3323 3324
f 3325 3326 3327 3328
f 3329 3330 3331 3332
f 3333 3334 3335 3336
f 3337 3338 3339 3340
f 3341 3342 3343 3344
f 3345 3346 3347 3348
f 3349 3350 3351 3352
f 3353 3354 3355 3356
f 3357 3358 3359 3360
f 3361 3362 3363 3364
f 3365 3366 3367 3368
f 3369 3370 3371 3372
f 3373 3374 3375 3376
f 3377 3378 3379 3380
f 3381 3382 3383 3384
f 3385 3386 3387 3388
f 3389 3390 3391 3392
f 3393 3394 3395 3396
f 3397 3398 3399 3400
f 3401 3402 3403 3404
f 3405 3406 3407 3408
f 3409 3410 3411 3412
f 3413 3414 3415 3416
f 3417 3418 3419 3420
f 3421 3422 3423 3424
f 3425 3426 3427 3428
f 3429 3430 3431 3432
f 3433 3434 3435 3436
f 3437 3438 3439 3440
f 3441 3442 3443 3444
f 3445 3446 3447 3448
f 3449 3450 3451 3452
f 3453 3454 3455 3456
f 3457 3458 3459 3460
f 3461 3462 3463 3464
f 3465 3466 3467 3468
f 3469 3470 3471 3472
f 3473 3474 3475 3476
f 3477 3478 3479 3480
f 3481 3482 3483 3484
f 3485 3486 3487 3488
f 3489 3490 3491 3492
f 3493 3494 3495 3496
f 3497 3498 3499 3500
f 3501 3502 3503 3504
f 3505 3506 3507 3508
f 3509 3510 3511 3512
f 3513 3514 3515 3516
f 3517 3518 3519 3520
f 3521 3522 3523 3524
f 3525 3526 3527 3528
f 3529 3530 3531 3532
f 3533 3534 3535 3536
f 3537 3538 3539 3540
f 3541 3542 3543 3544
f 3545 3546 3547 3548
f 3549 3550 3551 3552
f 3553 3554 3555 3556
f 3557 3558 3559 3560
f 3561 3562 3563 3564
f 3565 3566 3567 3568
f 3569 3570 3571 3572
f 3573 3574 3575 3576
f 3577 3578 3579 3580
f 3581 3582 3583 3584
f 3585 3586 3587 3588
f 3589 3590 3591 3592
f 3593 3594 3595 3596
f 3597 3598 3599 3600
f 3601 3602 3603 3604
f 3605 3606 3607 3608
f 3609 3610 3611 3612
f 3613 3614 3615 3616
f 3617 3618 3619 3620
f 3621 3622 3623 3624
f 3625 3626 3627 3628
f 3629 3630 3631 3632
f 3633 3634 3635 3636
f 3637 3638 3639 3640
f 3641 3642 3643 3644
f 3645 3646 3647 3648
f 3649 3650 3651 3652
f 3653 3654 3655 3656
f 3657 3658 3659 3660
f 3661 3662 3663 3664
f 3665 3666 3667 3668
f 3669 3670 3671 3672
f 3673 3674 3675 3676
f 3677 3678 3679 3680
f 3681 3682 3683 3684
f 3685 3686 3687 3688
f 3689 3690 3691 3692
f 3693 3694 3695 3696
f 3697 3698 3699 3700
f 3701 3702 3703 3704
f 3705 3706 3707 3708
f 3709 3710 3711 3712
f 3713 3714 3715 3716
f 3717 3718 3719 3720
f 3721 3722 3723 3724
f 3725 3726 3727 3728
f 3729 3730 3731 3732
f 3733 3734 3735 3736
f 3737 3738 3739 3740
f 3741 3742 3743 3744
f 3745 3746 3747 3748
f 3749 3750 3751 3752
f 3753 3754 3755 3756
f 3757 3758 3759 3760
f 3761 3762 3763 3764
f 3765 3766 3767 3768
f 3769 3770 3771 3772
f 3773 3774 3775 3776
f 3777 3778 3779 3780
f 3781 3782 3783 3784
f 3785 3786 3787 3788
f 3789 3790 3791 3792
f 3793 3794 3795 3796
f 3797 3798 3799 3800
f 3801 3802 3803 3804
f 3805 3806 3807 3808
f 3809 3810 3811 3812
f 3813 3814 3815 3816
f 3817 3818 3819 3820
f 3821 3822 3823 3824
f 3825 3826 3827 3828
f 3829 3830 3831 3832
f 3833 3834 3835 3836
f 3837 3838 3839 3840
f 3841 3842 3843 3844
f 3845 3846 3847 3848
f 3849 3850 3851 3852
f 3853 3854 3855 3856
f 3857 3858 3859 3860
f 3861 3862 3863 3864
f 3865 3866 3867 3868
f 3869 3870 3871 3872
f 3873 3874 3875 3876
f 3877 3878 3879 3880
f 3881 3882 3883 3884
f 3885 3886 3887 3888
f 3889 3890 3891 3892
f 3893 3894 3895 3896
f 3897 3898 3899 3900
f 3901 3902 3903 3904
f 3905 3906 3907 3908
f 3909 3910 3911 3912
f 3913 3914 3915 3916
f 3917 3918 3919 3920
f 3921 3922 3923 3924
f 3925 3926 3927 3928
f 3929 3930 3931 3932
f 3933 3934 3935 3936
f 3937 3938 3939 3940
f 3941 3942 3943 3944
f 3945 3946 3947 3948
f 3949 3950 3951 3952
f 3953 3954 3955 3956
f 3957 3958 3959 3960
f 3961 3962 3963 3964
f 3965 3966 3967 3968
f 3969 3970 3971 3972
f 3973 3974 3975 3976
f 3977 3978 3979 3980
f 3981 3982 3983 3984
f 3985 3986 3987 3988
f 3989 3990 3991 3992
f 3993 3994 3995 3996
f 3997 3998 3999 4000
f 4001 4002 4003 4004
f 4005 4006 4007 4008
f 4009 4010 4011 4012
f 4013 4014 4015 4016
f 4017 4018 4019 4020
f 4021 4022 4023 4024
f 4025 4026 4027 4028
f 4029 4030 4031 4032
f 4033 4034 4035 4036
f 4037 4038 4039 4040
f 4041 4042 4043 4044
f 4045 4046 4047 4048
f 4049 4050 4051 4052
f 4053 4054 4055 4056
f 4057 4058 4059 4060
f 4061 4062 4063 4064
f 4065 4066 4067 4068
f 4069 4070 4071 4072
f 4073 4074 4075 4076
f 4077 4078 4079 4080
f 4081 4082 4083 4084
f 4085 4086 4087 4088
f 4089 4090 4091 4092
f 4093 4094 4095 4096
f 4097 4098 4099 4100
f 4101 4102 4103 4104
f 4105 4106 4107 4108
f 4109 4110 4111 4112
f 4113 4114 4115 4116
f 4117 4118 4119 4120
f 4121 4122 4123 4124
f 4125 4126 4127 4128
f 4129 4130 4131 4132
f 4133 4134 4135 4136
f 4137 4138 4139 4140
f 4141 4142 4143 4144
f 4145 4146 4147 4148
f 4149 4150 4151 4152
f 4153 4154 4155 4156
f 4157 4158 4159 4160
f 4161 4162 4163 4164
f 4165 4166 4167 4168
f 4169 4170 4171 4172
f 4173 4174 4175 4176
f 4177 4178 4179 4180
f 4181 4182 4183 4184
f 4185 4186 4187 4188
f 4189 4190 4191 4192
f 4193 4194 4195 4196
f 4197 4198 4199 4200
f 4201 4202 4203 4204
f 4205 4206 4207 4208
f 4209 4210 4211 4212
f 4213 4214 4215 4216
f 4217 4218 4219 4220
f 4221 4222 4223 4224
f 4225 4226 4227 4228
f 4229 4230 4231 4232
f 4233 4234 4235 4236
f 4237 4238 4239 4240
f 4241 4242 4243 4244
f 4245 4246 4247 4248
f 4249 4250 4251 4252
f 4253 4254 4255 4256
f 4257 4258 4259 4260
f 4261 4262 4263 4264
f 4265 4266 4267 4268
f 4269 4270 4271 4272
f 4273 4274 4275 4276
f 4277 4278 4279 4280
f 4281 4282 4283 4284
f 4285 4286 4287 4288
f 4289 4290 4291 4292
f 4293 4294 4295 4296
f 4297 4298 4299 4300
f 4301 4302 4303 4304
f 4305 4306 4307 4308
f 4309 4310 4311 4312
f 4313 4314 4315 4316
f 4317 4318 4319 4320
f 4321 4322 4323 4324
f 4325 4326 4327 4328
f 4329 4330 4331 4332
f 4333 4334 4335 4336
f 4337 4338 4339 4340
f 4341 4342 4343 4344
f 4345 4346 4347 4348
f 4349 4350 4351 4352
f 4353 4354 4355 4356
f 4357 4358 4359 4360
f 4361 4362 4363 4364
f 4365 4366 4367 4368
f 4369 4370 4371 4372
f 4373 4374 4375 4376
f 4377 4378 4379 4380
f 4381 4382 4383 4384
f 4385 4386 4387 4388
f 4389 4390 4391 4392
f 4393 4394 4395 4396
f 4397 4398 4399 4400
f 4401 4402 4403 4404
f 4405 4406 4407 4408
f 4409 4410 4411 4412
f 4413 4414 4415 4416
f 4417 4418 4419 4420
f 4421 4422 4423 4424
f 4425 4426 4427 4428
f 4429 4430 4431 4432
f 4433 4434 4435 4436
f 4437 4438 4439 4440
f 4441 4442 4443 4444
f 4445 4446 4447 4448
f 4449 4450 4451 4452
f 4453 4454 4455 4456
f 4457 4458 4459 4460
f 4461 4462 4463 4464
f 4465 4466 4467 4468
f 4469 4470 4471 4472
f 4473 4474 4475 4476
f 4477 4478 4479 4480
f 4481 4482 4483 4484
f 4485 4486 4487 4488
f 4489 4490 4491 4492
f 4493 4494 4495 4496
f 4497 4498 4499 4500
f 4501 4502 4503 4504
f 4505 4506 4507 4508
f 4509 4510 4511 4512
f 4513 4514 4515 4516
f 4517 4518 4519 4520
f 4521 4522 4523 4524
f 4525 4526 4527 4528
f 4529 4530 4531 4532
f 4533 4534 4535 4536
f 4537 4538 4539 4540
f 4541 4542 4543 4544
f 4545 4546 4547 4548
f 4549 4550 4551 4552
f 4553 4554 4555 4556
f 4557 4558 4559 4560
f 4561 4562 4563 4564
f 4565 4566 4567 4568
f 4569 4570 4571 4572
f 4573 4574 4575 4576
f 4577 4578 4579 4580
f 4581 4582 4583 4584
f 4585 4586 4587 4588
f 4589 4590 4591 4592
f 4593 4594 4595 4596
f 4597 4598 4599 4600
f 4601 4602 4603 4604
f 4605 4606 4607 4608
f 4609 4610 4611 4612
f 4613 4614 4615 4616
f 4617 4618 4619 4620
f 4621 4622 4623 4624
f 4625 4626 4627 4628
f 4629 4630 4631 4632
f 4633 4634 4635 4636
f 4637 4638 4639 4640
f 4641 4642 4643 4644
f 4645 4646 4647 4648
f 4649 4650 4651 4652
f 4653 4654 4655 4656
f 4657 4658 4659 4660
f 4661 4662 4663 4664
f 4665 4666 4667 4668
f 4669 4670 4671 4672
f 4673 4674 4675 4676
f 4677 4678 4679 4680
f 4681 4682 4683 4684
f 4685 4686 4687 4688
f 4689 4690 4691 4692
f 4693 4694 4695 4696
f 4697 4698 4699 4700
f 4701 4702 4703 4704
f 4705 4706 4707 4708
f 4709 4710 4711 4712
f 4713 4714 4715 4716
f 4717 4718 4719 4720
f 4721 4722 4723 4724
f 4725 4726 4727 4728
f 4729 4730 4731 4732
f 4733 4734 4735 4736
f 4737 4738 4739 4740
f 4741 4742 4743 4744
f 4745 4746 4747 4748
f 4749 4750 4751 4752
f 4753 4754 4755 4756
f 4757 4758 4759 4760
f 4761 4762 4763 4764
f 4765 4766 4767 4768
f 4769 4770 4771 4772
f 4773 4774 4775 4776
f 4777 4778 4779 4780
f 4781 4782 4783 4784
f 4785 4786 4787 4788
f 4789 4790 4791 4792
f 4793 4794 4795 4796
f 4797 4798 4799 4800
f 4801 4802 4803 4804
f 4805 4806 4807 4808
f 4809 4810 4811 4812
f 4813 4814 4815 4816
f 4817 4818 4819 4820
f 4821 4822 4823 4824
f 4825 4826 4827 4828
f 4829 4830 4831 4832
f 4833 4834 4835 4836
f 4837 4838 4839 4840
f 4841 4842 4843 4844
f 4845 4846 4847 4848
f 4849 4850 4851 4852
f 4853 4854 4855 4856
f 4857 4858 4859 4860
f 4861 4862 4863 4864
f 4865 4866 4867 4868
f 4869 4870 4871 4872
f 4873 4874 4875 4876
f 4877 4878 4879 4880
f 4881 4882 4883 4884
f 4885 4886 4887 4888
f 4889 4890 4891 4892
f 4893 4894 4895 4896
f 4897 4898 4899 4900
f 4901 4902 4903 4904
f 4905 4906 4907 4908
f 4909 4910 4911 4912
f 4913 4914 4915 4916
f 4917 4918 4919 4920
f 4921 4922 4923 4924
f 4925 4926 4927 4928
f 4929 4930 4931 4932
f 4933 4934 4935 4936
f 4937 4938 4939 4940
f 4941 4942 4943 4944
f 4945 4946 4947 4948
f 4949 4950 4951 4952
f 4953 4954 4955 4956
f 4957 4958 4959 4960
f 4961 4962 4963 4964
f 4965 4966 4967 4968
f 4969 4970 4971 4972
f 4973 4974 4975 4976
f 4977 4978 4979 4980
f 4981 4982 4983 4984
f 4985 4986 4987 4988
f 4989 4990 4991 4992
f 4993 4994 4995 4996
f 4997 4998 4999 5000
f 5001 5002 5003 5004
f 5005 5006 5007 5008
f 5009 5010 5011 5012
f 5013 5014 5015 5016
f 5017 5018 5019 5020
f 5021 5022 5023 5024
f 5025 5026 5027 5028
f 5029 5030 5031 5032
f 5033 5034 5035 5036
f 5037 5038 5039 5040
f 5041 5042 5043 5044
f 5045 5046 5047 5048
f 5049 5050 5051 5052
f 5053 5054 5055 5056
f 5057 5058 5059 5060
f 5061 5062 5063 5064
f 5065 5066 5067 5068
f 5069 5070 5071 5072
f 5073 5074 5075 5076
f 5077 5078 5079 5080
f 5081 5082 5083 5084
f 5085 5086 5087 5088
f 5089 5090 5091 5092
f 5093 5094 5095 5096
f 5097 5098 5099 5100
f 5101 5102 5103 5104
f 5105 5106 5107 5108
f 5109 5110 5111 5112
f 5113 5114 5115 5116
f 5117 5118 5119 5120
f 5121 5122 5123 5124
f 5125 5126 5127 5128
f 5129 5130 5131 5132
f 5133 5134 5135 5136
f 5137 5138 5139 5140
f 5141 5142 5143 5144
f 5145 5146 5147 5148
f 5149 5150 5151 5152
f 5153 5154 5155 5156
f 5157 5158 5159 5160
f 5161 5162 5163 5164
f 5165 5166 5167 5168
f 5169 5170 5171 5172
f 5173 5174 5175 5176
f 5177 5178 5179 5180
f 5181 5182 5183 5184
f 5185 5186 5187 5188
f 5189 5190 5191 5192
f 5193 5194 5195 5196
f 5197 5198 5199 5200
f 5201 5202 5203 5204
f 5205 5206 5207 5208
f 5209 5210 5211 5212
f 5213 5214 5215 5216
f 5217 5218 5219 5220
f 5221 5222 5223 5224
f 5225 5226 5227 5228
f 5229 5230 5231 5232
f 5233 5234 5235 5236
f 5237 5238 5239 5240
f 5241 5242 5243 5244
f 5245 5246 5247 5248
f 5249 5250 5251 5252
f 5253 5254 5255 5256
f 5257 5258 5259 5260
