signature_id,phrase,corpus_id,collection,concept_id,language,index,scope,pair,glyph_a,glyph_b,name_a,name_b,group_a,group_b,marks_a,marks_b,magnitude_delta,magnitude_result,interaction,signal_a,signal_b,is_disruptive
interessence,INTERESSENCE,seed_001,seed,project_name,NEO,0,adjacent,I->N,I,N,idad,ngeadal,diagonal,cross,5,3,2,Dominance,Gate,Maximal Jet,Median Lock,False
interessence,INTERESSENCE,seed_001,seed,project_name,NEO,1,adjacent,N->T,N,T,ngeadal,tinne,cross,left,3,3,0,Resonance,Anchor,Median Lock,Median Balance,False
interessence,INTERESSENCE,seed_001,seed,project_name,NEO,2,adjacent,T->E,T,E,tinne,eadhadh,left,diagonal,3,4,1,Modulation,Dampen,Median Balance,Strong Torrent,False
interessence,INTERESSENCE,seed_001,seed,project_name,NEO,3,adjacent,E->R,E,R,eadhadh,ruis,diagonal,cross,4,5,1,Modulation,Gate,Strong Torrent,Maximal Fusion,False
interessence,INTERESSENCE,seed_001,seed,project_name,NEO,4,adjacent,R->E,R,E,ruis,eadhadh,cross,diagonal,5,4,1,Modulation,Gate,Maximal Fusion,Strong Torrent,False
interessence,INTERESSENCE,seed_001,seed,project_name,NEO,5,adjacent,E->S,E,S,eadhadh,sail,diagonal,right,4,4,0,Resonance,Propel,Strong Torrent,Strong Enforcement,False
interessence,INTERESSENCE,seed_001,seed,project_name,NEO,6,adjacent,S->S,S,S,sail,sail,right,right,4,4,0,Resonance,Reinforce,Strong Enforcement,Strong Enforcement,False
interessence,INTERESSENCE,seed_001,seed,project_name,NEO,7,adjacent,S->E,S,E,sail,eadhadh,right,diagonal,4,4,0,Resonance,Propel,Strong Enforcement,Strong Torrent,False
interessence,INTERESSENCE,seed_001,seed,project_name,NEO,8,adjacent,E->N,E,N,eadhadh,ngeadal,diagonal,cross,4,3,1,Modulation,Gate,Strong Torrent,Median Lock,False
interessence,INTERESSENCE,seed_001,seed,project_name,NEO,9,adjacent,N->C,N,C,ngeadal,coll,cross,left,3,4,1,Modulation,Anchor,Median Lock,Strong Barrier,False
interessence,INTERESSENCE,seed_001,seed,project_name,NEO,10,adjacent,C->E,C,E,coll,eadhadh,left,diagonal,4,4,0,Resonance,Dampen,Strong Barrier,Strong Torrent,False
care-bends-friction-towards-freedom,CARE BENDS FRICTION TOWARDS FREEDOM,seed_002,seed,care_bends_friction,EN,0,adjacent,C->A,C,A,coll,ailm,left,diagonal,4,1,3,Dominance,Dampen,Strong Barrier,Atomic Flow,False
care-bends-friction-towards-freedom,CARE BENDS FRICTION TOWARDS FREEDOM,seed_002,seed,care_bends_friction,EN,1,adjacent,A->R,A,R,ailm,ruis,diagonal,cross,1,5,4,Dominance,Gate,Atomic Flow,Maximal Fusion,False
care-bends-friction-towards-freedom,CARE BENDS FRICTION TOWARDS FREEDOM,seed_002,seed,care_bends_friction,EN,2,adjacent,R->E,R,E,ruis,eadhadh,cross,diagonal,5,4,1,Modulation,Gate,Maximal Fusion,Strong Torrent,False
care-bends-friction-towards-freedom,CARE BENDS FRICTION TOWARDS FREEDOM,seed_002,seed,care_bends_friction,EN,3,adjacent,E->B,E,B,eadhadh,beith,diagonal,right,4,1,3,Dominance,Propel,Strong Torrent,Atomic Initiation,False
care-bends-friction-towards-freedom,CARE BENDS FRICTION TOWARDS FREEDOM,seed_002,seed,care_bends_friction,EN,4,adjacent,B->E,B,E,beith,eadhadh,right,diagonal,1,4,3,Dominance,Propel,Atomic Initiation,Strong Torrent,False
care-bends-friction-towards-freedom,CARE BENDS FRICTION TOWARDS FREEDOM,seed_002,seed,care_bends_friction,EN,5,adjacent,E->N,E,N,eadhadh,ngeadal,diagonal,cross,4,3,1,Modulation,Gate,Strong Torrent,Median Lock,False
care-bends-friction-towards-freedom,CARE BENDS FRICTION TOWARDS FREEDOM,seed_002,seed,care_bends_friction,EN,6,adjacent,N->D,N,D,ngeadal,duir,cross,left,3,2,1,Modulation,Anchor,Median Lock,Weak Resistance,False
care-bends-friction-towards-freedom,CARE BENDS FRICTION TOWARDS FREEDOM,seed_002,seed,care_bends_friction,EN,7,adjacent,D->S,D,S,duir,sail,left,right,2,4,2,Dominance,Opposition,Weak Resistance,Strong Enforcement,False
care-bends-friction-towards-freedom,CARE BENDS FRICTION TOWARDS FREEDOM,seed_002,seed,care_bends_friction,EN,8,adjacent,S->F,S,F,sail,fearn,right,right,4,3,1,Modulation,Reinforce,Strong Enforcement,Median Assertion,False
care-bends-friction-towards-freedom,CARE BENDS FRICTION TOWARDS FREEDOM,seed_002,seed,care_bends_friction,EN,9,adjacent,F->R,F,R,fearn,ruis,right,cross,3,5,2,Dominance,Anchor,Median Assertion,Maximal Fusion,False
care-bends-friction-towards-freedom,CARE BENDS FRICTION TOWARDS FREEDOM,seed_002,seed,care_bends_friction,EN,10,adjacent,R->I,R,I,ruis,idad,cross,diagonal,5,5,0,Resonance,Gate,Maximal Fusion,Maximal Jet,False
care-bends-friction-towards-freedom,CARE BENDS FRICTION TOWARDS FREEDOM,seed_002,seed,care_bends_friction,EN,11,adjacent,I->C,I,C,idad,coll,diagonal,left,5,4,1,Modulation,Dampen,Maximal Jet,Strong Barrier,False
care-bends-friction-towards-freedom,CARE BENDS FRICTION TOWARDS FREEDOM,seed_002,seed,care_bends_friction,EN,12,adjacent,C->T,C,T,coll,tinne,left,left,4,3,1,Modulation,Reinforce,Strong Barrier,Median Balance,False
care-bends-friction-towards-freedom,CARE BENDS FRICTION TOWARDS FREEDOM,seed_002,seed,care_bends_friction,EN,13,adjacent,T->IO,T,IO,tinne,io,left,backslash,3,5,2,Dominance,Invert,Median Balance,Maximal Chaos,True
care-bends-friction-towards-freedom,CARE BENDS FRICTION TOWARDS FREEDOM,seed_002,seed,care_bends_friction,EN,14,adjacent,IO->N,IO,N,io,ngeadal,backslash,cross,5,3,2,Dominance,Fracture,Maximal Chaos,Median Lock,True
care-bends-friction-towards-freedom,CARE BENDS FRICTION TOWARDS FREEDOM,seed_002,seed,care_bends_friction,EN,15,adjacent,N->T,N,T,ngeadal,tinne,cross,left,3,3,0,Resonance,Anchor,Median Lock,Median Balance,False
care-bends-friction-towards-freedom,CARE BENDS FRICTION TOWARDS FREEDOM,seed_002,seed,care_bends_friction,EN,16,adjacent,T->O,T,O,tinne,onn,left,diagonal,3,2,1,Modulation,Dampen,Median Balance,Weak Current,False
care-bends-friction-towards-freedom,CARE BENDS FRICTION TOWARDS FREEDOM,seed_002,seed,care_bends_friction,EN,17,adjacent,O->W,O,W,onn,ceirt,diagonal,left,2,5,3,Dominance,Dampen,Weak Current,Maximal Opposition,False
care-bends-friction-towards-freedom,CARE BENDS FRICTION TOWARDS FREEDOM,seed_002,seed,care_bends_friction,EN,18,adjacent,W->A,W,A,ceirt,ailm,left,diagonal,5,1,4,Dominance,Dampen,Maximal Opposition,Atomic Flow,False
care-bends-friction-towards-freedom,CARE BENDS FRICTION TOWARDS FREEDOM,seed_002,seed,care_bends_friction,EN,19,adjacent,A->R,A,R,ailm,ruis,diagonal,cross,1,5,4,Dominance,Gate,Atomic Flow,Maximal Fusion,False
care-bends-friction-towards-freedom,CARE BENDS FRICTION TOWARDS FREEDOM,seed_002,seed,care_bends_friction,EN,20,adjacent,R->D,R,D,ruis,duir,cross,left,5,2,3,Dominance,Anchor,Maximal Fusion,Weak Resistance,False
care-bends-friction-towards-freedom,CARE BENDS FRICTION TOWARDS FREEDOM,seed_002,seed,care_bends_friction,EN,21,adjacent,D->S,D,S,duir,sail,left,right,2,4,2,Dominance,Opposition,Weak Resistance,Strong Enforcement,False
care-bends-friction-towards-freedom,CARE BENDS FRICTION TOWARDS FREEDOM,seed_002,seed,care_bends_friction,EN,22,adjacent,S->F,S,F,sail,fearn,right,right,4,3,1,Modulation,Reinforce,Strong Enforcement,Median Assertion,False
care-bends-friction-towards-freedom,CARE BENDS FRICTION TOWARDS FREEDOM,seed_002,seed,care_bends_friction,EN,23,adjacent,F->R,F,R,fearn,ruis,right,cross,3,5,2,Dominance,Anchor,Median Assertion,Maximal Fusion,False
care-bends-friction-towards-freedom,CARE BENDS FRICTION TOWARDS FREEDOM,seed_002,seed,care_bends_friction,EN,24,adjacent,R->E,R,E,ruis,eadhadh,cross,diagonal,5,4,1,Modulation,Gate,Maximal Fusion,Strong Torrent,False
care-bends-friction-towards-freedom,CARE BENDS FRICTION TOWARDS FREEDOM,seed_002,seed,care_bends_friction,EN,25,adjacent,E->E,E,E,eadhadh,eadhadh,diagonal,diagonal,4,4,0,Resonance,Stream,Strong Torrent,Strong Torrent,False
care-bends-friction-towards-freedom,CARE BENDS FRICTION TOWARDS FREEDOM,seed_002,seed,care_bends_friction,EN,26,adjacent,E->D,E,D,eadhadh,duir,diagonal,left,4,2,2,Dominance,Dampen,Strong Torrent,Weak Resistance,False
care-bends-friction-towards-freedom,CARE BENDS FRICTION TOWARDS FREEDOM,seed_002,seed,care_bends_friction,EN,27,adjacent,D->O,D,O,duir,onn,left,diagonal,2,2,0,Resonance,Dampen,Weak Resistance,Weak Current,False
care-bends-friction-towards-freedom,CARE BENDS FRICTION TOWARDS FREEDOM,seed_002,seed,care_bends_friction,EN,28,adjacent,O->M,O,M,onn,muin,diagonal,cross,2,1,1,Modulation,Gate,Weak Current,Atomic Bind,False
cura-frictionem-ad-libertatem-flectit,CURA FRICTIONEM AD LIBERTATEM FLECTIT,seed_003,seed,care_bends_friction,LA,0,adjacent,C->U,C,U,coll,ur,left,diagonal,4,3,1,Modulation,Dampen,Strong Barrier,Median Stream,False
cura-frictionem-ad-libertatem-flectit,CURA FRICTIONEM AD LIBERTATEM FLECTIT,seed_003,seed,care_bends_friction,LA,1,adjacent,U->R,U,R,ur,ruis,diagonal,cross,3,5,2,Dominance,Gate,Median Stream,Maximal Fusion,False
cura-frictionem-ad-libertatem-flectit,CURA FRICTIONEM AD LIBERTATEM FLECTIT,seed_003,seed,care_bends_friction,LA,2,adjacent,R->A,R,A,ruis,ailm,cross,diagonal,5,1,4,Dominance,Gate,Maximal Fusion,Atomic Flow,False
cura-frictionem-ad-libertatem-flectit,CURA FRICTIONEM AD LIBERTATEM FLECTIT,seed_003,seed,care_bends_friction,LA,3,adjacent,A->F,A,F,ailm,fearn,diagonal,right,1,3,2,Dominance,Propel,Atomic Flow,Median Assertion,False
cura-frictionem-ad-libertatem-flectit,CURA FRICTIONEM AD LIBERTATEM FLECTIT,seed_003,seed,care_bends_friction,LA,4,adjacent,F->R,F,R,fearn,ruis,right,cross,3,5,2,Dominance,Anchor,Median Assertion,Maximal Fusion,False
cura-frictionem-ad-libertatem-flectit,CURA FRICTIONEM AD LIBERTATEM FLECTIT,seed_003,seed,care_bends_friction,LA,5,adjacent,R->I,R,I,ruis,idad,cross,diagonal,5,5,0,Resonance,Gate,Maximal Fusion,Maximal Jet,False
cura-frictionem-ad-libertatem-flectit,CURA FRICTIONEM AD LIBERTATEM FLECTIT,seed_003,seed,care_bends_friction,LA,6,adjacent,I->C,I,C,idad,coll,diagonal,left,5,4,1,Modulation,Dampen,Maximal Jet,Strong Barrier,False
cura-frictionem-ad-libertatem-flectit,CURA FRICTIONEM AD LIBERTATEM FLECTIT,seed_003,seed,care_bends_friction,LA,7,adjacent,C->T,C,T,coll,tinne,left,left,4,3,1,Modulation,Reinforce,Strong Barrier,Median Balance,False
cura-frictionem-ad-libertatem-flectit,CURA FRICTIONEM AD LIBERTATEM FLECTIT,seed_003,seed,care_bends_friction,LA,8,adjacent,T->IO,T,IO,tinne,io,left,backslash,3,5,2,Dominance,Invert,Median Balance,Maximal Chaos,True
cura-frictionem-ad-libertatem-flectit,CURA FRICTIONEM AD LIBERTATEM FLECTIT,seed_003,seed,care_bends_friction,LA,9,adjacent,IO->N,IO,N,io,ngeadal,backslash,cross,5,3,2,Dominance,Fracture,Maximal Chaos,Median Lock,True
cura-frictionem-ad-libertatem-flectit,CURA FRICTIONEM AD LIBERTATEM FLECTIT,seed_003,seed,care_bends_friction,LA,10,adjacent,N->E,N,E,ngeadal,eadhadh,cross,diagonal,3,4,1,Modulation,Gate,Median Lock,Strong Torrent,False
cura-frictionem-ad-libertatem-flectit,CURA FRICTIONEM AD LIBERTATEM FLECTIT,seed_003,seed,care_bends_friction,LA,11,adjacent,E->M,E,M,eadhadh,muin,diagonal,cross,4,1,3,Dominance,Gate,Strong Torrent,Atomic Bind,False
cura-frictionem-ad-libertatem-flectit,CURA FRICTIONEM AD LIBERTATEM FLECTIT,seed_003,seed,care_bends_friction,LA,12,adjacent,M->A,M,A,muin,ailm,cross,diagonal,1,1,0,Resonance,Gate,Atomic Bind,Atomic Flow,False
cura-frictionem-ad-libertatem-flectit,CURA FRICTIONEM AD LIBERTATEM FLECTIT,seed_003,seed,care_bends_friction,LA,13,adjacent,A->D,A,D,ailm,duir,diagonal,left,1,2,1,Modulation,Dampen,Atomic Flow,Weak Resistance,False
cura-frictionem-ad-libertatem-flectit,CURA FRICTIONEM AD LIBERTATEM FLECTIT,seed_003,seed,care_bends_friction,LA,14,adjacent,D->L,D,L,duir,luis,left,right,2,2,0,Resonance,Opposition,Weak Resistance,Weak Coupling,False
cura-frictionem-ad-libertatem-flectit,CURA FRICTIONEM AD LIBERTATEM FLECTIT,seed_003,seed,care_bends_friction,LA,15,adjacent,L->I,L,I,luis,idad,right,diagonal,2,5,3,Dominance,Propel,Weak Coupling,Maximal Jet,False
cura-frictionem-ad-libertatem-flectit,CURA FRICTIONEM AD LIBERTATEM FLECTIT,seed_003,seed,care_bends_friction,LA,16,adjacent,I->B,I,B,idad,beith,diagonal,right,5,1,4,Dominance,Propel,Maximal Jet,Atomic Initiation,False
cura-frictionem-ad-libertatem-flectit,CURA FRICTIONEM AD LIBERTATEM FLECTIT,seed_003,seed,care_bends_friction,LA,17,adjacent,B->E,B,E,beith,eadhadh,right,diagonal,1,4,3,Dominance,Propel,Atomic Initiation,Strong Torrent,False
cura-frictionem-ad-libertatem-flectit,CURA FRICTIONEM AD LIBERTATEM FLECTIT,seed_003,seed,care_bends_friction,LA,18,adjacent,E->R,E,R,eadhadh,ruis,diagonal,cross,4,5,1,Modulation,Gate,Strong Torrent,Maximal Fusion,False
cura-frictionem-ad-libertatem-flectit,CURA FRICTIONEM AD LIBERTATEM FLECTIT,seed_003,seed,care_bends_friction,LA,19,adjacent,R->T,R,T,ruis,tinne,cross,left,5,3,2,Dominance,Anchor,Maximal Fusion,Median Balance,False
cura-frictionem-ad-libertatem-flectit,CURA FRICTIONEM AD LIBERTATEM FLECTIT,seed_003,seed,care_bends_friction,LA,20,adjacent,T->A,T,A,tinne,ailm,left,diagonal,3,1,2,Dominance,Dampen,Median Balance,Atomic Flow,False
cura-frictionem-ad-libertatem-flectit,CURA FRICTIONEM AD LIBERTATEM FLECTIT,seed_003,seed,care_bends_friction,LA,21,adjacent,A->T,A,T,ailm,tinne,diagonal,left,1,3,2,Dominance,Dampen,Atomic Flow,Median Balance,False
cura-frictionem-ad-libertatem-flectit,CURA FRICTIONEM AD LIBERTATEM FLECTIT,seed_003,seed,care_bends_friction,LA,22,adjacent,T->E,T,E,tinne,eadhadh,left,diagonal,3,4,1,Modulation,Dampen,Median Balance,Strong Torrent,False
cura-frictionem-ad-libertatem-flectit,CURA FRICTIONEM AD LIBERTATEM FLECTIT,seed_003,seed,care_bends_friction,LA,23,adjacent,E->M,E,M,eadhadh,muin,diagonal,cross,4,1,3,Dominance,Gate,Strong Torrent,Atomic Bind,False
cura-frictionem-ad-libertatem-flectit,CURA FRICTIONEM AD LIBERTATEM FLECTIT,seed_003,seed,care_bends_friction,LA,24,adjacent,M->F,M,F,muin,fearn,cross,right,1,3,2,Dominance,Anchor,Atomic Bind,Median Assertion,False
cura-frictionem-ad-libertatem-flectit,CURA FRICTIONEM AD LIBERTATEM FLECTIT,seed_003,seed,care_bends_friction,LA,25,adjacent,F->L,F,L,fearn,luis,right,right,3,2,1,Modulation,Reinforce,Median Assertion,Weak Coupling,False
cura-frictionem-ad-libertatem-flectit,CURA FRICTIONEM AD LIBERTATEM FLECTIT,seed_003,seed,care_bends_friction,LA,26,adjacent,L->E,L,E,luis,eadhadh,right,diagonal,2,4,2,Dominance,Propel,Weak Coupling,Strong Torrent,False
cura-frictionem-ad-libertatem-flectit,CURA FRICTIONEM AD LIBERTATEM FLECTIT,seed_003,seed,care_bends_friction,LA,27,adjacent,E->C,E,C,eadhadh,coll,diagonal,left,4,4,0,Resonance,Dampen,Strong Torrent,Strong Barrier,False
cura-frictionem-ad-libertatem-flectit,CURA FRICTIONEM AD LIBERTATEM FLECTIT,seed_003,seed,care_bends_friction,LA,28,adjacent,C->T,C,T,coll,tinne,left,left,4,3,1,Modulation,Reinforce,Strong Barrier,Median Balance,False
cura-frictionem-ad-libertatem-flectit,CURA FRICTIONEM AD LIBERTATEM FLECTIT,seed_003,seed,care_bends_friction,LA,29,adjacent,T->I,T,I,tinne,idad,left,diagonal,3,5,2,Dominance,Dampen,Median Balance,Maximal Jet,False
cura-frictionem-ad-libertatem-flectit,CURA FRICTIONEM AD LIBERTATEM FLECTIT,seed_003,seed,care_bends_friction,LA,30,adjacent,I->T,I,T,idad,tinne,diagonal,left,5,3,2,Dominance,Dampen,Maximal Jet,Median Balance,False
war-breaks-the-gate,WAR BREAKS THE GATE,seed_004,seed,war_breaks_gate,EN,0,adjacent,W->A,W,A,ceirt,ailm,left,diagonal,5,1,4,Dominance,Dampen,Maximal Opposition,Atomic Flow,False
war-breaks-the-gate,WAR BREAKS THE GATE,seed_004,seed,war_breaks_gate,EN,1,adjacent,A->R,A,R,ailm,ruis,diagonal,cross,1,5,4,Dominance,Gate,Atomic Flow,Maximal Fusion,False
war-breaks-the-gate,WAR BREAKS THE GATE,seed_004,seed,war_breaks_gate,EN,2,adjacent,R->B,R,B,ruis,beith,cross,right,5,1,4,Dominance,Anchor,Maximal Fusion,Atomic Initiation,False
war-breaks-the-gate,WAR BREAKS THE GATE,seed_004,seed,war_breaks_gate,EN,3,adjacent,B->R,B,R,beith,ruis,right,cross,1,5,4,Dominance,Anchor,Atomic Initiation,Maximal Fusion,False
war-breaks-the-gate,WAR BREAKS THE GATE,seed_004,seed,war_breaks_gate,EN,4,adjacent,R->EA,R,EA,ruis,ea,cross,backslash,5,4,1,Modulation,Fracture,Maximal Fusion,Strong Warp,True
war-breaks-the-gate,WAR BREAKS THE GATE,seed_004,seed,war_breaks_gate,EN,5,adjacent,EA->C,EA,C,ea,coll,backslash,left,4,4,0,Resonance,Invert,Strong Warp,Strong Barrier,True
war-breaks-the-gate,WAR BREAKS THE GATE,seed_004,seed,war_breaks_gate,EN,6,adjacent,C->S,C,S,coll,sail,left,right,4,4,0,Resonance,Opposition,Strong Barrier,Strong Enforcement,False
war-breaks-the-gate,WAR BREAKS THE GATE,seed_004,seed,war_breaks_gate,EN,7,adjacent,S->T,S,T,sail,tinne,right,left,4,3,1,Modulation,Opposition,Strong Enforcement,Median Balance,False
war-breaks-the-gate,WAR BREAKS THE GATE,seed_004,seed,war_breaks_gate,EN,8,adjacent,T->H,T,H,tinne,huath,left,left,3,1,2,Dominance,Reinforce,Median Balance,Atomic Reaction,False
war-breaks-the-gate,WAR BREAKS THE GATE,seed_004,seed,war_breaks_gate,EN,9,adjacent,H->E,H,E,huath,eadhadh,left,diagonal,1,4,3,Dominance,Dampen,Atomic Reaction,Strong Torrent,False
war-breaks-the-gate,WAR BREAKS THE GATE,seed_004,seed,war_breaks_gate,EN,10,adjacent,E->G,E,G,eadhadh,gort,diagonal,cross,4,2,2,Dominance,Gate,Strong Torrent,Loose Knot,False
war-breaks-the-gate,WAR BREAKS THE GATE,seed_004,seed,war_breaks_gate,EN,11,adjacent,G->A,G,A,gort,ailm,cross,diagonal,2,1,1,Modulation,Gate,Loose Knot,Atomic Flow,False
war-breaks-the-gate,WAR BREAKS THE GATE,seed_004,seed,war_breaks_gate,EN,12,adjacent,A->T,A,T,ailm,tinne,diagonal,left,1,3,2,Dominance,Dampen,Atomic Flow,Median Balance,False
war-breaks-the-gate,WAR BREAKS THE GATE,seed_004,seed,war_breaks_gate,EN,13,adjacent,T->E,T,E,tinne,eadhadh,left,diagonal,3,4,1,Modulation,Dampen,Median Balance,Strong Torrent,False
bellum-porta-frangit,BELLUM PORTA FRANGIT,seed_005,seed,war_breaks_gate,LA,0,adjacent,B->E,B,E,beith,eadhadh,right,diagonal,1,4,3,Dominance,Propel,Atomic Initiation,Strong Torrent,False
bellum-porta-frangit,BELLUM PORTA FRANGIT,seed_005,seed,war_breaks_gate,LA,1,adjacent,E->L,E,L,eadhadh,luis,diagonal,right,4,2,2,Dominance,Propel,Strong Torrent,Weak Coupling,False
bellum-porta-frangit,BELLUM PORTA FRANGIT,seed_005,seed,war_breaks_gate,LA,2,adjacent,L->L,L,L,luis,luis,right,right,2,2,0,Resonance,Reinforce,Weak Coupling,Weak Coupling,False
bellum-porta-frangit,BELLUM PORTA FRANGIT,seed_005,seed,war_breaks_gate,LA,3,adjacent,L->U,L,U,luis,ur,right,diagonal,2,3,1,Modulation,Propel,Weak Coupling,Median Stream,False
bellum-porta-frangit,BELLUM PORTA FRANGIT,seed_005,seed,war_breaks_gate,LA,4,adjacent,U->M,U,M,ur,muin,diagonal,cross,3,1,2,Dominance,Gate,Median Stream,Atomic Bind,False
bellum-porta-frangit,BELLUM PORTA FRANGIT,seed_005,seed,war_breaks_gate,LA,5,adjacent,M->P,M,P,muin,peith,cross,right,1,5,4,Dominance,Anchor,Atomic Bind,Maximal Drive,False
bellum-porta-frangit,BELLUM PORTA FRANGIT,seed_005,seed,war_breaks_gate,LA,6,adjacent,P->O,P,O,peith,onn,right,diagonal,5,2,3,Dominance,Propel,Maximal Drive,Weak Current,False
bellum-porta-frangit,BELLUM PORTA FRANGIT,seed_005,seed,war_breaks_gate,LA,7,adjacent,O->R,O,R,onn,ruis,diagonal,cross,2,5,3,Dominance,Gate,Weak Current,Maximal Fusion,False
bellum-porta-frangit,BELLUM PORTA FRANGIT,seed_005,seed,war_breaks_gate,LA,8,adjacent,R->T,R,T,ruis,tinne,cross,left,5,3,2,Dominance,Anchor,Maximal Fusion,Median Balance,False
bellum-porta-frangit,BELLUM PORTA FRANGIT,seed_005,seed,war_breaks_gate,LA,9,adjacent,T->A,T,A,tinne,ailm,left,diagonal,3,1,2,Dominance,Dampen,Median Balance,Atomic Flow,False
bellum-porta-frangit,BELLUM PORTA FRANGIT,seed_005,seed,war_breaks_gate,LA,10,adjacent,A->F,A,F,ailm,fearn,diagonal,right,1,3,2,Dominance,Propel,Atomic Flow,Median Assertion,False
bellum-porta-frangit,BELLUM PORTA FRANGIT,seed_005,seed,war_breaks_gate,LA,11,adjacent,F->R,F,R,fearn,ruis,right,cross,3,5,2,Dominance,Anchor,Median Assertion,Maximal Fusion,False
bellum-porta-frangit,BELLUM PORTA FRANGIT,seed_005,seed,war_breaks_gate,LA,12,adjacent,R->A,R,A,ruis,ailm,cross,diagonal,5,1,4,Dominance,Gate,Maximal Fusion,Atomic Flow,False
bellum-porta-frangit,BELLUM PORTA FRANGIT,seed_005,seed,war_breaks_gate,LA,13,adjacent,A->N,A,N,ailm,ngeadal,diagonal,cross,1,3,2,Dominance,Gate,Atomic Flow,Median Lock,False
bellum-porta-frangit,BELLUM PORTA FRANGIT,seed_005,seed,war_breaks_gate,LA,14,adjacent,N->G,N,G,ngeadal,gort,cross,cross,3,2,1,Modulation,Crystalize,Median Lock,Loose Knot,False
bellum-porta-frangit,BELLUM PORTA FRANGIT,seed_005,seed,war_breaks_gate,LA,15,adjacent,G->I,G,I,gort,idad,cross,diagonal,2,5,3,Dominance,Gate,Loose Knot,Maximal Jet,False
bellum-porta-frangit,BELLUM PORTA FRANGIT,seed_005,seed,war_breaks_gate,LA,16,adjacent,I->T,I,T,idad,tinne,diagonal,left,5,3,2,Dominance,Dampen,Maximal Jet,Median Balance,False
briseann-cogadh-an-geata,BRISEANN COGADH AN GEATA,seed_006,seed,war_breaks_gate,GA,0,adjacent,B->R,B,R,beith,ruis,right,cross,1,5,4,Dominance,Anchor,Atomic Initiation,Maximal Fusion,False
briseann-cogadh-an-geata,BRISEANN COGADH AN GEATA,seed_006,seed,war_breaks_gate,GA,1,adjacent,R->I,R,I,ruis,idad,cross,diagonal,5,5,0,Resonance,Gate,Maximal Fusion,Maximal Jet,False
briseann-cogadh-an-geata,BRISEANN COGADH AN GEATA,seed_006,seed,war_breaks_gate,GA,2,adjacent,I->S,I,S,idad,sail,diagonal,right,5,4,1,Modulation,Propel,Maximal Jet,Strong Enforcement,False
briseann-cogadh-an-geata,BRISEANN COGADH AN GEATA,seed_006,seed,war_breaks_gate,GA,3,adjacent,S->EA,S,EA,sail,ea,right,backslash,4,4,0,Resonance,Distort,Strong Enforcement,Strong Warp,True
briseann-cogadh-an-geata,BRISEANN COGADH AN GEATA,seed_006,seed,war_breaks_gate,GA,4,adjacent,EA->N,EA,N,ea,ngeadal,backslash,cross,4,3,1,Modulation,Fracture,Strong Warp,Median Lock,True
briseann-cogadh-an-geata,BRISEANN COGADH AN GEATA,seed_006,seed,war_breaks_gate,GA,5,adjacent,N->N,N,N,ngeadal,ngeadal,cross,cross,3,3,0,Resonance,Crystalize,Median Lock,Median Lock,False
briseann-cogadh-an-geata,BRISEANN COGADH AN GEATA,seed_006,seed,war_breaks_gate,GA,6,adjacent,N->C,N,C,ngeadal,coll,cross,left,3,4,1,Modulation,Anchor,Median Lock,Strong Barrier,False
briseann-cogadh-an-geata,BRISEANN COGADH AN GEATA,seed_006,seed,war_breaks_gate,GA,7,adjacent,C->O,C,O,coll,onn,left,diagonal,4,2,2,Dominance,Dampen,Strong Barrier,Weak Current,False
briseann-cogadh-an-geata,BRISEANN COGADH AN GEATA,seed_006,seed,war_breaks_gate,GA,8,adjacent,O->G,O,G,onn,gort,diagonal,cross,2,2,0,Resonance,Gate,Weak Current,Loose Knot,False
briseann-cogadh-an-geata,BRISEANN COGADH AN GEATA,seed_006,seed,war_breaks_gate,GA,9,adjacent,G->A,G,A,gort,ailm,cross,diagonal,2,1,1,Modulation,Gate,Loose Knot,Atomic Flow,False
briseann-cogadh-an-geata,BRISEANN COGADH AN GEATA,seed_006,seed,war_breaks_gate,GA,10,adjacent,A->D,A,D,ailm,duir,diagonal,left,1,2,1,Modulation,Dampen,Atomic Flow,Weak Resistance,False
briseann-cogadh-an-geata,BRISEANN COGADH AN GEATA,seed_006,seed,war_breaks_gate,GA,11,adjacent,D->H,D,H,duir,huath,left,left,2,1,1,Modulation,Reinforce,Weak Resistance,Atomic Reaction,False
briseann-cogadh-an-geata,BRISEANN COGADH AN GEATA,seed_006,seed,war_breaks_gate,GA,12,adjacent,H->A,H,A,huath,ailm,left,diagonal,1,1,0,Resonance,Dampen,Atomic Reaction,Atomic Flow,False
briseann-cogadh-an-geata,BRISEANN COGADH AN GEATA,seed_006,seed,war_breaks_gate,GA,13,adjacent,A->N,A,N,ailm,ngeadal,diagonal,cross,1,3,2,Dominance,Gate,Atomic Flow,Median Lock,False
briseann-cogadh-an-geata,BRISEANN COGADH AN GEATA,seed_006,seed,war_breaks_gate,GA,14,adjacent,N->G,N,G,ngeadal,gort,cross,cross,3,2,1,Modulation,Crystalize,Median Lock,Loose Knot,False
briseann-cogadh-an-geata,BRISEANN COGADH AN GEATA,seed_006,seed,war_breaks_gate,GA,15,adjacent,G->EA,G,EA,gort,ea,cross,backslash,2,4,2,Dominance,Fracture,Loose Knot,Strong Warp,True
briseann-cogadh-an-geata,BRISEANN COGADH AN GEATA,seed_006,seed,war_breaks_gate,GA,16,adjacent,EA->T,EA,T,ea,tinne,backslash,left,4,3,1,Modulation,Invert,Strong Warp,Median Balance,True
briseann-cogadh-an-geata,BRISEANN COGADH AN GEATA,seed_006,seed,war_breaks_gate,GA,17,adjacent,T->A,T,A,tinne,ailm,left,diagonal,3,1,2,Dominance,Dampen,Median Balance,Atomic Flow,False
ait-fhrithchuimilte,AIT FHRITHCHUIMILTE,seed_007,seed,friction_place,GA,0,adjacent,A->I,A,I,ailm,idad,diagonal,diagonal,1,5,4,Dominance,Stream,Atomic Flow,Maximal Jet,False
ait-fhrithchuimilte,AIT FHRITHCHUIMILTE,seed_007,seed,friction_place,GA,1,adjacent,I->T,I,T,idad,tinne,diagonal,left,5,3,2,Dominance,Dampen,Maximal Jet,Median Balance,False
ait-fhrithchuimilte,AIT FHRITHCHUIMILTE,seed_007,seed,friction_place,GA,2,adjacent,T->F,T,F,tinne,fearn,left,right,3,3,0,Resonance,Opposition,Median Balance,Median Assertion,False
ait-fhrithchuimilte,AIT FHRITHCHUIMILTE,seed_007,seed,friction_place,GA,3,adjacent,F->H,F,H,fearn,huath,right,left,3,1,2,Dominance,Opposition,Median Assertion,Atomic Reaction,False
ait-fhrithchuimilte,AIT FHRITHCHUIMILTE,seed_007,seed,friction_place,GA,4,adjacent,H->R,H,R,huath,ruis,left,cross,1,5,4,Dominance,Anchor,Atomic Reaction,Maximal Fusion,False
ait-fhrithchuimilte,AIT FHRITHCHUIMILTE,seed_007,seed,friction_place,GA,5,adjacent,R->I,R,I,ruis,idad,cross,diagonal,5,5,0,Resonance,Gate,Maximal Fusion,Maximal Jet,False
ait-fhrithchuimilte,AIT FHRITHCHUIMILTE,seed_007,seed,friction_place,GA,6,adjacent,I->T,I,T,idad,tinne,diagonal,left,5,3,2,Dominance,Dampen,Maximal Jet,Median Balance,False
ait-fhrithchuimilte,AIT FHRITHCHUIMILTE,seed_007,seed,friction_place,GA,7,adjacent,T->H,T,H,tinne,huath,left,left,3,1,2,Dominance,Reinforce,Median Balance,Atomic Reaction,False
ait-fhrithchuimilte,AIT FHRITHCHUIMILTE,seed_007,seed,friction_place,GA,8,adjacent,H->C,H,C,huath,coll,left,left,1,4,3,Dominance,Reinforce,Atomic Reaction,Strong Barrier,False
ait-fhrithchuimilte,AIT FHRITHCHUIMILTE,seed_007,seed,friction_place,GA,9,adjacent,C->H,C,H,coll,huath,left,left,4,1,3,Dominance,Reinforce,Strong Barrier,Atomic Reaction,False
ait-fhrithchuimilte,AIT FHRITHCHUIMILTE,seed_007,seed,friction_place,GA,10,adjacent,H->UI,H,UI,huath,ui,left,backslash,1,3,2,Dominance,Invert,Atomic Reaction,Median Shift,True
ait-fhrithchuimilte,AIT FHRITHCHUIMILTE,seed_007,seed,friction_place,GA,11,adjacent,UI->M,UI,M,ui,muin,backslash,cross,3,1,2,Dominance,Fracture,Median Shift,Atomic Bind,True
ait-fhrithchuimilte,AIT FHRITHCHUIMILTE,seed_007,seed,friction_place,GA,12,adjacent,M->I,M,I,muin,idad,cross,diagonal,1,5,4,Dominance,Gate,Atomic Bind,Maximal Jet,False
ait-fhrithchuimilte,AIT FHRITHCHUIMILTE,seed_007,seed,friction_place,GA,13,adjacent,I->L,I,L,idad,luis,diagonal,right,5,2,3,Dominance,Propel,Maximal Jet,Weak Coupling,False
ait-fhrithchuimilte,AIT FHRITHCHUIMILTE,seed_007,seed,friction_place,GA,14,adjacent,L->T,L,T,luis,tinne,right,left,2,3,1,Modulation,Opposition,Weak Coupling,Median Balance,False
ait-fhrithchuimilte,AIT FHRITHCHUIMILTE,seed_007,seed,friction_place,GA,15,adjacent,T->E,T,E,tinne,eadhadh,left,diagonal,3,4,1,Modulation,Dampen,Median Balance,Strong Torrent,False
snaidhm-a-iarrann-curam,SNAIDHM A IARRANN CURAM,seed_008,seed,knot_seeks_care,GA,0,adjacent,S->N,S,N,sail,ngeadal,right,cross,4,3,1,Modulation,Anchor,Strong Enforcement,Median Lock,False
snaidhm-a-iarrann-curam,SNAIDHM A IARRANN CURAM,seed_008,seed,knot_seeks_care,GA,1,adjacent,N->A,N,A,ngeadal,ailm,cross,diagonal,3,1,2,Dominance,Gate,Median Lock,Atomic Flow,False
snaidhm-a-iarrann-curam,SNAIDHM A IARRANN CURAM,seed_008,seed,knot_seeks_care,GA,2,adjacent,A->I,A,I,ailm,idad,diagonal,diagonal,1,5,4,Dominance,Stream,Atomic Flow,Maximal Jet,False
snaidhm-a-iarrann-curam,SNAIDHM A IARRANN CURAM,seed_008,seed,knot_seeks_care,GA,3,adjacent,I->D,I,D,idad,duir,diagonal,left,5,2,3,Dominance,Dampen,Maximal Jet,Weak Resistance,False
snaidhm-a-iarrann-curam,SNAIDHM A IARRANN CURAM,seed_008,seed,knot_seeks_care,GA,4,adjacent,D->H,D,H,duir,huath,left,left,2,1,1,Modulation,Reinforce,Weak Resistance,Atomic Reaction,False
snaidhm-a-iarrann-curam,SNAIDHM A IARRANN CURAM,seed_008,seed,knot_seeks_care,GA,5,adjacent,H->M,H,M,huath,muin,left,cross,1,1,0,Resonance,Anchor,Atomic Reaction,Atomic Bind,False
snaidhm-a-iarrann-curam,SNAIDHM A IARRANN CURAM,seed_008,seed,knot_seeks_care,GA,6,adjacent,M->A,M,A,muin,ailm,cross,diagonal,1,1,0,Resonance,Gate,Atomic Bind,Atomic Flow,False
snaidhm-a-iarrann-curam,SNAIDHM A IARRANN CURAM,seed_008,seed,knot_seeks_care,GA,7,adjacent,A->I,A,I,ailm,idad,diagonal,diagonal,1,5,4,Dominance,Stream,Atomic Flow,Maximal Jet,False
snaidhm-a-iarrann-curam,SNAIDHM A IARRANN CURAM,seed_008,seed,knot_seeks_care,GA,8,adjacent,I->A,I,A,idad,ailm,diagonal,diagonal,5,1,4,Dominance,Stream,Maximal Jet,Atomic Flow,False
snaidhm-a-iarrann-curam,SNAIDHM A IARRANN CURAM,seed_008,seed,knot_seeks_care,GA,9,adjacent,A->R,A,R,ailm,ruis,diagonal,cross,1,5,4,Dominance,Gate,Atomic Flow,Maximal Fusion,False
snaidhm-a-iarrann-curam,SNAIDHM A IARRANN CURAM,seed_008,seed,knot_seeks_care,GA,10,adjacent,R->R,R,R,ruis,ruis,cross,cross,5,5,0,Resonance,Crystalize,Maximal Fusion,Maximal Fusion,False
snaidhm-a-iarrann-curam,SNAIDHM A IARRANN CURAM,seed_008,seed,knot_seeks_care,GA,11,adjacent,R->A,R,A,ruis,ailm,cross,diagonal,5,1,4,Dominance,Gate,Maximal Fusion,Atomic Flow,False
snaidhm-a-iarrann-curam,SNAIDHM A IARRANN CURAM,seed_008,seed,knot_seeks_care,GA,12,adjacent,A->N,A,N,ailm,ngeadal,diagonal,cross,1,3,2,Dominance,Gate,Atomic Flow,Median Lock,False
snaidhm-a-iarrann-curam,SNAIDHM A IARRANN CURAM,seed_008,seed,knot_seeks_care,GA,13,adjacent,N->N,N,N,ngeadal,ngeadal,cross,cross,3,3,0,Resonance,Crystalize,Median Lock,Median Lock,False
snaidhm-a-iarrann-curam,SNAIDHM A IARRANN CURAM,seed_008,seed,knot_seeks_care,GA,14,adjacent,N->C,N,C,ngeadal,coll,cross,left,3,4,1,Modulation,Anchor,Median Lock,Strong Barrier,False
snaidhm-a-iarrann-curam,SNAIDHM A IARRANN CURAM,seed_008,seed,knot_seeks_care,GA,15,adjacent,C->U,C,U,coll,ur,left,diagonal,4,3,1,Modulation,Dampen,Strong Barrier,Median Stream,False
snaidhm-a-iarrann-curam,SNAIDHM A IARRANN CURAM,seed_008,seed,knot_seeks_care,GA,16,adjacent,U->R,U,R,ur,ruis,diagonal,cross,3,5,2,Dominance,Gate,Median Stream,Maximal Fusion,False
snaidhm-a-iarrann-curam,SNAIDHM A IARRANN CURAM,seed_008,seed,knot_seeks_care,GA,17,adjacent,R->A,R,A,ruis,ailm,cross,diagonal,5,1,4,Dominance,Gate,Maximal Fusion,Atomic Flow,False
snaidhm-a-iarrann-curam,SNAIDHM A IARRANN CURAM,seed_008,seed,knot_seeks_care,GA,18,adjacent,A->M,A,M,ailm,muin,diagonal,cross,1,1,0,Resonance,Gate,Atomic Flow,Atomic Bind,False
pizza-on-tuesday,PIZZA ON TUESDAY,seed_009,seed,mundane_control,EN,0,adjacent,P->I,P,I,peith,idad,right,diagonal,5,5,0,Resonance,Propel,Maximal Drive,Maximal Jet,False
pizza-on-tuesday,PIZZA ON TUESDAY,seed_009,seed,mundane_control,EN,1,adjacent,I->Z,I,Z,idad,straif,diagonal,cross,5,4,1,Modulation,Gate,Maximal Jet,Strong Anchor,False
pizza-on-tuesday,PIZZA ON TUESDAY,seed_009,seed,mundane_control,EN,2,adjacent,Z->Z,Z,Z,straif,straif,cross,cross,4,4,0,Resonance,Crystalize,Strong Anchor,Strong Anchor,False
pizza-on-tuesday,PIZZA ON TUESDAY,seed_009,seed,mundane_control,EN,3,adjacent,Z->A,Z,A,straif,ailm,cross,diagonal,4,1,3,Dominance,Gate,Strong Anchor,Atomic Flow,False
pizza-on-tuesday,PIZZA ON TUESDAY,seed_009,seed,mundane_control,EN,4,adjacent,A->O,A,O,ailm,onn,diagonal,diagonal,1,2,1,Modulation,Stream,Atomic Flow,Weak Current,False
pizza-on-tuesday,PIZZA ON TUESDAY,seed_009,seed,mundane_control,EN,5,adjacent,O->N,O,N,onn,ngeadal,diagonal,cross,2,3,1,Modulation,Gate,Weak Current,Median Lock,False
pizza-on-tuesday,PIZZA ON TUESDAY,seed_009,seed,mundane_control,EN,6,adjacent,N->T,N,T,ngeadal,tinne,cross,left,3,3,0,Resonance,Anchor,Median Lock,Median Balance,False
pizza-on-tuesday,PIZZA ON TUESDAY,seed_009,seed,mundane_control,EN,7,adjacent,T->U,T,U,tinne,ur,left,diagonal,3,3,0,Resonance,Dampen,Median Balance,Median Stream,False
pizza-on-tuesday,PIZZA ON TUESDAY,seed_009,seed,mundane_control,EN,8,adjacent,U->E,U,E,ur,eadhadh,diagonal,diagonal,3,4,1,Modulation,Stream,Median Stream,Strong Torrent,False
pizza-on-tuesday,PIZZA ON TUESDAY,seed_009,seed,mundane_control,EN,9,adjacent,E->S,E,S,eadhadh,sail,diagonal,right,4,4,0,Resonance,Propel,Strong Torrent,Strong Enforcement,False
pizza-on-tuesday,PIZZA ON TUESDAY,seed_009,seed,mundane_control,EN,10,adjacent,S->D,S,D,sail,duir,right,left,4,2,2,Dominance,Opposition,Strong Enforcement,Weak Resistance,False
pizza-on-tuesday,PIZZA ON TUESDAY,seed_009,seed,mundane_control,EN,11,adjacent,D->A,D,A,duir,ailm,left,diagonal,2,1,1,Modulation,Dampen,Weak Resistance,Atomic Flow,False
pizza-on-tuesday,PIZZA ON TUESDAY,seed_009,seed,mundane_control,EN,12,adjacent,A->I,A,I,ailm,idad,diagonal,diagonal,1,5,4,Dominance,Stream,Atomic Flow,Maximal Jet,False
the-speir-is-blue,THE SPEIR IS BLUE,seed_010,seed,color_statement,EN,0,adjacent,T->H,T,H,tinne,huath,left,left,3,1,2,Dominance,Reinforce,Median Balance,Atomic Reaction,False
the-speir-is-blue,THE SPEIR IS BLUE,seed_010,seed,color_statement,EN,1,adjacent,H->E,H,E,huath,eadhadh,left,diagonal,1,4,3,Dominance,Dampen,Atomic Reaction,Strong Torrent,False
the-speir-is-blue,THE SPEIR IS BLUE,seed_010,seed,color_statement,EN,2,adjacent,E->S,E,S,eadhadh,sail,diagonal,right,4,4,0,Resonance,Propel,Strong Torrent,Strong Enforcement,False
the-speir-is-blue,THE SPEIR IS BLUE,seed_010,seed,color_statement,EN,3,adjacent,S->P,S,P,sail,peith,right,right,4,5,1,Modulation,Reinforce,Strong Enforcement,Maximal Drive,False
the-speir-is-blue,THE SPEIR IS BLUE,seed_010,seed,color_statement,EN,4,adjacent,P->E,P,E,peith,eadhadh,right,diagonal,5,4,1,Modulation,Propel,Maximal Drive,Strong Torrent,False
the-speir-is-blue,THE SPEIR IS BLUE,seed_010,seed,color_statement,EN,5,adjacent,E->I,E,I,eadhadh,idad,diagonal,diagonal,4,5,1,Modulation,Stream,Strong Torrent,Maximal Jet,False
the-speir-is-blue,THE SPEIR IS BLUE,seed_010,seed,color_statement,EN,6,adjacent,I->R,I,R,idad,ruis,diagonal,cross,5,5,0,Resonance,Gate,Maximal Jet,Maximal Fusion,False
the-speir-is-blue,THE SPEIR IS BLUE,seed_010,seed,color_statement,EN,7,adjacent,R->I,R,I,ruis,idad,cross,diagonal,5,5,0,Resonance,Gate,Maximal Fusion,Maximal Jet,False
the-speir-is-blue,THE SPEIR IS BLUE,seed_010,seed,color_statement,EN,8,adjacent,I->S,I,S,idad,sail,diagonal,right,5,4,1,Modulation,Propel,Maximal Jet,Strong Enforcement,False
the-speir-is-blue,THE SPEIR IS BLUE,seed_010,seed,color_statement,EN,9,adjacent,S->B,S,B,sail,beith,right,right,4,1,3,Dominance,Reinforce,Strong Enforcement,Atomic Initiation,False
the-speir-is-blue,THE SPEIR IS BLUE,seed_010,seed,color_statement,EN,10,adjacent,B->L,B,L,beith,luis,right,right,1,2,1,Modulation,Reinforce,Atomic Initiation,Weak Coupling,False
the-speir-is-blue,THE SPEIR IS BLUE,seed_010,seed,color_statement,EN,11,adjacent,L->U,L,U,luis,ur,right,diagonal,2,3,1,Modulation,Propel,Weak Coupling,Median Stream,False
the-speir-is-blue,THE SPEIR IS BLUE,seed_010,seed,color_statement,EN,12,adjacent,U->E,U,E,ur,eadhadh,diagonal,diagonal,3,4,1,Modulation,Stream,Median Stream,Strong Torrent,False
the-focs-and-the-hound,THE FOCS AND THE HOUND,seed_011,seed,animal_control,EN,0,adjacent,T->H,T,H,tinne,huath,left,left,3,1,2,Dominance,Reinforce,Median Balance,Atomic Reaction,False
the-focs-and-the-hound,THE FOCS AND THE HOUND,seed_011,seed,animal_control,EN,1,adjacent,H->E,H,E,huath,eadhadh,left,diagonal,1,4,3,Dominance,Dampen,Atomic Reaction,Strong Torrent,False
the-focs-and-the-hound,THE FOCS AND THE HOUND,seed_011,seed,animal_control,EN,2,adjacent,E->F,E,F,eadhadh,fearn,diagonal,right,4,3,1,Modulation,Propel,Strong Torrent,Median Assertion,False
the-focs-and-the-hound,THE FOCS AND THE HOUND,seed_011,seed,animal_control,EN,3,adjacent,F->O,F,O,fearn,onn,right,diagonal,3,2,1,Modulation,Propel,Median Assertion,Weak Current,False
the-focs-and-the-hound,THE FOCS AND THE HOUND,seed_011,seed,animal_control,EN,4,adjacent,O->C,O,C,onn,coll,diagonal,left,2,4,2,Dominance,Dampen,Weak Current,Strong Barrier,False
the-focs-and-the-hound,THE FOCS AND THE HOUND,seed_011,seed,animal_control,EN,5,adjacent,C->S,C,S,coll,sail,left,right,4,4,0,Resonance,Opposition,Strong Barrier,Strong Enforcement,False
the-focs-and-the-hound,THE FOCS AND THE HOUND,seed_011,seed,animal_control,EN,6,adjacent,S->A,S,A,sail,ailm,right,diagonal,4,1,3,Dominance,Propel,Strong Enforcement,Atomic Flow,False
the-focs-and-the-hound,THE FOCS AND THE HOUND,seed_011,seed,animal_control,EN,7,adjacent,A->N,A,N,ailm,ngeadal,diagonal,cross,1,3,2,Dominance,Gate,Atomic Flow,Median Lock,False
the-focs-and-the-hound,THE FOCS AND THE HOUND,seed_011,seed,animal_control,EN,8,adjacent,N->D,N,D,ngeadal,duir,cross,left,3,2,1,Modulation,Anchor,Median Lock,Weak Resistance,False
the-focs-and-the-hound,THE FOCS AND THE HOUND,seed_011,seed,animal_control,EN,9,adjacent,D->T,D,T,duir,tinne,left,left,2,3,1,Modulation,Reinforce,Weak Resistance,Median Balance,False
the-focs-and-the-hound,THE FOCS AND THE HOUND,seed_011,seed,animal_control,EN,10,adjacent,T->H,T,H,tinne,huath,left,left,3,1,2,Dominance,Reinforce,Median Balance,Atomic Reaction,False
the-focs-and-the-hound,THE FOCS AND THE HOUND,seed_011,seed,animal_control,EN,11,adjacent,H->E,H,E,huath,eadhadh,left,diagonal,1,4,3,Dominance,Dampen,Atomic Reaction,Strong Torrent,False
the-focs-and-the-hound,THE FOCS AND THE HOUND,seed_011,seed,animal_control,EN,12,adjacent,E->H,E,H,eadhadh,huath,diagonal,left,4,1,3,Dominance,Dampen,Strong Torrent,Atomic Reaction,False
the-focs-and-the-hound,THE FOCS AND THE HOUND,seed_011,seed,animal_control,EN,13,adjacent,H->O,H,O,huath,onn,left,diagonal,1,2,1,Modulation,Dampen,Atomic Reaction,Weak Current,False
the-focs-and-the-hound,THE FOCS AND THE HOUND,seed_011,seed,animal_control,EN,14,adjacent,O->U,O,U,onn,ur,diagonal,diagonal,2,3,1,Modulation,Stream,Weak Current,Median Stream,False
the-focs-and-the-hound,THE FOCS AND THE HOUND,seed_011,seed,animal_control,EN,15,adjacent,U->N,U,N,ur,ngeadal,diagonal,cross,3,3,0,Resonance,Gate,Median Stream,Median Lock,False
the-focs-and-the-hound,THE FOCS AND THE HOUND,seed_011,seed,animal_control,EN,16,adjacent,N->D,N,D,ngeadal,duir,cross,left,3,2,1,Modulation,Anchor,Median Lock,Weak Resistance,False
the-river-remembers-the-stone,THE RIVER REMEMBERS THE STONE,expanded_001,expanded,memory_holds_stone,EN,0,adjacent,T->H,T,H,tinne,huath,left,left,3,1,2,Dominance,Reinforce,Median Balance,Atomic Reaction,False
the-river-remembers-the-stone,THE RIVER REMEMBERS THE STONE,expanded_001,expanded,memory_holds_stone,EN,1,adjacent,H->E,H,E,huath,eadhadh,left,diagonal,1,4,3,Dominance,Dampen,Atomic Reaction,Strong Torrent,False
the-river-remembers-the-stone,THE RIVER REMEMBERS THE STONE,expanded_001,expanded,memory_holds_stone,EN,2,adjacent,E->R,E,R,eadhadh,ruis,diagonal,cross,4,5,1,Modulation,Gate,Strong Torrent,Maximal Fusion,False
the-river-remembers-the-stone,THE RIVER REMEMBERS THE STONE,expanded_001,expanded,memory_holds_stone,EN,3,adjacent,R->I,R,I,ruis,idad,cross,diagonal,5,5,0,Resonance,Gate,Maximal Fusion,Maximal Jet,False
the-river-remembers-the-stone,THE RIVER REMEMBERS THE STONE,expanded_001,expanded,memory_holds_stone,EN,4,adjacent,I->F,I,F,idad,fearn,diagonal,right,5,3,2,Dominance,Propel,Maximal Jet,Median Assertion,False
the-river-remembers-the-stone,THE RIVER REMEMBERS THE STONE,expanded_001,expanded,memory_holds_stone,EN,5,adjacent,F->E,F,E,fearn,eadhadh,right,diagonal,3,4,1,Modulation,Propel,Median Assertion,Strong Torrent,False
the-river-remembers-the-stone,THE RIVER REMEMBERS THE STONE,expanded_001,expanded,memory_holds_stone,EN,6,adjacent,E->R,E,R,eadhadh,ruis,diagonal,cross,4,5,1,Modulation,Gate,Strong Torrent,Maximal Fusion,False
the-river-remembers-the-stone,THE RIVER REMEMBERS THE STONE,expanded_001,expanded,memory_holds_stone,EN,7,adjacent,R->R,R,R,ruis,ruis,cross,cross,5,5,0,Resonance,Crystalize,Maximal Fusion,Maximal Fusion,False
the-river-remembers-the-stone,THE RIVER REMEMBERS THE STONE,expanded_001,expanded,memory_holds_stone,EN,8,adjacent,R->E,R,E,ruis,eadhadh,cross,diagonal,5,4,1,Modulation,Gate,Maximal Fusion,Strong Torrent,False
the-river-remembers-the-stone,THE RIVER REMEMBERS THE STONE,expanded_001,expanded,memory_holds_stone,EN,9,adjacent,E->M,E,M,eadhadh,muin,diagonal,cross,4,1,3,Dominance,Gate,Strong Torrent,Atomic Bind,False
the-river-remembers-the-stone,THE RIVER REMEMBERS THE STONE,expanded_001,expanded,memory_holds_stone,EN,10,adjacent,M->E,M,E,muin,eadhadh,cross,diagonal,1,4,3,Dominance,Gate,Atomic Bind,Strong Torrent,False
the-river-remembers-the-stone,THE RIVER REMEMBERS THE STONE,expanded_001,expanded,memory_holds_stone,EN,11,adjacent,E->M,E,M,eadhadh,muin,diagonal,cross,4,1,3,Dominance,Gate,Strong Torrent,Atomic Bind,False
the-river-remembers-the-stone,THE RIVER REMEMBERS THE STONE,expanded_001,expanded,memory_holds_stone,EN,12,adjacent,M->B,M,B,muin,beith,cross,right,1,1,0,Resonance,Anchor,Atomic Bind,Atomic Initiation,False
the-river-remembers-the-stone,THE RIVER REMEMBERS THE STONE,expanded_001,expanded,memory_holds_stone,EN,13,adjacent,B->E,B,E,beith,eadhadh,right,diagonal,1,4,3,Dominance,Propel,Atomic Initiation,Strong Torrent,False
the-river-remembers-the-stone,THE RIVER REMEMBERS THE STONE,expanded_001,expanded,memory_holds_stone,EN,14,adjacent,E->R,E,R,eadhadh,ruis,diagonal,cross,4,5,1,Modulation,Gate,Strong Torrent,Maximal Fusion,False
the-river-remembers-the-stone,THE RIVER REMEMBERS THE STONE,expanded_001,expanded,memory_holds_stone,EN,15,adjacent,R->S,R,S,ruis,sail,cross,right,5,4,1,Modulation,Anchor,Maximal Fusion,Strong Enforcement,False
the-river-remembers-the-stone,THE RIVER REMEMBERS THE STONE,expanded_001,expanded,memory_holds_stone,EN,16,adjacent,S->T,S,T,sail,tinne,right,left,4,3,1,Modulation,Opposition,Strong Enforcement,Median Balance,False
the-river-remembers-the-stone,THE RIVER REMEMBERS THE STONE,expanded_001,expanded,memory_holds_stone,EN,17,adjacent,T->H,T,H,tinne,huath,left,left,3,1,2,Dominance,Reinforce,Median Balance,Atomic Reaction,False
the-river-remembers-the-stone,THE RIVER REMEMBERS THE STONE,expanded_001,expanded,memory_holds_stone,EN,18,adjacent,H->E,H,E,huath,eadhadh,left,diagonal,1,4,3,Dominance,Dampen,Atomic Reaction,Strong Torrent,False
the-river-remembers-the-stone,THE RIVER REMEMBERS THE STONE,expanded_001,expanded,memory_holds_stone,EN,19,adjacent,E->S,E,S,eadhadh,sail,diagonal,right,4,4,0,Resonance,Propel,Strong Torrent,Strong Enforcement,False
the-river-remembers-the-stone,THE RIVER REMEMBERS THE STONE,expanded_001,expanded,memory_holds_stone,EN,20,adjacent,S->T,S,T,sail,tinne,right,left,4,3,1,Modulation,Opposition,Strong Enforcement,Median Balance,False
the-river-remembers-the-stone,THE RIVER REMEMBERS THE STONE,expanded_001,expanded,memory_holds_stone,EN,21,adjacent,T->O,T,O,tinne,onn,left,diagonal,3,2,1,Modulation,Dampen,Median Balance,Weak Current,False
the-river-remembers-the-stone,THE RIVER REMEMBERS THE STONE,expanded_001,expanded,memory_holds_stone,EN,22,adjacent,O->N,O,N,onn,ngeadal,diagonal,cross,2,3,1,Modulation,Gate,Weak Current,Median Lock,False
the-river-remembers-the-stone,THE RIVER REMEMBERS THE STONE,expanded_001,expanded,memory_holds_stone,EN,23,adjacent,N->E,N,E,ngeadal,eadhadh,cross,diagonal,3,4,1,Modulation,Gate,Median Lock,Strong Torrent,False
memory-opens-a-hidden-gate,MEMORY OPENS A HIDDEN GATE,expanded_002,expanded,memory_opens_gate,EN,0,adjacent,M->E,M,E,muin,eadhadh,cross,diagonal,1,4,3,Dominance,Gate,Atomic Bind,Strong Torrent,False
memory-opens-a-hidden-gate,MEMORY OPENS A HIDDEN GATE,expanded_002,expanded,memory_opens_gate,EN,1,adjacent,E->M,E,M,eadhadh,muin,diagonal,cross,4,1,3,Dominance,Gate,Strong Torrent,Atomic Bind,False
memory-opens-a-hidden-gate,MEMORY OPENS A HIDDEN GATE,expanded_002,expanded,memory_opens_gate,EN,2,adjacent,M->O,M,O,muin,onn,cross,diagonal,1,2,1,Modulation,Gate,Atomic Bind,Weak Current,False
memory-opens-a-hidden-gate,MEMORY OPENS A HIDDEN GATE,expanded_002,expanded,memory_opens_gate,EN,3,adjacent,O->R,O,R,onn,ruis,diagonal,cross,2,5,3,Dominance,Gate,Weak Current,Maximal Fusion,False
memory-opens-a-hidden-gate,MEMORY OPENS A HIDDEN GATE,expanded_002,expanded,memory_opens_gate,EN,4,adjacent,R->I,R,I,ruis,idad,cross,diagonal,5,5,0,Resonance,Gate,Maximal Fusion,Maximal Jet,False
memory-opens-a-hidden-gate,MEMORY OPENS A HIDDEN GATE,expanded_002,expanded,memory_opens_gate,EN,5,adjacent,I->O,I,O,idad,onn,diagonal,diagonal,5,2,3,Dominance,Stream,Maximal Jet,Weak Current,False
memory-opens-a-hidden-gate,MEMORY OPENS A HIDDEN GATE,expanded_002,expanded,memory_opens_gate,EN,6,adjacent,O->P,O,P,onn,peith,diagonal,right,2,5,3,Dominance,Propel,Weak Current,Maximal Drive,False
memory-opens-a-hidden-gate,MEMORY OPENS A HIDDEN GATE,expanded_002,expanded,memory_opens_gate,EN,7,adjacent,P->E,P,E,peith,eadhadh,right,diagonal,5,4,1,Modulation,Propel,Maximal Drive,Strong Torrent,False
memory-opens-a-hidden-gate,MEMORY OPENS A HIDDEN GATE,expanded_002,expanded,memory_opens_gate,EN,8,adjacent,E->N,E,N,eadhadh,ngeadal,diagonal,cross,4,3,1,Modulation,Gate,Strong Torrent,Median Lock,False
memory-opens-a-hidden-gate,MEMORY OPENS A HIDDEN GATE,expanded_002,expanded,memory_opens_gate,EN,9,adjacent,N->S,N,S,ngeadal,sail,cross,right,3,4,1,Modulation,Anchor,Median Lock,Strong Enforcement,False
memory-opens-a-hidden-gate,MEMORY OPENS A HIDDEN GATE,expanded_002,expanded,memory_opens_gate,EN,10,adjacent,S->A,S,A,sail,ailm,right,diagonal,4,1,3,Dominance,Propel,Strong Enforcement,Atomic Flow,False
memory-opens-a-hidden-gate,MEMORY OPENS A HIDDEN GATE,expanded_002,expanded,memory_opens_gate,EN,11,adjacent,A->H,A,H,ailm,huath,diagonal,left,1,1,0,Resonance,Dampen,Atomic Flow,Atomic Reaction,False
memory-opens-a-hidden-gate,MEMORY OPENS A HIDDEN GATE,expanded_002,expanded,memory_opens_gate,EN,12,adjacent,H->I,H,I,huath,idad,left,diagonal,1,5,4,Dominance,Dampen,Atomic Reaction,Maximal Jet,False
memory-opens-a-hidden-gate,MEMORY OPENS A HIDDEN GATE,expanded_002,expanded,memory_opens_gate,EN,13,adjacent,I->D,I,D,idad,duir,diagonal,left,5,2,3,Dominance,Dampen,Maximal Jet,Weak Resistance,False
memory-opens-a-hidden-gate,MEMORY OPENS A HIDDEN GATE,expanded_002,expanded,memory_opens_gate,EN,14,adjacent,D->D,D,D,duir,duir,left,left,2,2,0,Resonance,Reinforce,Weak Resistance,Weak Resistance,False
memory-opens-a-hidden-gate,MEMORY OPENS A HIDDEN GATE,expanded_002,expanded,memory_opens_gate,EN,15,adjacent,D->E,D,E,duir,eadhadh,left,diagonal,2,4,2,Dominance,Dampen,Weak Resistance,Strong Torrent,False
memory-opens-a-hidden-gate,MEMORY OPENS A HIDDEN GATE,expanded_002,expanded,memory_opens_gate,EN,16,adjacent,E->N,E,N,eadhadh,ngeadal,diagonal,cross,4,3,1,Modulation,Gate,Strong Torrent,Median Lock,False
memory-opens-a-hidden-gate,MEMORY OPENS A HIDDEN GATE,expanded_002,expanded,memory_opens_gate,EN,17,adjacent,N->G,N,G,ngeadal,gort,cross,cross,3,2,1,Modulation,Crystalize,Median Lock,Loose Knot,False
memory-opens-a-hidden-gate,MEMORY OPENS A HIDDEN GATE,expanded_002,expanded,memory_opens_gate,EN,18,adjacent,G->A,G,A,gort,ailm,cross,diagonal,2,1,1,Modulation,Gate,Loose Knot,Atomic Flow,False
memory-opens-a-hidden-gate,MEMORY OPENS A HIDDEN GATE,expanded_002,expanded,memory_opens_gate,EN,19,adjacent,A->T,A,T,ailm,tinne,diagonal,left,1,3,2,Dominance,Dampen,Atomic Flow,Median Balance,False
memory-opens-a-hidden-gate,MEMORY OPENS A HIDDEN GATE,expanded_002,expanded,memory_opens_gate,EN,20,adjacent,T->E,T,E,tinne,eadhadh,left,diagonal,3,4,1,Modulation,Dampen,Median Balance,Strong Torrent,False
the-broken-vessel-holds-light,THE BROKEN VESSEL HOLDS LIGHT,expanded_003,expanded,broken_vessel_holds_light,EN,0,adjacent,T->H,T,H,tinne,huath,left,left,3,1,2,Dominance,Reinforce,Median Balance,Atomic Reaction,False
the-broken-vessel-holds-light,THE BROKEN VESSEL HOLDS LIGHT,expanded_003,expanded,broken_vessel_holds_light,EN,1,adjacent,H->E,H,E,huath,eadhadh,left,diagonal,1,4,3,Dominance,Dampen,Atomic Reaction,Strong Torrent,False
the-broken-vessel-holds-light,THE BROKEN VESSEL HOLDS LIGHT,expanded_003,expanded,broken_vessel_holds_light,EN,2,adjacent,E->B,E,B,eadhadh,beith,diagonal,right,4,1,3,Dominance,Propel,Strong Torrent,Atomic Initiation,False
the-broken-vessel-holds-light,THE BROKEN VESSEL HOLDS LIGHT,expanded_003,expanded,broken_vessel_holds_light,EN,3,adjacent,B->R,B,R,beith,ruis,right,cross,1,5,4,Dominance,Anchor,Atomic Initiation,Maximal Fusion,False
the-broken-vessel-holds-light,THE BROKEN VESSEL HOLDS LIGHT,expanded_003,expanded,broken_vessel_holds_light,EN,4,adjacent,R->O,R,O,ruis,onn,cross,diagonal,5,2,3,Dominance,Gate,Maximal Fusion,Weak Current,False
the-broken-vessel-holds-light,THE BROKEN VESSEL HOLDS LIGHT,expanded_003,expanded,broken_vessel_holds_light,EN,5,adjacent,O->C,O,C,onn,coll,diagonal,left,2,4,2,Dominance,Dampen,Weak Current,Strong Barrier,False
the-broken-vessel-holds-light,THE BROKEN VESSEL HOLDS LIGHT,expanded_003,expanded,broken_vessel_holds_light,EN,6,adjacent,C->E,C,E,coll,eadhadh,left,diagonal,4,4,0,Resonance,Dampen,Strong Barrier,Strong Torrent,False
the-broken-vessel-holds-light,THE BROKEN VESSEL HOLDS LIGHT,expanded_003,expanded,broken_vessel_holds_light,EN,7,adjacent,E->N,E,N,eadhadh,ngeadal,diagonal,cross,4,3,1,Modulation,Gate,Strong Torrent,Median Lock,False
the-broken-vessel-holds-light,THE BROKEN VESSEL HOLDS LIGHT,expanded_003,expanded,broken_vessel_holds_light,EN,8,adjacent,N->F,N,F,ngeadal,fearn,cross,right,3,3,0,Resonance,Anchor,Median Lock,Median Assertion,False
the-broken-vessel-holds-light,THE BROKEN VESSEL HOLDS LIGHT,expanded_003,expanded,broken_vessel_holds_light,EN,9,adjacent,F->E,F,E,fearn,eadhadh,right,diagonal,3,4,1,Modulation,Propel,Median Assertion,Strong Torrent,False
the-broken-vessel-holds-light,THE BROKEN VESSEL HOLDS LIGHT,expanded_003,expanded,broken_vessel_holds_light,EN,10,adjacent,E->S,E,S,eadhadh,sail,diagonal,right,4,4,0,Resonance,Propel,Strong Torrent,Strong Enforcement,False
the-broken-vessel-holds-light,THE BROKEN VESSEL HOLDS LIGHT,expanded_003,expanded,broken_vessel_holds_light,EN,11,adjacent,S->S,S,S,sail,sail,right,right,4,4,0,Resonance,Reinforce,Strong Enforcement,Strong Enforcement,False
the-broken-vessel-holds-light,THE BROKEN VESSEL HOLDS LIGHT,expanded_003,expanded,broken_vessel_holds_light,EN,12,adjacent,S->E,S,E,sail,eadhadh,right,diagonal,4,4,0,Resonance,Propel,Strong Enforcement,Strong Torrent,False
the-broken-vessel-holds-light,THE BROKEN VESSEL HOLDS LIGHT,expanded_003,expanded,broken_vessel_holds_light,EN,13,adjacent,E->L,E,L,eadhadh,luis,diagonal,right,4,2,2,Dominance,Propel,Strong Torrent,Weak Coupling,False
the-broken-vessel-holds-light,THE BROKEN VESSEL HOLDS LIGHT,expanded_003,expanded,broken_vessel_holds_light,EN,14,adjacent,L->H,L,H,luis,huath,right,left,2,1,1,Modulation,Opposition,Weak Coupling,Atomic Reaction,False
the-broken-vessel-holds-light,THE BROKEN VESSEL HOLDS LIGHT,expanded_003,expanded,broken_vessel_holds_light,EN,15,adjacent,H->O,H,O,huath,onn,left,diagonal,1,2,1,Modulation,Dampen,Atomic Reaction,Weak Current,False
the-broken-vessel-holds-light,THE BROKEN VESSEL HOLDS LIGHT,expanded_003,expanded,broken_vessel_holds_light,EN,16,adjacent,O->L,O,L,onn,luis,diagonal,right,2,2,0,Resonance,Propel,Weak Current,Weak Coupling,False
the-broken-vessel-holds-light,THE BROKEN VESSEL HOLDS LIGHT,expanded_003,expanded,broken_vessel_holds_light,EN,17,adjacent,L->D,L,D,luis,duir,right,left,2,2,0,Resonance,Opposition,Weak Coupling,Weak Resistance,False
the-broken-vessel-holds-light,THE BROKEN VESSEL HOLDS LIGHT,expanded_003,expanded,broken_vessel_holds_light,EN,18,adjacent,D->S,D,S,duir,sail,left,right,2,4,2,Dominance,Opposition,Weak Resistance,Strong Enforcement,False
the-broken-vessel-holds-light,THE BROKEN VESSEL HOLDS LIGHT,expanded_003,expanded,broken_vessel_holds_light,EN,19,adjacent,S->L,S,L,sail,luis,right,right,4,2,2,Dominance,Reinforce,Strong Enforcement,Weak Coupling,False
the-broken-vessel-holds-light,THE BROKEN VESSEL HOLDS LIGHT,expanded_003,expanded,broken_vessel_holds_light,EN,20,adjacent,L->I,L,I,luis,idad,right,diagonal,2,5,3,Dominance,Propel,Weak Coupling,Maximal Jet,False
the-broken-vessel-holds-light,THE BROKEN VESSEL HOLDS LIGHT,expanded_003,expanded,broken_vessel_holds_light,EN,21,adjacent,I->G,I,G,idad,gort,diagonal,cross,5,2,3,Dominance,Gate,Maximal Jet,Loose Knot,False
the-broken-vessel-holds-light,THE BROKEN VESSEL HOLDS LIGHT,expanded_003,expanded,broken_vessel_holds_light,EN,22,adjacent,G->H,G,H,gort,huath,cross,left,2,1,1,Modulation,Anchor,Loose Knot,Atomic Reaction,False
the-broken-vessel-holds-light,THE BROKEN VESSEL HOLDS LIGHT,expanded_003,expanded,broken_vessel_holds_light,EN,23,adjacent,H->T,H,T,huath,tinne,left,left,1,3,2,Dominance,Reinforce,Atomic Reaction,Median Balance,False
fire-teaches-water-to-turn,FIRE TEACHES WATER TO TURN,expanded_004,expanded,water_teaches_fire,EN,0,adjacent,F->I,F,I,fearn,idad,right,diagonal,3,5,2,Dominance,Propel,Median Assertion,Maximal Jet,False
fire-teaches-water-to-turn,FIRE TEACHES WATER TO TURN,expanded_004,expanded,water_teaches_fire,EN,1,adjacent,I->R,I,R,idad,ruis,diagonal,cross,5,5,0,Resonance,Gate,Maximal Jet,Maximal Fusion,False
fire-teaches-water-to-turn,FIRE TEACHES WATER TO TURN,expanded_004,expanded,water_teaches_fire,EN,2,adjacent,R->E,R,E,ruis,eadhadh,cross,diagonal,5,4,1,Modulation,Gate,Maximal Fusion,Strong Torrent,False
fire-teaches-water-to-turn,FIRE TEACHES WATER TO TURN,expanded_004,expanded,water_teaches_fire,EN,3,adjacent,E->T,E,T,eadhadh,tinne,diagonal,left,4,3,1,Modulation,Dampen,Strong Torrent,Median Balance,False
fire-teaches-water-to-turn,FIRE TEACHES WATER TO TURN,expanded_004,expanded,water_teaches_fire,EN,4,adjacent,T->EA,T,EA,tinne,ea,left,backslash,3,4,1,Modulation,Invert,Median Balance,Strong Warp,True
fire-teaches-water-to-turn,FIRE TEACHES WATER TO TURN,expanded_004,expanded,water_teaches_fire,EN,5,adjacent,EA->C,EA,C,ea,coll,backslash,left,4,4,0,Resonance,Invert,Strong Warp,Strong Barrier,True
fire-teaches-water-to-turn,FIRE TEACHES WATER TO TURN,expanded_004,expanded,water_teaches_fire,EN,6,adjacent,C->H,C,H,coll,huath,left,left,4,1,3,Dominance,Reinforce,Strong Barrier,Atomic Reaction,False
fire-teaches-water-to-turn,FIRE TEACHES WATER TO TURN,expanded_004,expanded,water_teaches_fire,EN,7,adjacent,H->E,H,E,huath,eadhadh,left,diagonal,1,4,3,Dominance,Dampen,Atomic Reaction,Strong Torrent,False
fire-teaches-water-to-turn,FIRE TEACHES WATER TO TURN,expanded_004,expanded,water_teaches_fire,EN,8,adjacent,E->S,E,S,eadhadh,sail,diagonal,right,4,4,0,Resonance,Propel,Strong Torrent,Strong Enforcement,False
fire-teaches-water-to-turn,FIRE TEACHES WATER TO TURN,expanded_004,expanded,water_teaches_fire,EN,9,adjacent,S->W,S,W,sail,ceirt,right,left,4,5,1,Modulation,Opposition,Strong Enforcement,Maximal Opposition,False
fire-teaches-water-to-turn,FIRE TEACHES WATER TO TURN,expanded_004,expanded,water_teaches_fire,EN,10,adjacent,W->A,W,A,ceirt,ailm,left,diagonal,5,1,4,Dominance,Dampen,Maximal Opposition,Atomic Flow,False
fire-teaches-water-to-turn,FIRE TEACHES WATER TO TURN,expanded_004,expanded,water_teaches_fire,EN,11,adjacent,A->T,A,T,ailm,tinne,diagonal,left,1,3,2,Dominance,Dampen,Atomic Flow,Median Balance,False
fire-teaches-water-to-turn,FIRE TEACHES WATER TO TURN,expanded_004,expanded,water_teaches_fire,EN,12,adjacent,T->E,T,E,tinne,eadhadh,left,diagonal,3,4,1,Modulation,Dampen,Median Balance,Strong Torrent,False
fire-teaches-water-to-turn,FIRE TEACHES WATER TO TURN,expanded_004,expanded,water_teaches_fire,EN,13,adjacent,E->R,E,R,eadhadh,ruis,diagonal,cross,4,5,1,Modulation,Gate,Strong Torrent,Maximal Fusion,False
fire-teaches-water-to-turn,FIRE TEACHES WATER TO TURN,expanded_004,expanded,water_teaches_fire,EN,14,adjacent,R->T,R,T,ruis,tinne,cross,left,5,3,2,Dominance,Anchor,Maximal Fusion,Median Balance,False
fire-teaches-water-to-turn,FIRE TEACHES WATER TO TURN,expanded_004,expanded,water_teaches_fire,EN,15,adjacent,T->O,T,O,tinne,onn,left,diagonal,3,2,1,Modulation,Dampen,Median Balance,Weak Current,False
fire-teaches-water-to-turn,FIRE TEACHES WATER TO TURN,expanded_004,expanded,water_teaches_fire,EN,16,adjacent,O->T,O,T,onn,tinne,diagonal,left,2,3,1,Modulation,Dampen,Weak Current,Median Balance,False
fire-teaches-water-to-turn,FIRE TEACHES WATER TO TURN,expanded_004,expanded,water_teaches_fire,EN,17,adjacent,T->U,T,U,tinne,ur,left,diagonal,3,3,0,Resonance,Dampen,Median Balance,Median Stream,False
fire-teaches-water-to-turn,FIRE TEACHES WATER TO TURN,expanded_004,expanded,water_teaches_fire,EN,18,adjacent,U->R,U,R,ur,ruis,diagonal,cross,3,5,2,Dominance,Gate,Median Stream,Maximal Fusion,False
fire-teaches-water-to-turn,FIRE TEACHES WATER TO TURN,expanded_004,expanded,water_teaches_fire,EN,19,adjacent,R->N,R,N,ruis,ngeadal,cross,cross,5,3,2,Dominance,Crystalize,Maximal Fusion,Median Lock,False
stone-listens-under-the-rain,STONE LISTENS UNDER THE RAIN,expanded_005,expanded,stone_listens,EN,0,adjacent,S->T,S,T,sail,tinne,right,left,4,3,1,Modulation,Opposition,Strong Enforcement,Median Balance,False
stone-listens-under-the-rain,STONE LISTENS UNDER THE RAIN,expanded_005,expanded,stone_listens,EN,1,adjacent,T->O,T,O,tinne,onn,left,diagonal,3,2,1,Modulation,Dampen,Median Balance,Weak Current,False
stone-listens-under-the-rain,STONE LISTENS UNDER THE RAIN,expanded_005,expanded,stone_listens,EN,2,adjacent,O->N,O,N,onn,ngeadal,diagonal,cross,2,3,1,Modulation,Gate,Weak Current,Median Lock,False
stone-listens-under-the-rain,STONE LISTENS UNDER THE RAIN,expanded_005,expanded,stone_listens,EN,3,adjacent,N->E,N,E,ngeadal,eadhadh,cross,diagonal,3,4,1,Modulation,Gate,Median Lock,Strong Torrent,False
stone-listens-under-the-rain,STONE LISTENS UNDER THE RAIN,expanded_005,expanded,stone_listens,EN,4,adjacent,E->L,E,L,eadhadh,luis,diagonal,right,4,2,2,Dominance,Propel,Strong Torrent,Weak Coupling,False
stone-listens-under-the-rain,STONE LISTENS UNDER THE RAIN,expanded_005,expanded,stone_listens,EN,5,adjacent,L->I,L,I,luis,idad,right,diagonal,2,5,3,Dominance,Propel,Weak Coupling,Maximal Jet,False
stone-listens-under-the-rain,STONE LISTENS UNDER THE RAIN,expanded_005,expanded,stone_listens,EN,6,adjacent,I->S,I,S,idad,sail,diagonal,right,5,4,1,Modulation,Propel,Maximal Jet,Strong Enforcement,False
stone-listens-under-the-rain,STONE LISTENS UNDER THE RAIN,expanded_005,expanded,stone_listens,EN,7,adjacent,S->T,S,T,sail,tinne,right,left,4,3,1,Modulation,Opposition,Strong Enforcement,Median Balance,False
stone-listens-under-the-rain,STONE LISTENS UNDER THE RAIN,expanded_005,expanded,stone_listens,EN,8,adjacent,T->E,T,E,tinne,eadhadh,left,diagonal,3,4,1,Modulation,Dampen,Median Balance,Strong Torrent,False
stone-listens-under-the-rain,STONE LISTENS UNDER THE RAIN,expanded_005,expanded,stone_listens,EN,9,adjacent,E->N,E,N,eadhadh,ngeadal,diagonal,cross,4,3,1,Modulation,Gate,Strong Torrent,Median Lock,False
stone-listens-under-the-rain,STONE LISTENS UNDER THE RAIN,expanded_005,expanded,stone_listens,EN,10,adjacent,N->S,N,S,ngeadal,sail,cross,right,3,4,1,Modulation,Anchor,Median Lock,Strong Enforcement,False
stone-listens-under-the-rain,STONE LISTENS UNDER THE RAIN,expanded_005,expanded,stone_listens,EN,11,adjacent,S->U,S,U,sail,ur,right,diagonal,4,3,1,Modulation,Propel,Strong Enforcement,Median Stream,False
stone-listens-under-the-rain,STONE LISTENS UNDER THE RAIN,expanded_005,expanded,stone_listens,EN,12,adjacent,U->N,U,N,ur,ngeadal,diagonal,cross,3,3,0,Resonance,Gate,Median Stream,Median Lock,False
stone-listens-under-the-rain,STONE LISTENS UNDER THE RAIN,expanded_005,expanded,stone_listens,EN,13,adjacent,N->D,N,D,ngeadal,duir,cross,left,3,2,1,Modulation,Anchor,Median Lock,Weak Resistance,False
stone-listens-under-the-rain,STONE LISTENS UNDER THE RAIN,expanded_005,expanded,stone_listens,EN,14,adjacent,D->E,D,E,duir,eadhadh,left,diagonal,2,4,2,Dominance,Dampen,Weak Resistance,Strong Torrent,False
stone-listens-under-the-rain,STONE LISTENS UNDER THE RAIN,expanded_005,expanded,stone_listens,EN,15,adjacent,E->R,E,R,eadhadh,ruis,diagonal,cross,4,5,1,Modulation,Gate,Strong Torrent,Maximal Fusion,False
stone-listens-under-the-rain,STONE LISTENS UNDER THE RAIN,expanded_005,expanded,stone_listens,EN,16,adjacent,R->T,R,T,ruis,tinne,cross,left,5,3,2,Dominance,Anchor,Maximal Fusion,Median Balance,False
stone-listens-under-the-rain,STONE LISTENS UNDER THE RAIN,expanded_005,expanded,stone_listens,EN,17,adjacent,T->H,T,H,tinne,huath,left,left,3,1,2,Dominance,Reinforce,Median Balance,Atomic Reaction,False
stone-listens-under-the-rain,STONE LISTENS UNDER THE RAIN,expanded_005,expanded,stone_listens,EN,18,adjacent,H->E,H,E,huath,eadhadh,left,diagonal,1,4,3,Dominance,Dampen,Atomic Reaction,Strong Torrent,False
stone-listens-under-the-rain,STONE LISTENS UNDER THE RAIN,expanded_005,expanded,stone_listens,EN,19,adjacent,E->R,E,R,eadhadh,ruis,diagonal,cross,4,5,1,Modulation,Gate,Strong Torrent,Maximal Fusion,False
stone-listens-under-the-rain,STONE LISTENS UNDER THE RAIN,expanded_005,expanded,stone_listens,EN,20,adjacent,R->A,R,A,ruis,ailm,cross,diagonal,5,1,4,Dominance,Gate,Maximal Fusion,Atomic Flow,False
stone-listens-under-the-rain,STONE LISTENS UNDER THE RAIN,expanded_005,expanded,stone_listens,EN,21,adjacent,A->I,A,I,ailm,idad,diagonal,diagonal,1,5,4,Dominance,Stream,Atomic Flow,Maximal Jet,False
stone-listens-under-the-rain,STONE LISTENS UNDER THE RAIN,expanded_005,expanded,stone_listens,EN,22,adjacent,I->N,I,N,idad,ngeadal,diagonal,cross,5,3,2,Dominance,Gate,Maximal Jet,Median Lock,False
a-small-key-opens-the-old-lock,A SMALL KEY OPENS THE OLD LOCK,expanded_006,expanded,key_opens_lock,EN,0,adjacent,A->S,A,S,ailm,sail,diagonal,right,1,4,3,Dominance,Propel,Atomic Flow,Strong Enforcement,False
a-small-key-opens-the-old-lock,A SMALL KEY OPENS THE OLD LOCK,expanded_006,expanded,key_opens_lock,EN,1,adjacent,S->M,S,M,sail,muin,right,cross,4,1,3,Dominance,Anchor,Strong Enforcement,Atomic Bind,False
a-small-key-opens-the-old-lock,A SMALL KEY OPENS THE OLD LOCK,expanded_006,expanded,key_opens_lock,EN,2,adjacent,M->A,M,A,muin,ailm,cross,diagonal,1,1,0,Resonance,Gate,Atomic Bind,Atomic Flow,False
a-small-key-opens-the-old-lock,A SMALL KEY OPENS THE OLD LOCK,expanded_006,expanded,key_opens_lock,EN,3,adjacent,A->L,A,L,ailm,luis,diagonal,right,1,2,1,Modulation,Propel,Atomic Flow,Weak Coupling,False
a-small-key-opens-the-old-lock,A SMALL KEY OPENS THE OLD LOCK,expanded_006,expanded,key_opens_lock,EN,4,adjacent,L->L,L,L,luis,luis,right,right,2,2,0,Resonance,Reinforce,Weak Coupling,Weak Coupling,False
a-small-key-opens-the-old-lock,A SMALL KEY OPENS THE OLD LOCK,expanded_006,expanded,key_opens_lock,EN,5,adjacent,L->C,L,C,luis,coll,right,left,2,4,2,Dominance,Opposition,Weak Coupling,Strong Barrier,False
a-small-key-opens-the-old-lock,A SMALL KEY OPENS THE OLD LOCK,expanded_006,expanded,key_opens_lock,EN,6,adjacent,C->E,C,E,coll,eadhadh,left,diagonal,4,4,0,Resonance,Dampen,Strong Barrier,Strong Torrent,False
a-small-key-opens-the-old-lock,A SMALL KEY OPENS THE OLD LOCK,expanded_006,expanded,key_opens_lock,EN,7,adjacent,E->I,E,I,eadhadh,idad,diagonal,diagonal,4,5,1,Modulation,Stream,Strong Torrent,Maximal Jet,False
a-small-key-opens-the-old-lock,A SMALL KEY OPENS THE OLD LOCK,expanded_006,expanded,key_opens_lock,EN,8,adjacent,I->O,I,O,idad,onn,diagonal,diagonal,5,2,3,Dominance,Stream,Maximal Jet,Weak Current,False
a-small-key-opens-the-old-lock,A SMALL KEY OPENS THE OLD LOCK,expanded_006,expanded,key_opens_lock,EN,9,adjacent,O->P,O,P,onn,peith,diagonal,right,2,5,3,Dominance,Propel,Weak Current,Maximal Drive,False
a-small-key-opens-the-old-lock,A SMALL KEY OPENS THE OLD LOCK,expanded_006,expanded,key_opens_lock,EN,10,adjacent,P->E,P,E,peith,eadhadh,right,diagonal,5,4,1,Modulation,Propel,Maximal Drive,Strong Torrent,False
a-small-key-opens-the-old-lock,A SMALL KEY OPENS THE OLD LOCK,expanded_006,expanded,key_opens_lock,EN,11,adjacent,E->N,E,N,eadhadh,ngeadal,diagonal,cross,4,3,1,Modulation,Gate,Strong Torrent,Median Lock,False
a-small-key-opens-the-old-lock,A SMALL KEY OPENS THE OLD LOCK,expanded_006,expanded,key_opens_lock,EN,12,adjacent,N->S,N,S,ngeadal,sail,cross,right,3,4,1,Modulation,Anchor,Median Lock,Strong Enforcement,False
a-small-key-opens-the-old-lock,A SMALL KEY OPENS THE OLD LOCK,expanded_006,expanded,key_opens_lock,EN,13,adjacent,S->T,S,T,sail,tinne,right,left,4,3,1,Modulation,Opposition,Strong Enforcement,Median Balance,False
a-small-key-opens-the-old-lock,A SMALL KEY OPENS THE OLD LOCK,expanded_006,expanded,key_opens_lock,EN,14,adjacent,T->H,T,H,tinne,huath,left,left,3,1,2,Dominance,Reinforce,Median Balance,Atomic Reaction,False
a-small-key-opens-the-old-lock,A SMALL KEY OPENS THE OLD LOCK,expanded_006,expanded,key_opens_lock,EN,15,adjacent,H->E,H,E,huath,eadhadh,left,diagonal,1,4,3,Dominance,Dampen,Atomic Reaction,Strong Torrent,False
a-small-key-opens-the-old-lock,A SMALL KEY OPENS THE OLD LOCK,expanded_006,expanded,key_opens_lock,EN,16,adjacent,E->O,E,O,eadhadh,onn,diagonal,diagonal,4,2,2,Dominance,Stream,Strong Torrent,Weak Current,False
a-small-key-opens-the-old-lock,A SMALL KEY OPENS THE OLD LOCK,expanded_006,expanded,key_opens_lock,EN,17,adjacent,O->L,O,L,onn,luis,diagonal,right,2,2,0,Resonance,Propel,Weak Current,Weak Coupling,False
a-small-key-opens-the-old-lock,A SMALL KEY OPENS THE OLD LOCK,expanded_006,expanded,key_opens_lock,EN,18,adjacent,L->D,L,D,luis,duir,right,left,2,2,0,Resonance,Opposition,Weak Coupling,Weak Resistance,False
a-small-key-opens-the-old-lock,A SMALL KEY OPENS THE OLD LOCK,expanded_006,expanded,key_opens_lock,EN,19,adjacent,D->L,D,L,duir,luis,left,right,2,2,0,Resonance,Opposition,Weak Resistance,Weak Coupling,False
a-small-key-opens-the-old-lock,A SMALL KEY OPENS THE OLD LOCK,expanded_006,expanded,key_opens_lock,EN,20,adjacent,L->O,L,O,luis,onn,right,diagonal,2,2,0,Resonance,Propel,Weak Coupling,Weak Current,False
a-small-key-opens-the-old-lock,A SMALL KEY OPENS THE OLD LOCK,expanded_006,expanded,key_opens_lock,EN,21,adjacent,O->C,O,C,onn,coll,diagonal,left,2,4,2,Dominance,Dampen,Weak Current,Strong Barrier,False
a-small-key-opens-the-old-lock,A SMALL KEY OPENS THE OLD LOCK,expanded_006,expanded,key_opens_lock,EN,22,adjacent,C->C,C,C,coll,coll,left,left,4,4,0,Resonance,Reinforce,Strong Barrier,Strong Barrier,False
the-child-draws-a-circle,THE CHILD DRAWS A CIRCLE,expanded_007,expanded,child_draws_circle,EN,0,adjacent,T->H,T,H,tinne,huath,left,left,3,1,2,Dominance,Reinforce,Median Balance,Atomic Reaction,False
the-child-draws-a-circle,THE CHILD DRAWS A CIRCLE,expanded_007,expanded,child_draws_circle,EN,1,adjacent,H->E,H,E,huath,eadhadh,left,diagonal,1,4,3,Dominance,Dampen,Atomic Reaction,Strong Torrent,False
the-child-draws-a-circle,THE CHILD DRAWS A CIRCLE,expanded_007,expanded,child_draws_circle,EN,2,adjacent,E->C,E,C,eadhadh,coll,diagonal,left,4,4,0,Resonance,Dampen,Strong Torrent,Strong Barrier,False
the-child-draws-a-circle,THE CHILD DRAWS A CIRCLE,expanded_007,expanded,child_draws_circle,EN,3,adjacent,C->H,C,H,coll,huath,left,left,4,1,3,Dominance,Reinforce,Strong Barrier,Atomic Reaction,False
the-child-draws-a-circle,THE CHILD DRAWS A CIRCLE,expanded_007,expanded,child_draws_circle,EN,4,adjacent,H->I,H,I,huath,idad,left,diagonal,1,5,4,Dominance,Dampen,Atomic Reaction,Maximal Jet,False
the-child-draws-a-circle,THE CHILD DRAWS A CIRCLE,expanded_007,expanded,child_draws_circle,EN,5,adjacent,I->L,I,L,idad,luis,diagonal,right,5,2,3,Dominance,Propel,Maximal Jet,Weak Coupling,False
the-child-draws-a-circle,THE CHILD DRAWS A CIRCLE,expanded_007,expanded,child_draws_circle,EN,6,adjacent,L->D,L,D,luis,duir,right,left,2,2,0,Resonance,Opposition,Weak Coupling,Weak Resistance,False
the-child-draws-a-circle,THE CHILD DRAWS A CIRCLE,expanded_007,expanded,child_draws_circle,EN,7,adjacent,D->D,D,D,duir,duir,left,left,2,2,0,Resonance,Reinforce,Weak Resistance,Weak Resistance,False
the-child-draws-a-circle,THE CHILD DRAWS A CIRCLE,expanded_007,expanded,child_draws_circle,EN,8,adjacent,D->R,D,R,duir,ruis,left,cross,2,5,3,Dominance,Anchor,Weak Resistance,Maximal Fusion,False
the-child-draws-a-circle,THE CHILD DRAWS A CIRCLE,expanded_007,expanded,child_draws_circle,EN,9,adjacent,R->A,R,A,ruis,ailm,cross,diagonal,5,1,4,Dominance,Gate,Maximal Fusion,Atomic Flow,False
the-child-draws-a-circle,THE CHILD DRAWS A CIRCLE,expanded_007,expanded,child_draws_circle,EN,10,adjacent,A->W,A,W,ailm,ceirt,diagonal,left,1,5,4,Dominance,Dampen,Atomic Flow,Maximal Opposition,False
the-child-draws-a-circle,THE CHILD DRAWS A CIRCLE,expanded_007,expanded,child_draws_circle,EN,11,adjacent,W->S,W,S,ceirt,sail,left,right,5,4,1,Modulation,Opposition,Maximal Opposition,Strong Enforcement,False
the-child-draws-a-circle,THE CHILD DRAWS A CIRCLE,expanded_007,expanded,child_draws_circle,EN,12,adjacent,S->A,S,A,sail,ailm,right,diagonal,4,1,3,Dominance,Propel,Strong Enforcement,Atomic Flow,False
the-child-draws-a-circle,THE CHILD DRAWS A CIRCLE,expanded_007,expanded,child_draws_circle,EN,13,adjacent,A->C,A,C,ailm,coll,diagonal,left,1,4,3,Dominance,Dampen,Atomic Flow,Strong Barrier,False
the-child-draws-a-circle,THE CHILD DRAWS A CIRCLE,expanded_007,expanded,child_draws_circle,EN,14,adjacent,C->I,C,I,coll,idad,left,diagonal,4,5,1,Modulation,Dampen,Strong Barrier,Maximal Jet,False
the-child-draws-a-circle,THE CHILD DRAWS A CIRCLE,expanded_007,expanded,child_draws_circle,EN,15,adjacent,I->R,I,R,idad,ruis,diagonal,cross,5,5,0,Resonance,Gate,Maximal Jet,Maximal Fusion,False
the-child-draws-a-circle,THE CHILD DRAWS A CIRCLE,expanded_007,expanded,child_draws_circle,EN,16,adjacent,R->C,R,C,ruis,coll,cross,left,5,4,1,Modulation,Anchor,Maximal Fusion,Strong Barrier,False
the-child-draws-a-circle,THE CHILD DRAWS A CIRCLE,expanded_007,expanded,child_draws_circle,EN,17,adjacent,C->L,C,L,coll,luis,left,right,4,2,2,Dominance,Opposition,Strong Barrier,Weak Coupling,False
the-child-draws-a-circle,THE CHILD DRAWS A CIRCLE,expanded_007,expanded,child_draws_circle,EN,18,adjacent,L->E,L,E,luis,eadhadh,right,diagonal,2,4,2,Dominance,Propel,Weak Coupling,Strong Torrent,False
music-bends-the-quiet-room,MUSIC BENDS THE QUIET ROOM,expanded_008,expanded,music_bends_room,EN,0,adjacent,M->U,M,U,muin,ur,cross,diagonal,1,3,2,Dominance,Gate,Atomic Bind,Median Stream,False
music-bends-the-quiet-room,MUSIC BENDS THE QUIET ROOM,expanded_008,expanded,music_bends_room,EN,1,adjacent,U->S,U,S,ur,sail,diagonal,right,3,4,1,Modulation,Propel,Median Stream,Strong Enforcement,False
music-bends-the-quiet-room,MUSIC BENDS THE QUIET ROOM,expanded_008,expanded,music_bends_room,EN,2,adjacent,S->I,S,I,sail,idad,right,diagonal,4,5,1,Modulation,Propel,Strong Enforcement,Maximal Jet,False
music-bends-the-quiet-room,MUSIC BENDS THE QUIET ROOM,expanded_008,expanded,music_bends_room,EN,3,adjacent,I->C,I,C,idad,coll,diagonal,left,5,4,1,Modulation,Dampen,Maximal Jet,Strong Barrier,False
music-bends-the-quiet-room,MUSIC BENDS THE QUIET ROOM,expanded_008,expanded,music_bends_room,EN,4,adjacent,C->B,C,B,coll,beith,left,right,4,1,3,Dominance,Opposition,Strong Barrier,Atomic Initiation,False
music-bends-the-quiet-room,MUSIC BENDS THE QUIET ROOM,expanded_008,expanded,music_bends_room,EN,5,adjacent,B->E,B,E,beith,eadhadh,right,diagonal,1,4,3,Dominance,Propel,Atomic Initiation,Strong Torrent,False
music-bends-the-quiet-room,MUSIC BENDS THE QUIET ROOM,expanded_008,expanded,music_bends_room,EN,6,adjacent,E->N,E,N,eadhadh,ngeadal,diagonal,cross,4,3,1,Modulation,Gate,Strong Torrent,Median Lock,False
music-bends-the-quiet-room,MUSIC BENDS THE QUIET ROOM,expanded_008,expanded,music_bends_room,EN,7,adjacent,N->D,N,D,ngeadal,duir,cross,left,3,2,1,Modulation,Anchor,Median Lock,Weak Resistance,False
music-bends-the-quiet-room,MUSIC BENDS THE QUIET ROOM,expanded_008,expanded,music_bends_room,EN,8,adjacent,D->S,D,S,duir,sail,left,right,2,4,2,Dominance,Opposition,Weak Resistance,Strong Enforcement,False
music-bends-the-quiet-room,MUSIC BENDS THE QUIET ROOM,expanded_008,expanded,music_bends_room,EN,9,adjacent,S->T,S,T,sail,tinne,right,left,4,3,1,Modulation,Opposition,Strong Enforcement,Median Balance,False
music-bends-the-quiet-room,MUSIC BENDS THE QUIET ROOM,expanded_008,expanded,music_bends_room,EN,10,adjacent,T->H,T,H,tinne,huath,left,left,3,1,2,Dominance,Reinforce,Median Balance,Atomic Reaction,False
music-bends-the-quiet-room,MUSIC BENDS THE QUIET ROOM,expanded_008,expanded,music_bends_room,EN,11,adjacent,H->E,H,E,huath,eadhadh,left,diagonal,1,4,3,Dominance,Dampen,Atomic Reaction,Strong Torrent,False
music-bends-the-quiet-room,MUSIC BENDS THE QUIET ROOM,expanded_008,expanded,music_bends_room,EN,12,adjacent,E->C,E,C,eadhadh,coll,diagonal,left,4,4,0,Resonance,Dampen,Strong Torrent,Strong Barrier,False
music-bends-the-quiet-room,MUSIC BENDS THE QUIET ROOM,expanded_008,expanded,music_bends_room,EN,13,adjacent,C->W,C,W,coll,ceirt,left,left,4,5,1,Modulation,Reinforce,Strong Barrier,Maximal Opposition,False
music-bends-the-quiet-room,MUSIC BENDS THE QUIET ROOM,expanded_008,expanded,music_bends_room,EN,14,adjacent,W->UI,W,UI,ceirt,ui,left,backslash,5,3,2,Dominance,Invert,Maximal Opposition,Median Shift,True
music-bends-the-quiet-room,MUSIC BENDS THE QUIET ROOM,expanded_008,expanded,music_bends_room,EN,15,adjacent,UI->E,UI,E,ui,eadhadh,backslash,diagonal,3,4,1,Modulation,Turbulence,Median Shift,Strong Torrent,True
music-bends-the-quiet-room,MUSIC BENDS THE QUIET ROOM,expanded_008,expanded,music_bends_room,EN,16,adjacent,E->T,E,T,eadhadh,tinne,diagonal,left,4,3,1,Modulation,Dampen,Strong Torrent,Median Balance,False
music-bends-the-quiet-room,MUSIC BENDS THE QUIET ROOM,expanded_008,expanded,music_bends_room,EN,17,adjacent,T->R,T,R,tinne,ruis,left,cross,3,5,2,Dominance,Anchor,Median Balance,Maximal Fusion,False
music-bends-the-quiet-room,MUSIC BENDS THE QUIET ROOM,expanded_008,expanded,music_bends_room,EN,18,adjacent,R->O,R,O,ruis,onn,cross,diagonal,5,2,3,Dominance,Gate,Maximal Fusion,Weak Current,False
music-bends-the-quiet-room,MUSIC BENDS THE QUIET ROOM,expanded_008,expanded,music_bends_room,EN,19,adjacent,O->O,O,O,onn,onn,diagonal,diagonal,2,2,0,Resonance,Stream,Weak Current,Weak Current,False
music-bends-the-quiet-room,MUSIC BENDS THE QUIET ROOM,expanded_008,expanded,music_bends_room,EN,20,adjacent,O->M,O,M,onn,muin,diagonal,cross,2,1,1,Modulation,Gate,Weak Current,Atomic Bind,False
the-map-is-not-the-territory,THE MAP IS NOT THE TERRITORY,expanded_009,expanded,map_territory,EN,0,adjacent,T->H,T,H,tinne,huath,left,left,3,1,2,Dominance,Reinforce,Median Balance,Atomic Reaction,False
the-map-is-not-the-territory,THE MAP IS NOT THE TERRITORY,expanded_009,expanded,map_territory,EN,1,adjacent,H->E,H,E,huath,eadhadh,left,diagonal,1,4,3,Dominance,Dampen,Atomic Reaction,Strong Torrent,False
the-map-is-not-the-territory,THE MAP IS NOT THE TERRITORY,expanded_009,expanded,map_territory,EN,2,adjacent,E->M,E,M,eadhadh,muin,diagonal,cross,4,1,3,Dominance,Gate,Strong Torrent,Atomic Bind,False
the-map-is-not-the-territory,THE MAP IS NOT THE TERRITORY,expanded_009,expanded,map_territory,EN,3,adjacent,M->A,M,A,muin,ailm,cross,diagonal,1,1,0,Resonance,Gate,Atomic Bind,Atomic Flow,False
the-map-is-not-the-territory,THE MAP IS NOT THE TERRITORY,expanded_009,expanded,map_territory,EN,4,adjacent,A->P,A,P,ailm,peith,diagonal,right,1,5,4,Dominance,Propel,Atomic Flow,Maximal Drive,False
the-map-is-not-the-territory,THE MAP IS NOT THE TERRITORY,expanded_009,expanded,map_territory,EN,5,adjacent,P->I,P,I,peith,idad,right,diagonal,5,5,0,Resonance,Propel,Maximal Drive,Maximal Jet,False
the-map-is-not-the-territory,THE MAP IS NOT THE TERRITORY,expanded_009,expanded,map_territory,EN,6,adjacent,I->S,I,S,idad,sail,diagonal,right,5,4,1,Modulation,Propel,Maximal Jet,Strong Enforcement,False
the-map-is-not-the-territory,THE MAP IS NOT THE TERRITORY,expanded_009,expanded,map_territory,EN,7,adjacent,S->N,S,N,sail,ngeadal,right,cross,4,3,1,Modulation,Anchor,Strong Enforcement,Median Lock,False
the-map-is-not-the-territory,THE MAP IS NOT THE TERRITORY,expanded_009,expanded,map_territory,EN,8,adjacent,N->O,N,O,ngeadal,onn,cross,diagonal,3,2,1,Modulation,Gate,Median Lock,Weak Current,False
the-map-is-not-the-territory,THE MAP IS NOT THE TERRITORY,expanded_009,expanded,map_territory,EN,9,adjacent,O->T,O,T,onn,tinne,diagonal,left,2,3,1,Modulation,Dampen,Weak Current,Median Balance,False
the-map-is-not-the-territory,THE MAP IS NOT THE TERRITORY,expanded_009,expanded,map_territory,EN,10,adjacent,T->T,T,T,tinne,tinne,left,left,3,3,0,Resonance,Reinforce,Median Balance,Median Balance,False
the-map-is-not-the-territory,THE MAP IS NOT THE TERRITORY,expanded_009,expanded,map_territory,EN,11,adjacent,T->H,T,H,tinne,huath,left,left,3,1,2,Dominance,Reinforce,Median Balance,Atomic Reaction,False
the-map-is-not-the-territory,THE MAP IS NOT THE TERRITORY,expanded_009,expanded,map_territory,EN,12,adjacent,H->E,H,E,huath,eadhadh,left,diagonal,1,4,3,Dominance,Dampen,Atomic Reaction,Strong Torrent,False
the-map-is-not-the-territory,THE MAP IS NOT THE TERRITORY,expanded_009,expanded,map_territory,EN,13,adjacent,E->T,E,T,eadhadh,tinne,diagonal,left,4,3,1,Modulation,Dampen,Strong Torrent,Median Balance,False
the-map-is-not-the-territory,THE MAP IS NOT THE TERRITORY,expanded_009,expanded,map_territory,EN,14,adjacent,T->E,T,E,tinne,eadhadh,left,diagonal,3,4,1,Modulation,Dampen,Median Balance,Strong Torrent,False
the-map-is-not-the-territory,THE MAP IS NOT THE TERRITORY,expanded_009,expanded,map_territory,EN,15,adjacent,E->R,E,R,eadhadh,ruis,diagonal,cross,4,5,1,Modulation,Gate,Strong Torrent,Maximal Fusion,False
the-map-is-not-the-territory,THE MAP IS NOT THE TERRITORY,expanded_009,expanded,map_territory,EN,16,adjacent,R->R,R,R,ruis,ruis,cross,cross,5,5,0,Resonance,Crystalize,Maximal Fusion,Maximal Fusion,False
the-map-is-not-the-territory,THE MAP IS NOT THE TERRITORY,expanded_009,expanded,map_territory,EN,17,adjacent,R->I,R,I,ruis,idad,cross,diagonal,5,5,0,Resonance,Gate,Maximal Fusion,Maximal Jet,False
the-map-is-not-the-territory,THE MAP IS NOT THE TERRITORY,expanded_009,expanded,map_territory,EN,18,adjacent,I->T,I,T,idad,tinne,diagonal,left,5,3,2,Dominance,Dampen,Maximal Jet,Median Balance,False
the-map-is-not-the-territory,THE MAP IS NOT THE TERRITORY,expanded_009,expanded,map_territory,EN,19,adjacent,T->O,T,O,tinne,onn,left,diagonal,3,2,1,Modulation,Dampen,Median Balance,Weak Current,False
the-map-is-not-the-territory,THE MAP IS NOT THE TERRITORY,expanded_009,expanded,map_territory,EN,20,adjacent,O->R,O,R,onn,ruis,diagonal,cross,2,5,3,Dominance,Gate,Weak Current,Maximal Fusion,False
the-map-is-not-the-territory,THE MAP IS NOT THE TERRITORY,expanded_009,expanded,map_territory,EN,21,adjacent,R->I,R,I,ruis,idad,cross,diagonal,5,5,0,Resonance,Gate,Maximal Fusion,Maximal Jet,False
chaos-finds-a-narrow-door,CHAOS FINDS A NARROW DOOR,expanded_010,expanded,chaos_finds_door,EN,0,adjacent,C->H,C,H,coll,huath,left,left,4,1,3,Dominance,Reinforce,Strong Barrier,Atomic Reaction,False
chaos-finds-a-narrow-door,CHAOS FINDS A NARROW DOOR,expanded_010,expanded,chaos_finds_door,EN,1,adjacent,H->A,H,A,huath,ailm,left,diagonal,1,1,0,Resonance,Dampen,Atomic Reaction,Atomic Flow,False
chaos-finds-a-narrow-door,CHAOS FINDS A NARROW DOOR,expanded_010,expanded,chaos_finds_door,EN,2,adjacent,A->O,A,O,ailm,onn,diagonal,diagonal,1,2,1,Modulation,Stream,Atomic Flow,Weak Current,False
chaos-finds-a-narrow-door,CHAOS FINDS A NARROW DOOR,expanded_010,expanded,chaos_finds_door,EN,3,adjacent,O->S,O,S,onn,sail,diagonal,right,2,4,2,Dominance,Propel,Weak Current,Strong Enforcement,False
chaos-finds-a-narrow-door,CHAOS FINDS A NARROW DOOR,expanded_010,expanded,chaos_finds_door,EN,4,adjacent,S->F,S,F,sail,fearn,right,right,4,3,1,Modulation,Reinforce,Strong Enforcement,Median Assertion,False
chaos-finds-a-narrow-door,CHAOS FINDS A NARROW DOOR,expanded_010,expanded,chaos_finds_door,EN,5,adjacent,F->I,F,I,fearn,idad,right,diagonal,3,5,2,Dominance,Propel,Median Assertion,Maximal Jet,False
chaos-finds-a-narrow-door,CHAOS FINDS A NARROW DOOR,expanded_010,expanded,chaos_finds_door,EN,6,adjacent,I->N,I,N,idad,ngeadal,diagonal,cross,5,3,2,Dominance,Gate,Maximal Jet,Median Lock,False
chaos-finds-a-narrow-door,CHAOS FINDS A NARROW DOOR,expanded_010,expanded,chaos_finds_door,EN,7,adjacent,N->D,N,D,ngeadal,duir,cross,left,3,2,1,Modulation,Anchor,Median Lock,Weak Resistance,False
chaos-finds-a-narrow-door,CHAOS FINDS A NARROW DOOR,expanded_010,expanded,chaos_finds_door,EN,8,adjacent,D->S,D,S,duir,sail,left,right,2,4,2,Dominance,Opposition,Weak Resistance,Strong Enforcement,False
chaos-finds-a-narrow-door,CHAOS FINDS A NARROW DOOR,expanded_010,expanded,chaos_finds_door,EN,9,adjacent,S->A,S,A,sail,ailm,right,diagonal,4,1,3,Dominance,Propel,Strong Enforcement,Atomic Flow,False
chaos-finds-a-narrow-door,CHAOS FINDS A NARROW DOOR,expanded_010,expanded,chaos_finds_door,EN,10,adjacent,A->N,A,N,ailm,ngeadal,diagonal,cross,1,3,2,Dominance,Gate,Atomic Flow,Median Lock,False
chaos-finds-a-narrow-door,CHAOS FINDS A NARROW DOOR,expanded_010,expanded,chaos_finds_door,EN,11,adjacent,N->A,N,A,ngeadal,ailm,cross,diagonal,3,1,2,Dominance,Gate,Median Lock,Atomic Flow,False
chaos-finds-a-narrow-door,CHAOS FINDS A NARROW DOOR,expanded_010,expanded,chaos_finds_door,EN,12,adjacent,A->R,A,R,ailm,ruis,diagonal,cross,1,5,4,Dominance,Gate,Atomic Flow,Maximal Fusion,False
chaos-finds-a-narrow-door,CHAOS FINDS A NARROW DOOR,expanded_010,expanded,chaos_finds_door,EN,13,adjacent,R->R,R,R,ruis,ruis,cross,cross,5,5,0,Resonance,Crystalize,Maximal Fusion,Maximal Fusion,False
chaos-finds-a-narrow-door,CHAOS FINDS A NARROW DOOR,expanded_010,expanded,chaos_finds_door,EN,14,adjacent,R->O,R,O,ruis,onn,cross,diagonal,5,2,3,Dominance,Gate,Maximal Fusion,Weak Current,False
chaos-finds-a-narrow-door,CHAOS FINDS A NARROW DOOR,expanded_010,expanded,chaos_finds_door,EN,15,adjacent,O->W,O,W,onn,ceirt,diagonal,left,2,5,3,Dominance,Dampen,Weak Current,Maximal Opposition,False
chaos-finds-a-narrow-door,CHAOS FINDS A NARROW DOOR,expanded_010,expanded,chaos_finds_door,EN,16,adjacent,W->D,W,D,ceirt,duir,left,left,5,2,3,Dominance,Reinforce,Maximal Opposition,Weak Resistance,False
chaos-finds-a-narrow-door,CHAOS FINDS A NARROW DOOR,expanded_010,expanded,chaos_finds_door,EN,17,adjacent,D->O,D,O,duir,onn,left,diagonal,2,2,0,Resonance,Dampen,Weak Resistance,Weak Current,False
chaos-finds-a-narrow-door,CHAOS FINDS A NARROW DOOR,expanded_010,expanded,chaos_finds_door,EN,18,adjacent,O->O,O,O,onn,onn,diagonal,diagonal,2,2,0,Resonance,Stream,Weak Current,Weak Current,False
chaos-finds-a-narrow-door,CHAOS FINDS A NARROW DOOR,expanded_010,expanded,chaos_finds_door,EN,19,adjacent,O->R,O,R,onn,ruis,diagonal,cross,2,5,3,Dominance,Gate,Weak Current,Maximal Fusion,False
order-learns-to-dream,ORDER LEARNS TO DREAM,expanded_011,expanded,order_dreams,EN,0,adjacent,O->R,O,R,onn,ruis,diagonal,cross,2,5,3,Dominance,Gate,Weak Current,Maximal Fusion,False
order-learns-to-dream,ORDER LEARNS TO DREAM,expanded_011,expanded,order_dreams,EN,1,adjacent,R->D,R,D,ruis,duir,cross,left,5,2,3,Dominance,Anchor,Maximal Fusion,Weak Resistance,False
order-learns-to-dream,ORDER LEARNS TO DREAM,expanded_011,expanded,order_dreams,EN,2,adjacent,D->E,D,E,duir,eadhadh,left,diagonal,2,4,2,Dominance,Dampen,Weak Resistance,Strong Torrent,False
order-learns-to-dream,ORDER LEARNS TO DREAM,expanded_011,expanded,order_dreams,EN,3,adjacent,E->R,E,R,eadhadh,ruis,diagonal,cross,4,5,1,Modulation,Gate,Strong Torrent,Maximal Fusion,False
order-learns-to-dream,ORDER LEARNS TO DREAM,expanded_011,expanded,order_dreams,EN,4,adjacent,R->L,R,L,ruis,luis,cross,right,5,2,3,Dominance,Anchor,Maximal Fusion,Weak Coupling,False
order-learns-to-dream,ORDER LEARNS TO DREAM,expanded_011,expanded,order_dreams,EN,5,adjacent,L->EA,L,EA,luis,ea,right,backslash,2,4,2,Dominance,Distort,Weak Coupling,Strong Warp,True
order-learns-to-dream,ORDER LEARNS TO DREAM,expanded_011,expanded,order_dreams,EN,6,adjacent,EA->R,EA,R,ea,ruis,backslash,cross,4,5,1,Modulation,Fracture,Strong Warp,Maximal Fusion,True
order-learns-to-dream,ORDER LEARNS TO DREAM,expanded_011,expanded,order_dreams,EN,7,adjacent,R->N,R,N,ruis,ngeadal,cross,cross,5,3,2,Dominance,Crystalize,Maximal Fusion,Median Lock,False
order-learns-to-dream,ORDER LEARNS TO DREAM,expanded_011,expanded,order_dreams,EN,8,adjacent,N->S,N,S,ngeadal,sail,cross,right,3,4,1,Modulation,Anchor,Median Lock,Strong Enforcement,False
order-learns-to-dream,ORDER LEARNS TO DREAM,expanded_011,expanded,order_dreams,EN,9,adjacent,S->T,S,T,sail,tinne,right,left,4,3,1,Modulation,Opposition,Strong Enforcement,Median Balance,False
order-learns-to-dream,ORDER LEARNS TO DREAM,expanded_011,expanded,order_dreams,EN,10,adjacent,T->O,T,O,tinne,onn,left,diagonal,3,2,1,Modulation,Dampen,Median Balance,Weak Current,False
order-learns-to-dream,ORDER LEARNS TO DREAM,expanded_011,expanded,order_dreams,EN,11,adjacent,O->D,O,D,onn,duir,diagonal,left,2,2,0,Resonance,Dampen,Weak Current,Weak Resistance,False
order-learns-to-dream,ORDER LEARNS TO DREAM,expanded_011,expanded,order_dreams,EN,12,adjacent,D->R,D,R,duir,ruis,left,cross,2,5,3,Dominance,Anchor,Weak Resistance,Maximal Fusion,False
order-learns-to-dream,ORDER LEARNS TO DREAM,expanded_011,expanded,order_dreams,EN,13,adjacent,R->EA,R,EA,ruis,ea,cross,backslash,5,4,1,Modulation,Fracture,Maximal Fusion,Strong Warp,True
order-learns-to-dream,ORDER LEARNS TO DREAM,expanded_011,expanded,order_dreams,EN,14,adjacent,EA->M,EA,M,ea,muin,backslash,cross,4,1,3,Dominance,Fracture,Strong Warp,Atomic Bind,True
the-name-changes-the-shape,THE NAME CHANGES THE SHAPE,expanded_012,expanded,name_changes_shape,EN,0,adjacent,T->H,T,H,tinne,huath,left,left,3,1,2,Dominance,Reinforce,Median Balance,Atomic Reaction,False
the-name-changes-the-shape,THE NAME CHANGES THE SHAPE,expanded_012,expanded,name_changes_shape,EN,1,adjacent,H->E,H,E,huath,eadhadh,left,diagonal,1,4,3,Dominance,Dampen,Atomic Reaction,Strong Torrent,False
the-name-changes-the-shape,THE NAME CHANGES THE SHAPE,expanded_012,expanded,name_changes_shape,EN,2,adjacent,E->N,E,N,eadhadh,ngeadal,diagonal,cross,4,3,1,Modulation,Gate,Strong Torrent,Median Lock,False
the-name-changes-the-shape,THE NAME CHANGES THE SHAPE,expanded_012,expanded,name_changes_shape,EN,3,adjacent,N->A,N,A,ngeadal,ailm,cross,diagonal,3,1,2,Dominance,Gate,Median Lock,Atomic Flow,False
the-name-changes-the-shape,THE NAME CHANGES THE SHAPE,expanded_012,expanded,name_changes_shape,EN,4,adjacent,A->M,A,M,ailm,muin,diagonal,cross,1,1,0,Resonance,Gate,Atomic Flow,Atomic Bind,False
the-name-changes-the-shape,THE NAME CHANGES THE SHAPE,expanded_012,expanded,name_changes_shape,EN,5,adjacent,M->E,M,E,muin,eadhadh,cross,diagonal,1,4,3,Dominance,Gate,Atomic Bind,Strong Torrent,False
the-name-changes-the-shape,THE NAME CHANGES THE SHAPE,expanded_012,expanded,name_changes_shape,EN,6,adjacent,E->C,E,C,eadhadh,coll,diagonal,left,4,4,0,Resonance,Dampen,Strong Torrent,Strong Barrier,False
the-name-changes-the-shape,THE NAME CHANGES THE SHAPE,expanded_012,expanded,name_changes_shape,EN,7,adjacent,C->H,C,H,coll,huath,left,left,4,1,3,Dominance,Reinforce,Strong Barrier,Atomic Reaction,False
the-name-changes-the-shape,THE NAME CHANGES THE SHAPE,expanded_012,expanded,name_changes_shape,EN,8,adjacent,H->A,H,A,huath,ailm,left,diagonal,1,1,0,Resonance,Dampen,Atomic Reaction,Atomic Flow,False
the-name-changes-the-shape,THE NAME CHANGES THE SHAPE,expanded_012,expanded,name_changes_shape,EN,9,adjacent,A->N,A,N,ailm,ngeadal,diagonal,cross,1,3,2,Dominance,Gate,Atomic Flow,Median Lock,False
the-name-changes-the-shape,THE NAME CHANGES THE SHAPE,expanded_012,expanded,name_changes_shape,EN,10,adjacent,N->G,N,G,ngeadal,gort,cross,cross,3,2,1,Modulation,Crystalize,Median Lock,Loose Knot,False
the-name-changes-the-shape,THE NAME CHANGES THE SHAPE,expanded_012,expanded,name_changes_shape,EN,11,adjacent,G->E,G,E,gort,eadhadh,cross,diagonal,2,4,2,Dominance,Gate,Loose Knot,Strong Torrent,False
the-name-changes-the-shape,THE NAME CHANGES THE SHAPE,expanded_012,expanded,name_changes_shape,EN,12,adjacent,E->S,E,S,eadhadh,sail,diagonal,right,4,4,0,Resonance,Propel,Strong Torrent,Strong Enforcement,False
the-name-changes-the-shape,THE NAME CHANGES THE SHAPE,expanded_012,expanded,name_changes_shape,EN,13,adjacent,S->T,S,T,sail,tinne,right,left,4,3,1,Modulation,Opposition,Strong Enforcement,Median Balance,False
the-name-changes-the-shape,THE NAME CHANGES THE SHAPE,expanded_012,expanded,name_changes_shape,EN,14,adjacent,T->H,T,H,tinne,huath,left,left,3,1,2,Dominance,Reinforce,Median Balance,Atomic Reaction,False
the-name-changes-the-shape,THE NAME CHANGES THE SHAPE,expanded_012,expanded,name_changes_shape,EN,15,adjacent,H->E,H,E,huath,eadhadh,left,diagonal,1,4,3,Dominance,Dampen,Atomic Reaction,Strong Torrent,False
the-name-changes-the-shape,THE NAME CHANGES THE SHAPE,expanded_012,expanded,name_changes_shape,EN,16,adjacent,E->S,E,S,eadhadh,sail,diagonal,right,4,4,0,Resonance,Propel,Strong Torrent,Strong Enforcement,False
the-name-changes-the-shape,THE NAME CHANGES THE SHAPE,expanded_012,expanded,name_changes_shape,EN,17,adjacent,S->H,S,H,sail,huath,right,left,4,1,3,Dominance,Opposition,Strong Enforcement,Atomic Reaction,False
the-name-changes-the-shape,THE NAME CHANGES THE SHAPE,expanded_012,expanded,name_changes_shape,EN,18,adjacent,H->A,H,A,huath,ailm,left,diagonal,1,1,0,Resonance,Dampen,Atomic Reaction,Atomic Flow,False
the-name-changes-the-shape,THE NAME CHANGES THE SHAPE,expanded_012,expanded,name_changes_shape,EN,19,adjacent,A->P,A,P,ailm,peith,diagonal,right,1,5,4,Dominance,Propel,Atomic Flow,Maximal Drive,False
the-name-changes-the-shape,THE NAME CHANGES THE SHAPE,expanded_012,expanded,name_changes_shape,EN,20,adjacent,P->E,P,E,peith,eadhadh,right,diagonal,5,4,1,Modulation,Propel,Maximal Drive,Strong Torrent,False
light-returns-through-the-crack,LIGHT RETURNS THROUGH THE CRACK,expanded_013,expanded,light_returns_crack,EN,0,adjacent,L->I,L,I,luis,idad,right,diagonal,2,5,3,Dominance,Propel,Weak Coupling,Maximal Jet,False
light-returns-through-the-crack,LIGHT RETURNS THROUGH THE CRACK,expanded_013,expanded,light_returns_crack,EN,1,adjacent,I->G,I,G,idad,gort,diagonal,cross,5,2,3,Dominance,Gate,Maximal Jet,Loose Knot,False
light-returns-through-the-crack,LIGHT RETURNS THROUGH THE CRACK,expanded_013,expanded,light_returns_crack,EN,2,adjacent,G->H,G,H,gort,huath,cross,left,2,1,1,Modulation,Anchor,Loose Knot,Atomic Reaction,False
light-returns-through-the-crack,LIGHT RETURNS THROUGH THE CRACK,expanded_013,expanded,light_returns_crack,EN,3,adjacent,H->T,H,T,huath,tinne,left,left,1,3,2,Dominance,Reinforce,Atomic Reaction,Median Balance,False
light-returns-through-the-crack,LIGHT RETURNS THROUGH THE CRACK,expanded_013,expanded,light_returns_crack,EN,4,adjacent,T->R,T,R,tinne,ruis,left,cross,3,5,2,Dominance,Anchor,Median Balance,Maximal Fusion,False
light-returns-through-the-crack,LIGHT RETURNS THROUGH THE CRACK,expanded_013,expanded,light_returns_crack,EN,5,adjacent,R->E,R,E,ruis,eadhadh,cross,diagonal,5,4,1,Modulation,Gate,Maximal Fusion,Strong Torrent,False
light-returns-through-the-crack,LIGHT RETURNS THROUGH THE CRACK,expanded_013,expanded,light_returns_crack,EN,6,adjacent,E->T,E,T,eadhadh,tinne,diagonal,left,4,3,1,Modulation,Dampen,Strong Torrent,Median Balance,False
light-returns-through-the-crack,LIGHT RETURNS THROUGH THE CRACK,expanded_013,expanded,light_returns_crack,EN,7,adjacent,T->U,T,U,tinne,ur,left,diagonal,3,3,0,Resonance,Dampen,Median Balance,Median Stream,False
light-returns-through-the-crack,LIGHT RETURNS THROUGH THE CRACK,expanded_013,expanded,light_returns_crack,EN,8,adjacent,U->R,U,R,ur,ruis,diagonal,cross,3,5,2,Dominance,Gate,Median Stream,Maximal Fusion,False
light-returns-through-the-crack,LIGHT RETURNS THROUGH THE CRACK,expanded_013,expanded,light_returns_crack,EN,9,adjacent,R->N,R,N,ruis,ngeadal,cross,cross,5,3,2,Dominance,Crystalize,Maximal Fusion,Median Lock,False
light-returns-through-the-crack,LIGHT RETURNS THROUGH THE CRACK,expanded_013,expanded,light_returns_crack,EN,10,adjacent,N->S,N,S,ngeadal,sail,cross,right,3,4,1,Modulation,Anchor,Median Lock,Strong Enforcement,False
light-returns-through-the-crack,LIGHT RETURNS THROUGH THE CRACK,expanded_013,expanded,light_returns_crack,EN,11,adjacent,S->T,S,T,sail,tinne,right,left,4,3,1,Modulation,Opposition,Strong Enforcement,Median Balance,False
light-returns-through-the-crack,LIGHT RETURNS THROUGH THE CRACK,expanded_013,expanded,light_returns_crack,EN,12,adjacent,T->H,T,H,tinne,huath,left,left,3,1,2,Dominance,Reinforce,Median Balance,Atomic Reaction,False
light-returns-through-the-crack,LIGHT RETURNS THROUGH THE CRACK,expanded_013,expanded,light_returns_crack,EN,13,adjacent,H->R,H,R,huath,ruis,left,cross,1,5,4,Dominance,Anchor,Atomic Reaction,Maximal Fusion,False
light-returns-through-the-crack,LIGHT RETURNS THROUGH THE CRACK,expanded_013,expanded,light_returns_crack,EN,14,adjacent,R->O,R,O,ruis,onn,cross,diagonal,5,2,3,Dominance,Gate,Maximal Fusion,Weak Current,False
light-returns-through-the-crack,LIGHT RETURNS THROUGH THE CRACK,expanded_013,expanded,light_returns_crack,EN,15,adjacent,O->U,O,U,onn,ur,diagonal,diagonal,2,3,1,Modulation,Stream,Weak Current,Median Stream,False
light-returns-through-the-crack,LIGHT RETURNS THROUGH THE CRACK,expanded_013,expanded,light_returns_crack,EN,16,adjacent,U->G,U,G,ur,gort,diagonal,cross,3,2,1,Modulation,Gate,Median Stream,Loose Knot,False
light-returns-through-the-crack,LIGHT RETURNS THROUGH THE CRACK,expanded_013,expanded,light_returns_crack,EN,17,adjacent,G->H,G,H,gort,huath,cross,left,2,1,1,Modulation,Anchor,Loose Knot,Atomic Reaction,False
light-returns-through-the-crack,LIGHT RETURNS THROUGH THE CRACK,expanded_013,expanded,light_returns_crack,EN,18,adjacent,H->T,H,T,huath,tinne,left,left,1,3,2,Dominance,Reinforce,Atomic Reaction,Median Balance,False
light-returns-through-the-crack,LIGHT RETURNS THROUGH THE CRACK,expanded_013,expanded,light_returns_crack,EN,19,adjacent,T->H,T,H,tinne,huath,left,left,3,1,2,Dominance,Reinforce,Median Balance,Atomic Reaction,False
light-returns-through-the-crack,LIGHT RETURNS THROUGH THE CRACK,expanded_013,expanded,light_returns_crack,EN,20,adjacent,H->E,H,E,huath,eadhadh,left,diagonal,1,4,3,Dominance,Dampen,Atomic Reaction,Strong Torrent,False
light-returns-through-the-crack,LIGHT RETURNS THROUGH THE CRACK,expanded_013,expanded,light_returns_crack,EN,21,adjacent,E->C,E,C,eadhadh,coll,diagonal,left,4,4,0,Resonance,Dampen,Strong Torrent,Strong Barrier,False
light-returns-through-the-crack,LIGHT RETURNS THROUGH THE CRACK,expanded_013,expanded,light_returns_crack,EN,22,adjacent,C->R,C,R,coll,ruis,left,cross,4,5,1,Modulation,Anchor,Strong Barrier,Maximal Fusion,False
light-returns-through-the-crack,LIGHT RETURNS THROUGH THE CRACK,expanded_013,expanded,light_returns_crack,EN,23,adjacent,R->A,R,A,ruis,ailm,cross,diagonal,5,1,4,Dominance,Gate,Maximal Fusion,Atomic Flow,False
light-returns-through-the-crack,LIGHT RETURNS THROUGH THE CRACK,expanded_013,expanded,light_returns_crack,EN,24,adjacent,A->C,A,C,ailm,coll,diagonal,left,1,4,3,Dominance,Dampen,Atomic Flow,Strong Barrier,False
light-returns-through-the-crack,LIGHT RETURNS THROUGH THE CRACK,expanded_013,expanded,light_returns_crack,EN,25,adjacent,C->C,C,C,coll,coll,left,left,4,4,0,Resonance,Reinforce,Strong Barrier,Strong Barrier,False
the-market-closes-at-noon,THE MARKET CLOSES AT NOON,expanded_014,expanded,market_noon,EN,0,adjacent,T->H,T,H,tinne,huath,left,left,3,1,2,Dominance,Reinforce,Median Balance,Atomic Reaction,False
the-market-closes-at-noon,THE MARKET CLOSES AT NOON,expanded_014,expanded,market_noon,EN,1,adjacent,H->E,H,E,huath,eadhadh,left,diagonal,1,4,3,Dominance,Dampen,Atomic Reaction,Strong Torrent,False
the-market-closes-at-noon,THE MARKET CLOSES AT NOON,expanded_014,expanded,market_noon,EN,2,adjacent,E->M,E,M,eadhadh,muin,diagonal,cross,4,1,3,Dominance,Gate,Strong Torrent,Atomic Bind,False
the-market-closes-at-noon,THE MARKET CLOSES AT NOON,expanded_014,expanded,market_noon,EN,3,adjacent,M->A,M,A,muin,ailm,cross,diagonal,1,1,0,Resonance,Gate,Atomic Bind,Atomic Flow,False
the-market-closes-at-noon,THE MARKET CLOSES AT NOON,expanded_014,expanded,market_noon,EN,4,adjacent,A->R,A,R,ailm,ruis,diagonal,cross,1,5,4,Dominance,Gate,Atomic Flow,Maximal Fusion,False
the-market-closes-at-noon,THE MARKET CLOSES AT NOON,expanded_014,expanded,market_noon,EN,5,adjacent,R->C,R,C,ruis,coll,cross,left,5,4,1,Modulation,Anchor,Maximal Fusion,Strong Barrier,False
the-market-closes-at-noon,THE MARKET CLOSES AT NOON,expanded_014,expanded,market_noon,EN,6,adjacent,C->E,C,E,coll,eadhadh,left,diagonal,4,4,0,Resonance,Dampen,Strong Barrier,Strong Torrent,False
the-market-closes-at-noon,THE MARKET CLOSES AT NOON,expanded_014,expanded,market_noon,EN,7,adjacent,E->T,E,T,eadhadh,tinne,diagonal,left,4,3,1,Modulation,Dampen,Strong Torrent,Median Balance,False
the-market-closes-at-noon,THE MARKET CLOSES AT NOON,expanded_014,expanded,market_noon,EN,8,adjacent,T->C,T,C,tinne,coll,left,left,3,4,1,Modulation,Reinforce,Median Balance,Strong Barrier,False
the-market-closes-at-noon,THE MARKET CLOSES AT NOON,expanded_014,expanded,market_noon,EN,9,adjacent,C->L,C,L,coll,luis,left,right,4,2,2,Dominance,Opposition,Strong Barrier,Weak Coupling,False
the-market-closes-at-noon,THE MARKET CLOSES AT NOON,expanded_014,expanded,market_noon,EN,10,adjacent,L->O,L,O,luis,onn,right,diagonal,2,2,0,Resonance,Propel,Weak Coupling,Weak Current,False
the-market-closes-at-noon,THE MARKET CLOSES AT NOON,expanded_014,expanded,market_noon,EN,11,adjacent,O->S,O,S,onn,sail,diagonal,right,2,4,2,Dominance,Propel,Weak Current,Strong Enforcement,False
the-market-closes-at-noon,THE MARKET CLOSES AT NOON,expanded_014,expanded,market_noon,EN,12,adjacent,S->E,S,E,sail,eadhadh,right,diagonal,4,4,0,Resonance,Propel,Strong Enforcement,Strong Torrent,False
the-market-closes-at-noon,THE MARKET CLOSES AT NOON,expanded_014,expanded,market_noon,EN,13,adjacent,E->S,E,S,eadhadh,sail,diagonal,right,4,4,0,Resonance,Propel,Strong Torrent,Strong Enforcement,False
the-market-closes-at-noon,THE MARKET CLOSES AT NOON,expanded_014,expanded,market_noon,EN,14,adjacent,S->A,S,A,sail,ailm,right,diagonal,4,1,3,Dominance,Propel,Strong Enforcement,Atomic Flow,False
the-market-closes-at-noon,THE MARKET CLOSES AT NOON,expanded_014,expanded,market_noon,EN,15,adjacent,A->T,A,T,ailm,tinne,diagonal,left,1,3,2,Dominance,Dampen,Atomic Flow,Median Balance,False
the-market-closes-at-noon,THE MARKET CLOSES AT NOON,expanded_014,expanded,market_noon,EN,16,adjacent,T->N,T,N,tinne,ngeadal,left,cross,3,3,0,Resonance,Anchor,Median Balance,Median Lock,False
the-market-closes-at-noon,THE MARKET CLOSES AT NOON,expanded_014,expanded,market_noon,EN,17,adjacent,N->O,N,O,ngeadal,onn,cross,diagonal,3,2,1,Modulation,Gate,Median Lock,Weak Current,False
the-market-closes-at-noon,THE MARKET CLOSES AT NOON,expanded_014,expanded,market_noon,EN,18,adjacent,O->O,O,O,onn,onn,diagonal,diagonal,2,2,0,Resonance,Stream,Weak Current,Weak Current,False
the-market-closes-at-noon,THE MARKET CLOSES AT NOON,expanded_014,expanded,market_noon,EN,19,adjacent,O->N,O,N,onn,ngeadal,diagonal,cross,2,3,1,Modulation,Gate,Weak Current,Median Lock,False
coffee-waits-beside-the-window,COFFEE WAITS BESIDE THE WINDOW,expanded_015,expanded,coffee_window,EN,0,adjacent,C->O,C,O,coll,onn,left,diagonal,4,2,2,Dominance,Dampen,Strong Barrier,Weak Current,False
coffee-waits-beside-the-window,COFFEE WAITS BESIDE THE WINDOW,expanded_015,expanded,coffee_window,EN,1,adjacent,O->F,O,F,onn,fearn,diagonal,right,2,3,1,Modulation,Propel,Weak Current,Median Assertion,False
coffee-waits-beside-the-window,COFFEE WAITS BESIDE THE WINDOW,expanded_015,expanded,coffee_window,EN,2,adjacent,F->F,F,F,fearn,fearn,right,right,3,3,0,Resonance,Reinforce,Median Assertion,Median Assertion,False
coffee-waits-beside-the-window,COFFEE WAITS BESIDE THE WINDOW,expanded_015,expanded,coffee_window,EN,3,adjacent,F->E,F,E,fearn,eadhadh,right,diagonal,3,4,1,Modulation,Propel,Median Assertion,Strong Torrent,False
coffee-waits-beside-the-window,COFFEE WAITS BESIDE THE WINDOW,expanded_015,expanded,coffee_window,EN,4,adjacent,E->E,E,E,eadhadh,eadhadh,diagonal,diagonal,4,4,0,Resonance,Stream,Strong Torrent,Strong Torrent,False
coffee-waits-beside-the-window,COFFEE WAITS BESIDE THE WINDOW,expanded_015,expanded,coffee_window,EN,5,adjacent,E->W,E,W,eadhadh,ceirt,diagonal,left,4,5,1,Modulation,Dampen,Strong Torrent,Maximal Opposition,False
coffee-waits-beside-the-window,COFFEE WAITS BESIDE THE WINDOW,expanded_015,expanded,coffee_window,EN,6,adjacent,W->A,W,A,ceirt,ailm,left,diagonal,5,1,4,Dominance,Dampen,Maximal Opposition,Atomic Flow,False
coffee-waits-beside-the-window,COFFEE WAITS BESIDE THE WINDOW,expanded_015,expanded,coffee_window,EN,7,adjacent,A->I,A,I,ailm,idad,diagonal,diagonal,1,5,4,Dominance,Stream,Atomic Flow,Maximal Jet,False
coffee-waits-beside-the-window,COFFEE WAITS BESIDE THE WINDOW,expanded_015,expanded,coffee_window,EN,8,adjacent,I->T,I,T,idad,tinne,diagonal,left,5,3,2,Dominance,Dampen,Maximal Jet,Median Balance,False
coffee-waits-beside-the-window,COFFEE WAITS BESIDE THE WINDOW,expanded_015,expanded,coffee_window,EN,9,adjacent,T->S,T,S,tinne,sail,left,right,3,4,1,Modulation,Opposition,Median Balance,Strong Enforcement,False
coffee-waits-beside-the-window,COFFEE WAITS BESIDE THE WINDOW,expanded_015,expanded,coffee_window,EN,10,adjacent,S->B,S,B,sail,beith,right,right,4,1,3,Dominance,Reinforce,Strong Enforcement,Atomic Initiation,False
coffee-waits-beside-the-window,COFFEE WAITS BESIDE THE WINDOW,expanded_015,expanded,coffee_window,EN,11,adjacent,B->E,B,E,beith,eadhadh,right,diagonal,1,4,3,Dominance,Propel,Atomic Initiation,Strong Torrent,False
coffee-waits-beside-the-window,COFFEE WAITS BESIDE THE WINDOW,expanded_015,expanded,coffee_window,EN,12,adjacent,E->S,E,S,eadhadh,sail,diagonal,right,4,4,0,Resonance,Propel,Strong Torrent,Strong Enforcement,False
coffee-waits-beside-the-window,COFFEE WAITS BESIDE THE WINDOW,expanded_015,expanded,coffee_window,EN,13,adjacent,S->I,S,I,sail,idad,right,diagonal,4,5,1,Modulation,Propel,Strong Enforcement,Maximal Jet,False
coffee-waits-beside-the-window,COFFEE WAITS BESIDE THE WINDOW,expanded_015,expanded,coffee_window,EN,14,adjacent,I->D,I,D,idad,duir,diagonal,left,5,2,3,Dominance,Dampen,Maximal Jet,Weak Resistance,False
coffee-waits-beside-the-window,COFFEE WAITS BESIDE THE WINDOW,expanded_015,expanded,coffee_window,EN,15,adjacent,D->E,D,E,duir,eadhadh,left,diagonal,2,4,2,Dominance,Dampen,Weak Resistance,Strong Torrent,False
coffee-waits-beside-the-window,COFFEE WAITS BESIDE THE WINDOW,expanded_015,expanded,coffee_window,EN,16,adjacent,E->T,E,T,eadhadh,tinne,diagonal,left,4,3,1,Modulation,Dampen,Strong Torrent,Median Balance,False
coffee-waits-beside-the-window,COFFEE WAITS BESIDE THE WINDOW,expanded_015,expanded,coffee_window,EN,17,adjacent,T->H,T,H,tinne,huath,left,left,3,1,2,Dominance,Reinforce,Median Balance,Atomic Reaction,False
coffee-waits-beside-the-window,COFFEE WAITS BESIDE THE WINDOW,expanded_015,expanded,coffee_window,EN,18,adjacent,H->E,H,E,huath,eadhadh,left,diagonal,1,4,3,Dominance,Dampen,Atomic Reaction,Strong Torrent,False
coffee-waits-beside-the-window,COFFEE WAITS BESIDE THE WINDOW,expanded_015,expanded,coffee_window,EN,19,adjacent,E->W,E,W,eadhadh,ceirt,diagonal,left,4,5,1,Modulation,Dampen,Strong Torrent,Maximal Opposition,False
coffee-waits-beside-the-window,COFFEE WAITS BESIDE THE WINDOW,expanded_015,expanded,coffee_window,EN,20,adjacent,W->I,W,I,ceirt,idad,left,diagonal,5,5,0,Resonance,Dampen,Maximal Opposition,Maximal Jet,False
coffee-waits-beside-the-window,COFFEE WAITS BESIDE THE WINDOW,expanded_015,expanded,coffee_window,EN,21,adjacent,I->N,I,N,idad,ngeadal,diagonal,cross,5,3,2,Dominance,Gate,Maximal Jet,Median Lock,False
coffee-waits-beside-the-window,COFFEE WAITS BESIDE THE WINDOW,expanded_015,expanded,coffee_window,EN,22,adjacent,N->D,N,D,ngeadal,duir,cross,left,3,2,1,Modulation,Anchor,Median Lock,Weak Resistance,False
coffee-waits-beside-the-window,COFFEE WAITS BESIDE THE WINDOW,expanded_015,expanded,coffee_window,EN,23,adjacent,D->O,D,O,duir,onn,left,diagonal,2,2,0,Resonance,Dampen,Weak Resistance,Weak Current,False
coffee-waits-beside-the-window,COFFEE WAITS BESIDE THE WINDOW,expanded_015,expanded,coffee_window,EN,24,adjacent,O->W,O,W,onn,ceirt,diagonal,left,2,5,3,Dominance,Dampen,Weak Current,Maximal Opposition,False
the-train-arrives-after-sunset,THE TRAIN ARRIVES AFTER SUNSET,expanded_016,expanded,train_sunset,EN,0,adjacent,T->H,T,H,tinne,huath,left,left,3,1,2,Dominance,Reinforce,Median Balance,Atomic Reaction,False
the-train-arrives-after-sunset,THE TRAIN ARRIVES AFTER SUNSET,expanded_016,expanded,train_sunset,EN,1,adjacent,H->E,H,E,huath,eadhadh,left,diagonal,1,4,3,Dominance,Dampen,Atomic Reaction,Strong Torrent,False
the-train-arrives-after-sunset,THE TRAIN ARRIVES AFTER SUNSET,expanded_016,expanded,train_sunset,EN,2,adjacent,E->T,E,T,eadhadh,tinne,diagonal,left,4,3,1,Modulation,Dampen,Strong Torrent,Median Balance,False
the-train-arrives-after-sunset,THE TRAIN ARRIVES AFTER SUNSET,expanded_016,expanded,train_sunset,EN,3,adjacent,T->R,T,R,tinne,ruis,left,cross,3,5,2,Dominance,Anchor,Median Balance,Maximal Fusion,False
the-train-arrives-after-sunset,THE TRAIN ARRIVES AFTER SUNSET,expanded_016,expanded,train_sunset,EN,4,adjacent,R->A,R,A,ruis,ailm,cross,diagonal,5,1,4,Dominance,Gate,Maximal Fusion,Atomic Flow,False
the-train-arrives-after-sunset,THE TRAIN ARRIVES AFTER SUNSET,expanded_016,expanded,train_sunset,EN,5,adjacent,A->I,A,I,ailm,idad,diagonal,diagonal,1,5,4,Dominance,Stream,Atomic Flow,Maximal Jet,False
the-train-arrives-after-sunset,THE TRAIN ARRIVES AFTER SUNSET,expanded_016,expanded,train_sunset,EN,6,adjacent,I->N,I,N,idad,ngeadal,diagonal,cross,5,3,2,Dominance,Gate,Maximal Jet,Median Lock,False
the-train-arrives-after-sunset,THE TRAIN ARRIVES AFTER SUNSET,expanded_016,expanded,train_sunset,EN,7,adjacent,N->A,N,A,ngeadal,ailm,cross,diagonal,3,1,2,Dominance,Gate,Median Lock,Atomic Flow,False
the-train-arrives-after-sunset,THE TRAIN ARRIVES AFTER SUNSET,expanded_016,expanded,train_sunset,EN,8,adjacent,A->R,A,R,ailm,ruis,diagonal,cross,1,5,4,Dominance,Gate,Atomic Flow,Maximal Fusion,False
the-train-arrives-after-sunset,THE TRAIN ARRIVES AFTER SUNSET,expanded_016,expanded,train_sunset,EN,9,adjacent,R->R,R,R,ruis,ruis,cross,cross,5,5,0,Resonance,Crystalize,Maximal Fusion,Maximal Fusion,False
the-train-arrives-after-sunset,THE TRAIN ARRIVES AFTER SUNSET,expanded_016,expanded,train_sunset,EN,10,adjacent,R->I,R,I,ruis,idad,cross,diagonal,5,5,0,Resonance,Gate,Maximal Fusion,Maximal Jet,False
the-train-arrives-after-sunset,THE TRAIN ARRIVES AFTER SUNSET,expanded_016,expanded,train_sunset,EN,11,adjacent,I->F,I,F,idad,fearn,diagonal,right,5,3,2,Dominance,Propel,Maximal Jet,Median Assertion,False
the-train-arrives-after-sunset,THE TRAIN ARRIVES AFTER SUNSET,expanded_016,expanded,train_sunset,EN,12,adjacent,F->E,F,E,fearn,eadhadh,right,diagonal,3,4,1,Modulation,Propel,Median Assertion,Strong Torrent,False
the-train-arrives-after-sunset,THE TRAIN ARRIVES AFTER SUNSET,expanded_016,expanded,train_sunset,EN,13,adjacent,E->S,E,S,eadhadh,sail,diagonal,right,4,4,0,Resonance,Propel,Strong Torrent,Strong Enforcement,False
the-train-arrives-after-sunset,THE TRAIN ARRIVES AFTER SUNSET,expanded_016,expanded,train_sunset,EN,14,adjacent,S->A,S,A,sail,ailm,right,diagonal,4,1,3,Dominance,Propel,Strong Enforcement,Atomic Flow,False
the-train-arrives-after-sunset,THE TRAIN ARRIVES AFTER SUNSET,expanded_016,expanded,train_sunset,EN,15,adjacent,A->F,A,F,ailm,fearn,diagonal,right,1,3,2,Dominance,Propel,Atomic Flow,Median Assertion,False
the-train-arrives-after-sunset,THE TRAIN ARRIVES AFTER SUNSET,expanded_016,expanded,train_sunset,EN,16,adjacent,F->T,F,T,fearn,tinne,right,left,3,3,0,Resonance,Opposition,Median Assertion,Median Balance,False
the-train-arrives-after-sunset,THE TRAIN ARRIVES AFTER SUNSET,expanded_016,expanded,train_sunset,EN,17,adjacent,T->E,T,E,tinne,eadhadh,left,diagonal,3,4,1,Modulation,Dampen,Median Balance,Strong Torrent,False
the-train-arrives-after-sunset,THE TRAIN ARRIVES AFTER SUNSET,expanded_016,expanded,train_sunset,EN,18,adjacent,E->R,E,R,eadhadh,ruis,diagonal,cross,4,5,1,Modulation,Gate,Strong Torrent,Maximal Fusion,False
the-train-arrives-after-sunset,THE TRAIN ARRIVES AFTER SUNSET,expanded_016,expanded,train_sunset,EN,19,adjacent,R->S,R,S,ruis,sail,cross,right,5,4,1,Modulation,Anchor,Maximal Fusion,Strong Enforcement,False
the-train-arrives-after-sunset,THE TRAIN ARRIVES AFTER SUNSET,expanded_016,expanded,train_sunset,EN,20,adjacent,S->U,S,U,sail,ur,right,diagonal,4,3,1,Modulation,Propel,Strong Enforcement,Median Stream,False
the-train-arrives-after-sunset,THE TRAIN ARRIVES AFTER SUNSET,expanded_016,expanded,train_sunset,EN,21,adjacent,U->N,U,N,ur,ngeadal,diagonal,cross,3,3,0,Resonance,Gate,Median Stream,Median Lock,False
the-train-arrives-after-sunset,THE TRAIN ARRIVES AFTER SUNSET,expanded_016,expanded,train_sunset,EN,22,adjacent,N->S,N,S,ngeadal,sail,cross,right,3,4,1,Modulation,Anchor,Median Lock,Strong Enforcement,False
the-train-arrives-after-sunset,THE TRAIN ARRIVES AFTER SUNSET,expanded_016,expanded,train_sunset,EN,23,adjacent,S->E,S,E,sail,eadhadh,right,diagonal,4,4,0,Resonance,Propel,Strong Enforcement,Strong Torrent,False
the-train-arrives-after-sunset,THE TRAIN ARRIVES AFTER SUNSET,expanded_016,expanded,train_sunset,EN,24,adjacent,E->T,E,T,eadhadh,tinne,diagonal,left,4,3,1,Modulation,Dampen,Strong Torrent,Median Balance,False
libertas-portam-aperit,LIBERTAS PORTAM APERIT,expanded_017,expanded,freedom_opens_door,LA,0,adjacent,L->I,L,I,luis,idad,right,diagonal,2,5,3,Dominance,Propel,Weak Coupling,Maximal Jet,False
libertas-portam-aperit,LIBERTAS PORTAM APERIT,expanded_017,expanded,freedom_opens_door,LA,1,adjacent,I->B,I,B,idad,beith,diagonal,right,5,1,4,Dominance,Propel,Maximal Jet,Atomic Initiation,False
libertas-portam-aperit,LIBERTAS PORTAM APERIT,expanded_017,expanded,freedom_opens_door,LA,2,adjacent,B->E,B,E,beith,eadhadh,right,diagonal,1,4,3,Dominance,Propel,Atomic Initiation,Strong Torrent,False
libertas-portam-aperit,LIBERTAS PORTAM APERIT,expanded_017,expanded,freedom_opens_door,LA,3,adjacent,E->R,E,R,eadhadh,ruis,diagonal,cross,4,5,1,Modulation,Gate,Strong Torrent,Maximal Fusion,False
libertas-portam-aperit,LIBERTAS PORTAM APERIT,expanded_017,expanded,freedom_opens_door,LA,4,adjacent,R->T,R,T,ruis,tinne,cross,left,5,3,2,Dominance,Anchor,Maximal Fusion,Median Balance,False
libertas-portam-aperit,LIBERTAS PORTAM APERIT,expanded_017,expanded,freedom_opens_door,LA,5,adjacent,T->A,T,A,tinne,ailm,left,diagonal,3,1,2,Dominance,Dampen,Median Balance,Atomic Flow,False
libertas-portam-aperit,LIBERTAS PORTAM APERIT,expanded_017,expanded,freedom_opens_door,LA,6,adjacent,A->S,A,S,ailm,sail,diagonal,right,1,4,3,Dominance,Propel,Atomic Flow,Strong Enforcement,False
libertas-portam-aperit,LIBERTAS PORTAM APERIT,expanded_017,expanded,freedom_opens_door,LA,7,adjacent,S->P,S,P,sail,peith,right,right,4,5,1,Modulation,Reinforce,Strong Enforcement,Maximal Drive,False
libertas-portam-aperit,LIBERTAS PORTAM APERIT,expanded_017,expanded,freedom_opens_door,LA,8,adjacent,P->O,P,O,peith,onn,right,diagonal,5,2,3,Dominance,Propel,Maximal Drive,Weak Current,False
libertas-portam-aperit,LIBERTAS PORTAM APERIT,expanded_017,expanded,freedom_opens_door,LA,9,adjacent,O->R,O,R,onn,ruis,diagonal,cross,2,5,3,Dominance,Gate,Weak Current,Maximal Fusion,False
libertas-portam-aperit,LIBERTAS PORTAM APERIT,expanded_017,expanded,freedom_opens_door,LA,10,adjacent,R->T,R,T,ruis,tinne,cross,left,5,3,2,Dominance,Anchor,Maximal Fusion,Median Balance,False
libertas-portam-aperit,LIBERTAS PORTAM APERIT,expanded_017,expanded,freedom_opens_door,LA,11,adjacent,T->A,T,A,tinne,ailm,left,diagonal,3,1,2,Dominance,Dampen,Median Balance,Atomic Flow,False
libertas-portam-aperit,LIBERTAS PORTAM APERIT,expanded_017,expanded,freedom_opens_door,LA,12,adjacent,A->M,A,M,ailm,muin,diagonal,cross,1,1,0,Resonance,Gate,Atomic Flow,Atomic Bind,False
libertas-portam-aperit,LIBERTAS PORTAM APERIT,expanded_017,expanded,freedom_opens_door,LA,13,adjacent,M->A,M,A,muin,ailm,cross,diagonal,1,1,0,Resonance,Gate,Atomic Bind,Atomic Flow,False
libertas-portam-aperit,LIBERTAS PORTAM APERIT,expanded_017,expanded,freedom_opens_door,LA,14,adjacent,A->P,A,P,ailm,peith,diagonal,right,1,5,4,Dominance,Propel,Atomic Flow,Maximal Drive,False
libertas-portam-aperit,LIBERTAS PORTAM APERIT,expanded_017,expanded,freedom_opens_door,LA,15,adjacent,P->E,P,E,peith,eadhadh,right,diagonal,5,4,1,Modulation,Propel,Maximal Drive,Strong Torrent,False
libertas-portam-aperit,LIBERTAS PORTAM APERIT,expanded_017,expanded,freedom_opens_door,LA,16,adjacent,E->R,E,R,eadhadh,ruis,diagonal,cross,4,5,1,Modulation,Gate,Strong Torrent,Maximal Fusion,False
libertas-portam-aperit,LIBERTAS PORTAM APERIT,expanded_017,expanded,freedom_opens_door,LA,17,adjacent,R->I,R,I,ruis,idad,cross,diagonal,5,5,0,Resonance,Gate,Maximal Fusion,Maximal Jet,False
libertas-portam-aperit,LIBERTAS PORTAM APERIT,expanded_017,expanded,freedom_opens_door,LA,18,adjacent,I->T,I,T,idad,tinne,diagonal,left,5,3,2,Dominance,Dampen,Maximal Jet,Median Balance,False
memoria-lapidem-tenet,MEMORIA LAPIDEM TENET,expanded_018,expanded,memory_holds_stone,LA,0,adjacent,M->E,M,E,muin,eadhadh,cross,diagonal,1,4,3,Dominance,Gate,Atomic Bind,Strong Torrent,False
memoria-lapidem-tenet,MEMORIA LAPIDEM TENET,expanded_018,expanded,memory_holds_stone,LA,1,adjacent,E->M,E,M,eadhadh,muin,diagonal,cross,4,1,3,Dominance,Gate,Strong Torrent,Atomic Bind,False
memoria-lapidem-tenet,MEMORIA LAPIDEM TENET,expanded_018,expanded,memory_holds_stone,LA,2,adjacent,M->O,M,O,muin,onn,cross,diagonal,1,2,1,Modulation,Gate,Atomic Bind,Weak Current,False
memoria-lapidem-tenet,MEMORIA LAPIDEM TENET,expanded_018,expanded,memory_holds_stone,LA,3,adjacent,O->R,O,R,onn,ruis,diagonal,cross,2,5,3,Dominance,Gate,Weak Current,Maximal Fusion,False
memoria-lapidem-tenet,MEMORIA LAPIDEM TENET,expanded_018,expanded,memory_holds_stone,LA,4,adjacent,R->I,R,I,ruis,idad,cross,diagonal,5,5,0,Resonance,Gate,Maximal Fusion,Maximal Jet,False
memoria-lapidem-tenet,MEMORIA LAPIDEM TENET,expanded_018,expanded,memory_holds_stone,LA,5,adjacent,I->A,I,A,idad,ailm,diagonal,diagonal,5,1,4,Dominance,Stream,Maximal Jet,Atomic Flow,False
memoria-lapidem-tenet,MEMORIA LAPIDEM TENET,expanded_018,expanded,memory_holds_stone,LA,6,adjacent,A->L,A,L,ailm,luis,diagonal,right,1,2,1,Modulation,Propel,Atomic Flow,Weak Coupling,False
memoria-lapidem-tenet,MEMORIA LAPIDEM TENET,expanded_018,expanded,memory_holds_stone,LA,7,adjacent,L->A,L,A,luis,ailm,right,diagonal,2,1,1,Modulation,Propel,Weak Coupling,Atomic Flow,False
memoria-lapidem-tenet,MEMORIA LAPIDEM TENET,expanded_018,expanded,memory_holds_stone,LA,8,adjacent,A->P,A,P,ailm,peith,diagonal,right,1,5,4,Dominance,Propel,Atomic Flow,Maximal Drive,False
memoria-lapidem-tenet,MEMORIA LAPIDEM TENET,expanded_018,expanded,memory_holds_stone,LA,9,adjacent,P->I,P,I,peith,idad,right,diagonal,5,5,0,Resonance,Propel,Maximal Drive,Maximal Jet,False
memoria-lapidem-tenet,MEMORIA LAPIDEM TENET,expanded_018,expanded,memory_holds_stone,LA,10,adjacent,I->D,I,D,idad,duir,diagonal,left,5,2,3,Dominance,Dampen,Maximal Jet,Weak Resistance,False
memoria-lapidem-tenet,MEMORIA LAPIDEM TENET,expanded_018,expanded,memory_holds_stone,LA,11,adjacent,D->E,D,E,duir,eadhadh,left,diagonal,2,4,2,Dominance,Dampen,Weak Resistance,Strong Torrent,False
memoria-lapidem-tenet,MEMORIA LAPIDEM TENET,expanded_018,expanded,memory_holds_stone,LA,12,adjacent,E->M,E,M,eadhadh,muin,diagonal,cross,4,1,3,Dominance,Gate,Strong Torrent,Atomic Bind,False
memoria-lapidem-tenet,MEMORIA LAPIDEM TENET,expanded_018,expanded,memory_holds_stone,LA,13,adjacent,M->T,M,T,muin,tinne,cross,left,1,3,2,Dominance,Anchor,Atomic Bind,Median Balance,False
memoria-lapidem-tenet,MEMORIA LAPIDEM TENET,expanded_018,expanded,memory_holds_stone,LA,14,adjacent,T->E,T,E,tinne,eadhadh,left,diagonal,3,4,1,Modulation,Dampen,Median Balance,Strong Torrent,False
memoria-lapidem-tenet,MEMORIA LAPIDEM TENET,expanded_018,expanded,memory_holds_stone,LA,15,adjacent,E->N,E,N,eadhadh,ngeadal,diagonal,cross,4,3,1,Modulation,Gate,Strong Torrent,Median Lock,False
memoria-lapidem-tenet,MEMORIA LAPIDEM TENET,expanded_018,expanded,memory_holds_stone,LA,16,adjacent,N->E,N,E,ngeadal,eadhadh,cross,diagonal,3,4,1,Modulation,Gate,Median Lock,Strong Torrent,False
memoria-lapidem-tenet,MEMORIA LAPIDEM TENET,expanded_018,expanded,memory_holds_stone,LA,17,adjacent,E->T,E,T,eadhadh,tinne,diagonal,left,4,3,1,Modulation,Dampen,Strong Torrent,Median Balance,False
aqua-ignem-docet,AQUA IGNEM DOCET,expanded_019,expanded,water_teaches_fire,LA,0,adjacent,A->C,A,C,ailm,coll,diagonal,left,1,4,3,Dominance,Dampen,Atomic Flow,Strong Barrier,False
aqua-ignem-docet,AQUA IGNEM DOCET,expanded_019,expanded,water_teaches_fire,LA,1,adjacent,C->W,C,W,coll,ceirt,left,left,4,5,1,Modulation,Reinforce,Strong Barrier,Maximal Opposition,False
aqua-ignem-docet,AQUA IGNEM DOCET,expanded_019,expanded,water_teaches_fire,LA,2,adjacent,W->U,W,U,ceirt,ur,left,diagonal,5,3,2,Dominance,Dampen,Maximal Opposition,Median Stream,False
aqua-ignem-docet,AQUA IGNEM DOCET,expanded_019,expanded,water_teaches_fire,LA,3,adjacent,U->A,U,A,ur,ailm,diagonal,diagonal,3,1,2,Dominance,Stream,Median Stream,Atomic Flow,False
aqua-ignem-docet,AQUA IGNEM DOCET,expanded_019,expanded,water_teaches_fire,LA,4,adjacent,A->I,A,I,ailm,idad,diagonal,diagonal,1,5,4,Dominance,Stream,Atomic Flow,Maximal Jet,False
aqua-ignem-docet,AQUA IGNEM DOCET,expanded_019,expanded,water_teaches_fire,LA,5,adjacent,I->G,I,G,idad,gort,diagonal,cross,5,2,3,Dominance,Gate,Maximal Jet,Loose Knot,False
aqua-ignem-docet,AQUA IGNEM DOCET,expanded_019,expanded,water_teaches_fire,LA,6,adjacent,G->N,G,N,gort,ngeadal,cross,cross,2,3,1,Modulation,Crystalize,Loose Knot,Median Lock,False
aqua-ignem-docet,AQUA IGNEM DOCET,expanded_019,expanded,water_teaches_fire,LA,7,adjacent,N->E,N,E,ngeadal,eadhadh,cross,diagonal,3,4,1,Modulation,Gate,Median Lock,Strong Torrent,False
aqua-ignem-docet,AQUA IGNEM DOCET,expanded_019,expanded,water_teaches_fire,LA,8,adjacent,E->M,E,M,eadhadh,muin,diagonal,cross,4,1,3,Dominance,Gate,Strong Torrent,Atomic Bind,False
aqua-ignem-docet,AQUA IGNEM DOCET,expanded_019,expanded,water_teaches_fire,LA,9,adjacent,M->D,M,D,muin,duir,cross,left,1,2,1,Modulation,Anchor,Atomic Bind,Weak Resistance,False
aqua-ignem-docet,AQUA IGNEM DOCET,expanded_019,expanded,water_teaches_fire,LA,10,adjacent,D->O,D,O,duir,onn,left,diagonal,2,2,0,Resonance,Dampen,Weak Resistance,Weak Current,False
aqua-ignem-docet,AQUA IGNEM DOCET,expanded_019,expanded,water_teaches_fire,LA,11,adjacent,O->C,O,C,onn,coll,diagonal,left,2,4,2,Dominance,Dampen,Weak Current,Strong Barrier,False
aqua-ignem-docet,AQUA IGNEM DOCET,expanded_019,expanded,water_teaches_fire,LA,12,adjacent,C->E,C,E,coll,eadhadh,left,diagonal,4,4,0,Resonance,Dampen,Strong Barrier,Strong Torrent,False
aqua-ignem-docet,AQUA IGNEM DOCET,expanded_019,expanded,water_teaches_fire,LA,13,adjacent,E->T,E,T,eadhadh,tinne,diagonal,left,4,3,1,Modulation,Dampen,Strong Torrent,Median Balance,False
osclaionn-cuimhne-an-geata,OSCLAIONN CUIMHNE AN GEATA,expanded_020,expanded,memory_opens_gate,GA,0,adjacent,O->S,O,S,onn,sail,diagonal,right,2,4,2,Dominance,Propel,Weak Current,Strong Enforcement,False
osclaionn-cuimhne-an-geata,OSCLAIONN CUIMHNE AN GEATA,expanded_020,expanded,memory_opens_gate,GA,1,adjacent,S->C,S,C,sail,coll,right,left,4,4,0,Resonance,Opposition,Strong Enforcement,Strong Barrier,False
osclaionn-cuimhne-an-geata,OSCLAIONN CUIMHNE AN GEATA,expanded_020,expanded,memory_opens_gate,GA,2,adjacent,C->L,C,L,coll,luis,left,right,4,2,2,Dominance,Opposition,Strong Barrier,Weak Coupling,False
osclaionn-cuimhne-an-geata,OSCLAIONN CUIMHNE AN GEATA,expanded_020,expanded,memory_opens_gate,GA,3,adjacent,L->A,L,A,luis,ailm,right,diagonal,2,1,1,Modulation,Propel,Weak Coupling,Atomic Flow,False
osclaionn-cuimhne-an-geata,OSCLAIONN CUIMHNE AN GEATA,expanded_020,expanded,memory_opens_gate,GA,4,adjacent,A->IO,A,IO,ailm,io,diagonal,backslash,1,5,4,Dominance,Turbulence,Atomic Flow,Maximal Chaos,True
osclaionn-cuimhne-an-geata,OSCLAIONN CUIMHNE AN GEATA,expanded_020,expanded,memory_opens_gate,GA,5,adjacent,IO->N,IO,N,io,ngeadal,backslash,cross,5,3,2,Dominance,Fracture,Maximal Chaos,Median Lock,True
osclaionn-cuimhne-an-geata,OSCLAIONN CUIMHNE AN GEATA,expanded_020,expanded,memory_opens_gate,GA,6,adjacent,N->N,N,N,ngeadal,ngeadal,cross,cross,3,3,0,Resonance,Crystalize,Median Lock,Median Lock,False
osclaionn-cuimhne-an-geata,OSCLAIONN CUIMHNE AN GEATA,expanded_020,expanded,memory_opens_gate,GA,7,adjacent,N->C,N,C,ngeadal,coll,cross,left,3,4,1,Modulation,Anchor,Median Lock,Strong Barrier,False
osclaionn-cuimhne-an-geata,OSCLAIONN CUIMHNE AN GEATA,expanded_020,expanded,memory_opens_gate,GA,8,adjacent,C->UI,C,UI,coll,ui,left,backslash,4,3,1,Modulation,Invert,Strong Barrier,Median Shift,True
osclaionn-cuimhne-an-geata,OSCLAIONN CUIMHNE AN GEATA,expanded_020,expanded,memory_opens_gate,GA,9,adjacent,UI->M,UI,M,ui,muin,backslash,cross,3,1,2,Dominance,Fracture,Median Shift,Atomic Bind,True
osclaionn-cuimhne-an-geata,OSCLAIONN CUIMHNE AN GEATA,expanded_020,expanded,memory_opens_gate,GA,10,adjacent,M->H,M,H,muin,huath,cross,left,1,1,0,Resonance,Anchor,Atomic Bind,Atomic Reaction,False
osclaionn-cuimhne-an-geata,OSCLAIONN CUIMHNE AN GEATA,expanded_020,expanded,memory_opens_gate,GA,11,adjacent,H->N,H,N,huath,ngeadal,left,cross,1,3,2,Dominance,Anchor,Atomic Reaction,Median Lock,False
osclaionn-cuimhne-an-geata,OSCLAIONN CUIMHNE AN GEATA,expanded_020,expanded,memory_opens_gate,GA,12,adjacent,N->E,N,E,ngeadal,eadhadh,cross,diagonal,3,4,1,Modulation,Gate,Median Lock,Strong Torrent,False
osclaionn-cuimhne-an-geata,OSCLAIONN CUIMHNE AN GEATA,expanded_020,expanded,memory_opens_gate,GA,13,adjacent,E->A,E,A,eadhadh,ailm,diagonal,diagonal,4,1,3,Dominance,Stream,Strong Torrent,Atomic Flow,False
osclaionn-cuimhne-an-geata,OSCLAIONN CUIMHNE AN GEATA,expanded_020,expanded,memory_opens_gate,GA,14,adjacent,A->N,A,N,ailm,ngeadal,diagonal,cross,1,3,2,Dominance,Gate,Atomic Flow,Median Lock,False
osclaionn-cuimhne-an-geata,OSCLAIONN CUIMHNE AN GEATA,expanded_020,expanded,memory_opens_gate,GA,15,adjacent,N->G,N,G,ngeadal,gort,cross,cross,3,2,1,Modulation,Crystalize,Median Lock,Loose Knot,False
osclaionn-cuimhne-an-geata,OSCLAIONN CUIMHNE AN GEATA,expanded_020,expanded,memory_opens_gate,GA,16,adjacent,G->EA,G,EA,gort,ea,cross,backslash,2,4,2,Dominance,Fracture,Loose Knot,Strong Warp,True
osclaionn-cuimhne-an-geata,OSCLAIONN CUIMHNE AN GEATA,expanded_020,expanded,memory_opens_gate,GA,17,adjacent,EA->T,EA,T,ea,tinne,backslash,left,4,3,1,Modulation,Invert,Strong Warp,Median Balance,True
osclaionn-cuimhne-an-geata,OSCLAIONN CUIMHNE AN GEATA,expanded_020,expanded,memory_opens_gate,GA,18,adjacent,T->A,T,A,tinne,ailm,left,diagonal,3,1,2,Dominance,Dampen,Median Balance,Atomic Flow,False
briseann-solas-an-dorchadas,BRISEANN SOLAS AN DORCHADAS,expanded_021,expanded,light_breaks_darkness,GA,0,adjacent,B->R,B,R,beith,ruis,right,cross,1,5,4,Dominance,Anchor,Atomic Initiation,Maximal Fusion,False
briseann-solas-an-dorchadas,BRISEANN SOLAS AN DORCHADAS,expanded_021,expanded,light_breaks_darkness,GA,1,adjacent,R->I,R,I,ruis,idad,cross,diagonal,5,5,0,Resonance,Gate,Maximal Fusion,Maximal Jet,False
briseann-solas-an-dorchadas,BRISEANN SOLAS AN DORCHADAS,expanded_021,expanded,light_breaks_darkness,GA,2,adjacent,I->S,I,S,idad,sail,diagonal,right,5,4,1,Modulation,Propel,Maximal Jet,Strong Enforcement,False
briseann-solas-an-dorchadas,BRISEANN SOLAS AN DORCHADAS,expanded_021,expanded,light_breaks_darkness,GA,3,adjacent,S->EA,S,EA,sail,ea,right,backslash,4,4,0,Resonance,Distort,Strong Enforcement,Strong Warp,True
briseann-solas-an-dorchadas,BRISEANN SOLAS AN DORCHADAS,expanded_021,expanded,light_breaks_darkness,GA,4,adjacent,EA->N,EA,N,ea,ngeadal,backslash,cross,4,3,1,Modulation,Fracture,Strong Warp,Median Lock,True
briseann-solas-an-dorchadas,BRISEANN SOLAS AN DORCHADAS,expanded_021,expanded,light_breaks_darkness,GA,5,adjacent,N->N,N,N,ngeadal,ngeadal,cross,cross,3,3,0,Resonance,Crystalize,Median Lock,Median Lock,False
briseann-solas-an-dorchadas,BRISEANN SOLAS AN DORCHADAS,expanded_021,expanded,light_breaks_darkness,GA,6,adjacent,N->S,N,S,ngeadal,sail,cross,right,3,4,1,Modulation,Anchor,Median Lock,Strong Enforcement,False
briseann-solas-an-dorchadas,BRISEANN SOLAS AN DORCHADAS,expanded_021,expanded,light_breaks_darkness,GA,7,adjacent,S->O,S,O,sail,onn,right,diagonal,4,2,2,Dominance,Propel,Strong Enforcement,Weak Current,False
briseann-solas-an-dorchadas,BRISEANN SOLAS AN DORCHADAS,expanded_021,expanded,light_breaks_darkness,GA,8,adjacent,O->L,O,L,onn,luis,diagonal,right,2,2,0,Resonance,Propel,Weak Current,Weak Coupling,False
briseann-solas-an-dorchadas,BRISEANN SOLAS AN DORCHADAS,expanded_021,expanded,light_breaks_darkness,GA,9,adjacent,L->A,L,A,luis,ailm,right,diagonal,2,1,1,Modulation,Propel,Weak Coupling,Atomic Flow,False
briseann-solas-an-dorchadas,BRISEANN SOLAS AN DORCHADAS,expanded_021,expanded,light_breaks_darkness,GA,10,adjacent,A->S,A,S,ailm,sail,diagonal,right,1,4,3,Dominance,Propel,Atomic Flow,Strong Enforcement,False
briseann-solas-an-dorchadas,BRISEANN SOLAS AN DORCHADAS,expanded_021,expanded,light_breaks_darkness,GA,11,adjacent,S->A,S,A,sail,ailm,right,diagonal,4,1,3,Dominance,Propel,Strong Enforcement,Atomic Flow,False
briseann-solas-an-dorchadas,BRISEANN SOLAS AN DORCHADAS,expanded_021,expanded,light_breaks_darkness,GA,12,adjacent,A->N,A,N,ailm,ngeadal,diagonal,cross,1,3,2,Dominance,Gate,Atomic Flow,Median Lock,False
briseann-solas-an-dorchadas,BRISEANN SOLAS AN DORCHADAS,expanded_021,expanded,light_breaks_darkness,GA,13,adjacent,N->D,N,D,ngeadal,duir,cross,left,3,2,1,Modulation,Anchor,Median Lock,Weak Resistance,False
briseann-solas-an-dorchadas,BRISEANN SOLAS AN DORCHADAS,expanded_021,expanded,light_breaks_darkness,GA,14,adjacent,D->O,D,O,duir,onn,left,diagonal,2,2,0,Resonance,Dampen,Weak Resistance,Weak Current,False
briseann-solas-an-dorchadas,BRISEANN SOLAS AN DORCHADAS,expanded_021,expanded,light_breaks_darkness,GA,15,adjacent,O->R,O,R,onn,ruis,diagonal,cross,2,5,3,Dominance,Gate,Weak Current,Maximal Fusion,False
briseann-solas-an-dorchadas,BRISEANN SOLAS AN DORCHADAS,expanded_021,expanded,light_breaks_darkness,GA,16,adjacent,R->C,R,C,ruis,coll,cross,left,5,4,1,Modulation,Anchor,Maximal Fusion,Strong Barrier,False
briseann-solas-an-dorchadas,BRISEANN SOLAS AN DORCHADAS,expanded_021,expanded,light_breaks_darkness,GA,17,adjacent,C->H,C,H,coll,huath,left,left,4,1,3,Dominance,Reinforce,Strong Barrier,Atomic Reaction,False
briseann-solas-an-dorchadas,BRISEANN SOLAS AN DORCHADAS,expanded_021,expanded,light_breaks_darkness,GA,18,adjacent,H->A,H,A,huath,ailm,left,diagonal,1,1,0,Resonance,Dampen,Atomic Reaction,Atomic Flow,False
briseann-solas-an-dorchadas,BRISEANN SOLAS AN DORCHADAS,expanded_021,expanded,light_breaks_darkness,GA,19,adjacent,A->D,A,D,ailm,duir,diagonal,left,1,2,1,Modulation,Dampen,Atomic Flow,Weak Resistance,False
briseann-solas-an-dorchadas,BRISEANN SOLAS AN DORCHADAS,expanded_021,expanded,light_breaks_darkness,GA,20,adjacent,D->A,D,A,duir,ailm,left,diagonal,2,1,1,Modulation,Dampen,Weak Resistance,Atomic Flow,False
briseann-solas-an-dorchadas,BRISEANN SOLAS AN DORCHADAS,expanded_021,expanded,light_breaks_darkness,GA,21,adjacent,A->S,A,S,ailm,sail,diagonal,right,1,4,3,Dominance,Propel,Atomic Flow,Strong Enforcement,False
is-cuimhin-leis-an-abhainn,IS CUIMHIN LEIS AN ABHAINN,expanded_022,expanded,memory_holds_stone,GA,0,adjacent,I->S,I,S,idad,sail,diagonal,right,5,4,1,Modulation,Propel,Maximal Jet,Strong Enforcement,False
is-cuimhin-leis-an-abhainn,IS CUIMHIN LEIS AN ABHAINN,expanded_022,expanded,memory_holds_stone,GA,1,adjacent,S->C,S,C,sail,coll,right,left,4,4,0,Resonance,Opposition,Strong Enforcement,Strong Barrier,False
is-cuimhin-leis-an-abhainn,IS CUIMHIN LEIS AN ABHAINN,expanded_022,expanded,memory_holds_stone,GA,2,adjacent,C->UI,C,UI,coll,ui,left,backslash,4,3,1,Modulation,Invert,Strong Barrier,Median Shift,True
is-cuimhin-leis-an-abhainn,IS CUIMHIN LEIS AN ABHAINN,expanded_022,expanded,memory_holds_stone,GA,3,adjacent,UI->M,UI,M,ui,muin,backslash,cross,3,1,2,Dominance,Fracture,Median Shift,Atomic Bind,True
is-cuimhin-leis-an-abhainn,IS CUIMHIN LEIS AN ABHAINN,expanded_022,expanded,memory_holds_stone,GA,4,adjacent,M->H,M,H,muin,huath,cross,left,1,1,0,Resonance,Anchor,Atomic Bind,Atomic Reaction,False
is-cuimhin-leis-an-abhainn,IS CUIMHIN LEIS AN ABHAINN,expanded_022,expanded,memory_holds_stone,GA,5,adjacent,H->I,H,I,huath,idad,left,diagonal,1,5,4,Dominance,Dampen,Atomic Reaction,Maximal Jet,False
is-cuimhin-leis-an-abhainn,IS CUIMHIN LEIS AN ABHAINN,expanded_022,expanded,memory_holds_stone,GA,6,adjacent,I->N,I,N,idad,ngeadal,diagonal,cross,5,3,2,Dominance,Gate,Maximal Jet,Median Lock,False
is-cuimhin-leis-an-abhainn,IS CUIMHIN LEIS AN ABHAINN,expanded_022,expanded,memory_holds_stone,GA,7,adjacent,N->L,N,L,ngeadal,luis,cross,right,3,2,1,Modulation,Anchor,Median Lock,Weak Coupling,False
is-cuimhin-leis-an-abhainn,IS CUIMHIN LEIS AN ABHAINN,expanded_022,expanded,memory_holds_stone,GA,8,adjacent,L->E,L,E,luis,eadhadh,right,diagonal,2,4,2,Dominance,Propel,Weak Coupling,Strong Torrent,False
is-cuimhin-leis-an-abhainn,IS CUIMHIN LEIS AN ABHAINN,expanded_022,expanded,memory_holds_stone,GA,9,adjacent,E->I,E,I,eadhadh,idad,diagonal,diagonal,4,5,1,Modulation,Stream,Strong Torrent,Maximal Jet,False
is-cuimhin-leis-an-abhainn,IS CUIMHIN LEIS AN ABHAINN,expanded_022,expanded,memory_holds_stone,GA,10,adjacent,I->S,I,S,idad,sail,diagonal,right,5,4,1,Modulation,Propel,Maximal Jet,Strong Enforcement,False
is-cuimhin-leis-an-abhainn,IS CUIMHIN LEIS AN ABHAINN,expanded_022,expanded,memory_holds_stone,GA,11,adjacent,S->A,S,A,sail,ailm,right,diagonal,4,1,3,Dominance,Propel,Strong Enforcement,Atomic Flow,False
is-cuimhin-leis-an-abhainn,IS CUIMHIN LEIS AN ABHAINN,expanded_022,expanded,memory_holds_stone,GA,12,adjacent,A->N,A,N,ailm,ngeadal,diagonal,cross,1,3,2,Dominance,Gate,Atomic Flow,Median Lock,False
is-cuimhin-leis-an-abhainn,IS CUIMHIN LEIS AN ABHAINN,expanded_022,expanded,memory_holds_stone,GA,13,adjacent,N->A,N,A,ngeadal,ailm,cross,diagonal,3,1,2,Dominance,Gate,Median Lock,Atomic Flow,False
is-cuimhin-leis-an-abhainn,IS CUIMHIN LEIS AN ABHAINN,expanded_022,expanded,memory_holds_stone,GA,14,adjacent,A->B,A,B,ailm,beith,diagonal,right,1,1,0,Resonance,Propel,Atomic Flow,Atomic Initiation,False
is-cuimhin-leis-an-abhainn,IS CUIMHIN LEIS AN ABHAINN,expanded_022,expanded,memory_holds_stone,GA,15,adjacent,B->H,B,H,beith,huath,right,left,1,1,0,Resonance,Opposition,Atomic Initiation,Atomic Reaction,False
is-cuimhin-leis-an-abhainn,IS CUIMHIN LEIS AN ABHAINN,expanded_022,expanded,memory_holds_stone,GA,16,adjacent,H->A,H,A,huath,ailm,left,diagonal,1,1,0,Resonance,Dampen,Atomic Reaction,Atomic Flow,False
is-cuimhin-leis-an-abhainn,IS CUIMHIN LEIS AN ABHAINN,expanded_022,expanded,memory_holds_stone,GA,17,adjacent,A->I,A,I,ailm,idad,diagonal,diagonal,1,5,4,Dominance,Stream,Atomic Flow,Maximal Jet,False
is-cuimhin-leis-an-abhainn,IS CUIMHIN LEIS AN ABHAINN,expanded_022,expanded,memory_holds_stone,GA,18,adjacent,I->N,I,N,idad,ngeadal,diagonal,cross,5,3,2,Dominance,Gate,Maximal Jet,Median Lock,False
is-cuimhin-leis-an-abhainn,IS CUIMHIN LEIS AN ABHAINN,expanded_022,expanded,memory_holds_stone,GA,19,adjacent,N->N,N,N,ngeadal,ngeadal,cross,cross,3,3,0,Resonance,Crystalize,Median Lock,Median Lock,False
memoria-portam-abditam-aperit,MEMORIA PORTAM ABDITAM APERIT,translation_001,translation_added,memory_opens_gate,LA,0,adjacent,M->E,M,E,muin,eadhadh,cross,diagonal,1,4,3,Dominance,Gate,Atomic Bind,Strong Torrent,False
memoria-portam-abditam-aperit,MEMORIA PORTAM ABDITAM APERIT,translation_001,translation_added,memory_opens_gate,LA,1,adjacent,E->M,E,M,eadhadh,muin,diagonal,cross,4,1,3,Dominance,Gate,Strong Torrent,Atomic Bind,False
memoria-portam-abditam-aperit,MEMORIA PORTAM ABDITAM APERIT,translation_001,translation_added,memory_opens_gate,LA,2,adjacent,M->O,M,O,muin,onn,cross,diagonal,1,2,1,Modulation,Gate,Atomic Bind,Weak Current,False
memoria-portam-abditam-aperit,MEMORIA PORTAM ABDITAM APERIT,translation_001,translation_added,memory_opens_gate,LA,3,adjacent,O->R,O,R,onn,ruis,diagonal,cross,2,5,3,Dominance,Gate,Weak Current,Maximal Fusion,False
memoria-portam-abditam-aperit,MEMORIA PORTAM ABDITAM APERIT,translation_001,translation_added,memory_opens_gate,LA,4,adjacent,R->I,R,I,ruis,idad,cross,diagonal,5,5,0,Resonance,Gate,Maximal Fusion,Maximal Jet,False
memoria-portam-abditam-aperit,MEMORIA PORTAM ABDITAM APERIT,translation_001,translation_added,memory_opens_gate,LA,5,adjacent,I->A,I,A,idad,ailm,diagonal,diagonal,5,1,4,Dominance,Stream,Maximal Jet,Atomic Flow,False
memoria-portam-abditam-aperit,MEMORIA PORTAM ABDITAM APERIT,translation_001,translation_added,memory_opens_gate,LA,6,adjacent,A->P,A,P,ailm,peith,diagonal,right,1,5,4,Dominance,Propel,Atomic Flow,Maximal Drive,False
memoria-portam-abditam-aperit,MEMORIA PORTAM ABDITAM APERIT,translation_001,translation_added,memory_opens_gate,LA,7,adjacent,P->O,P,O,peith,onn,right,diagonal,5,2,3,Dominance,Propel,Maximal Drive,Weak Current,False
memoria-portam-abditam-aperit,MEMORIA PORTAM ABDITAM APERIT,translation_001,translation_added,memory_opens_gate,LA,8,adjacent,O->R,O,R,onn,ruis,diagonal,cross,2,5,3,Dominance,Gate,Weak Current,Maximal Fusion,False
memoria-portam-abditam-aperit,MEMORIA PORTAM ABDITAM APERIT,translation_001,translation_added,memory_opens_gate,LA,9,adjacent,R->T,R,T,ruis,tinne,cross,left,5,3,2,Dominance,Anchor,Maximal Fusion,Median Balance,False
memoria-portam-abditam-aperit,MEMORIA PORTAM ABDITAM APERIT,translation_001,translation_added,memory_opens_gate,LA,10,adjacent,T->A,T,A,tinne,ailm,left,diagonal,3,1,2,Dominance,Dampen,Median Balance,Atomic Flow,False
memoria-portam-abditam-aperit,MEMORIA PORTAM ABDITAM APERIT,translation_001,translation_added,memory_opens_gate,LA,11,adjacent,A->M,A,M,ailm,muin,diagonal,cross,1,1,0,Resonance,Gate,Atomic Flow,Atomic Bind,False
memoria-portam-abditam-aperit,MEMORIA PORTAM ABDITAM APERIT,translation_001,translation_added,memory_opens_gate,LA,12,adjacent,M->A,M,A,muin,ailm,cross,diagonal,1,1,0,Resonance,Gate,Atomic Bind,Atomic Flow,False
memoria-portam-abditam-aperit,MEMORIA PORTAM ABDITAM APERIT,translation_001,translation_added,memory_opens_gate,LA,13,adjacent,A->B,A,B,ailm,beith,diagonal,right,1,1,0,Resonance,Propel,Atomic Flow,Atomic Initiation,False
memoria-portam-abditam-aperit,MEMORIA PORTAM ABDITAM APERIT,translation_001,translation_added,memory_opens_gate,LA,14,adjacent,B->D,B,D,beith,duir,right,left,1,2,1,Modulation,Opposition,Atomic Initiation,Weak Resistance,False
memoria-portam-abditam-aperit,MEMORIA PORTAM ABDITAM APERIT,translation_001,translation_added,memory_opens_gate,LA,15,adjacent,D->I,D,I,duir,idad,left,diagonal,2,5,3,Dominance,Dampen,Weak Resistance,Maximal Jet,False
memoria-portam-abditam-aperit,MEMORIA PORTAM ABDITAM APERIT,translation_001,translation_added,memory_opens_gate,LA,16,adjacent,I->T,I,T,idad,tinne,diagonal,left,5,3,2,Dominance,Dampen,Maximal Jet,Median Balance,False
memoria-portam-abditam-aperit,MEMORIA PORTAM ABDITAM APERIT,translation_001,translation_added,memory_opens_gate,LA,17,adjacent,T->A,T,A,tinne,ailm,left,diagonal,3,1,2,Dominance,Dampen,Median Balance,Atomic Flow,False
memoria-portam-abditam-aperit,MEMORIA PORTAM ABDITAM APERIT,translation_001,translation_added,memory_opens_gate,LA,18,adjacent,A->M,A,M,ailm,muin,diagonal,cross,1,1,0,Resonance,Gate,Atomic Flow,Atomic Bind,False
memoria-portam-abditam-aperit,MEMORIA PORTAM ABDITAM APERIT,translation_001,translation_added,memory_opens_gate,LA,19,adjacent,M->A,M,A,muin,ailm,cross,diagonal,1,1,0,Resonance,Gate,Atomic Bind,Atomic Flow,False
memoria-portam-abditam-aperit,MEMORIA PORTAM ABDITAM APERIT,translation_001,translation_added,memory_opens_gate,LA,20,adjacent,A->P,A,P,ailm,peith,diagonal,right,1,5,4,Dominance,Propel,Atomic Flow,Maximal Drive,False
memoria-portam-abditam-aperit,MEMORIA PORTAM ABDITAM APERIT,translation_001,translation_added,memory_opens_gate,LA,21,adjacent,P->E,P,E,peith,eadhadh,right,diagonal,5,4,1,Modulation,Propel,Maximal Drive,Strong Torrent,False
memoria-portam-abditam-aperit,MEMORIA PORTAM ABDITAM APERIT,translation_001,translation_added,memory_opens_gate,LA,22,adjacent,E->R,E,R,eadhadh,ruis,diagonal,cross,4,5,1,Modulation,Gate,Strong Torrent,Maximal Fusion,False
memoria-portam-abditam-aperit,MEMORIA PORTAM ABDITAM APERIT,translation_001,translation_added,memory_opens_gate,LA,23,adjacent,R->I,R,I,ruis,idad,cross,diagonal,5,5,0,Resonance,Gate,Maximal Fusion,Maximal Jet,False
memoria-portam-abditam-aperit,MEMORIA PORTAM ABDITAM APERIT,translation_001,translation_added,memory_opens_gate,LA,24,adjacent,I->T,I,T,idad,tinne,diagonal,left,5,3,2,Dominance,Dampen,Maximal Jet,Median Balance,False
freedom-opens-the-door,FREEDOM OPENS THE DOOR,translation_002,translation_added,freedom_opens_door,EN,0,adjacent,F->R,F,R,fearn,ruis,right,cross,3,5,2,Dominance,Anchor,Median Assertion,Maximal Fusion,False
freedom-opens-the-door,FREEDOM OPENS THE DOOR,translation_002,translation_added,freedom_opens_door,EN,1,adjacent,R->E,R,E,ruis,eadhadh,cross,diagonal,5,4,1,Modulation,Gate,Maximal Fusion,Strong Torrent,False
freedom-opens-the-door,FREEDOM OPENS THE DOOR,translation_002,translation_added,freedom_opens_door,EN,2,adjacent,E->E,E,E,eadhadh,eadhadh,diagonal,diagonal,4,4,0,Resonance,Stream,Strong Torrent,Strong Torrent,False
freedom-opens-the-door,FREEDOM OPENS THE DOOR,translation_002,translation_added,freedom_opens_door,EN,3,adjacent,E->D,E,D,eadhadh,duir,diagonal,left,4,2,2,Dominance,Dampen,Strong Torrent,Weak Resistance,False
freedom-opens-the-door,FREEDOM OPENS THE DOOR,translation_002,translation_added,freedom_opens_door,EN,4,adjacent,D->O,D,O,duir,onn,left,diagonal,2,2,0,Resonance,Dampen,Weak Resistance,Weak Current,False
freedom-opens-the-door,FREEDOM OPENS THE DOOR,translation_002,translation_added,freedom_opens_door,EN,5,adjacent,O->M,O,M,onn,muin,diagonal,cross,2,1,1,Modulation,Gate,Weak Current,Atomic Bind,False
freedom-opens-the-door,FREEDOM OPENS THE DOOR,translation_002,translation_added,freedom_opens_door,EN,6,adjacent,M->O,M,O,muin,onn,cross,diagonal,1,2,1,Modulation,Gate,Atomic Bind,Weak Current,False
freedom-opens-the-door,FREEDOM OPENS THE DOOR,translation_002,translation_added,freedom_opens_door,EN,7,adjacent,O->P,O,P,onn,peith,diagonal,right,2,5,3,Dominance,Propel,Weak Current,Maximal Drive,False
freedom-opens-the-door,FREEDOM OPENS THE DOOR,translation_002,translation_added,freedom_opens_door,EN,8,adjacent,P->E,P,E,peith,eadhadh,right,diagonal,5,4,1,Modulation,Propel,Maximal Drive,Strong Torrent,False
freedom-opens-the-door,FREEDOM OPENS THE DOOR,translation_002,translation_added,freedom_opens_door,EN,9,adjacent,E->N,E,N,eadhadh,ngeadal,diagonal,cross,4,3,1,Modulation,Gate,Strong Torrent,Median Lock,False
freedom-opens-the-door,FREEDOM OPENS THE DOOR,translation_002,translation_added,freedom_opens_door,EN,10,adjacent,N->S,N,S,ngeadal,sail,cross,right,3,4,1,Modulation,Anchor,Median Lock,Strong Enforcement,False
freedom-opens-the-door,FREEDOM OPENS THE DOOR,translation_002,translation_added,freedom_opens_door,EN,11,adjacent,S->T,S,T,sail,tinne,right,left,4,3,1,Modulation,Opposition,Strong Enforcement,Median Balance,False
freedom-opens-the-door,FREEDOM OPENS THE DOOR,translation_002,translation_added,freedom_opens_door,EN,12,adjacent,T->H,T,H,tinne,huath,left,left,3,1,2,Dominance,Reinforce,Median Balance,Atomic Reaction,False
freedom-opens-the-door,FREEDOM OPENS THE DOOR,translation_002,translation_added,freedom_opens_door,EN,13,adjacent,H->E,H,E,huath,eadhadh,left,diagonal,1,4,3,Dominance,Dampen,Atomic Reaction,Strong Torrent,False
freedom-opens-the-door,FREEDOM OPENS THE DOOR,translation_002,translation_added,freedom_opens_door,EN,14,adjacent,E->D,E,D,eadhadh,duir,diagonal,left,4,2,2,Dominance,Dampen,Strong Torrent,Weak Resistance,False
freedom-opens-the-door,FREEDOM OPENS THE DOOR,translation_002,translation_added,freedom_opens_door,EN,15,adjacent,D->O,D,O,duir,onn,left,diagonal,2,2,0,Resonance,Dampen,Weak Resistance,Weak Current,False
freedom-opens-the-door,FREEDOM OPENS THE DOOR,translation_002,translation_added,freedom_opens_door,EN,16,adjacent,O->O,O,O,onn,onn,diagonal,diagonal,2,2,0,Resonance,Stream,Weak Current,Weak Current,False
freedom-opens-the-door,FREEDOM OPENS THE DOOR,translation_002,translation_added,freedom_opens_door,EN,17,adjacent,O->R,O,R,onn,ruis,diagonal,cross,2,5,3,Dominance,Gate,Weak Current,Maximal Fusion,False
osclaionn-saoirse-an-doras,OSCLAIONN SAOIRSE AN DORAS,translation_003,translation_added,freedom_opens_door,GA,0,adjacent,O->S,O,S,onn,sail,diagonal,right,2,4,2,Dominance,Propel,Weak Current,Strong Enforcement,False
osclaionn-saoirse-an-doras,OSCLAIONN SAOIRSE AN DORAS,translation_003,translation_added,freedom_opens_door,GA,1,adjacent,S->C,S,C,sail,coll,right,left,4,4,0,Resonance,Opposition,Strong Enforcement,Strong Barrier,False
osclaionn-saoirse-an-doras,OSCLAIONN SAOIRSE AN DORAS,translation_003,translation_added,freedom_opens_door,GA,2,adjacent,C->L,C,L,coll,luis,left,right,4,2,2,Dominance,Opposition,Strong Barrier,Weak Coupling,False
osclaionn-saoirse-an-doras,OSCLAIONN SAOIRSE AN DORAS,translation_003,translation_added,freedom_opens_door,GA,3,adjacent,L->A,L,A,luis,ailm,right,diagonal,2,1,1,Modulation,Propel,Weak Coupling,Atomic Flow,False
osclaionn-saoirse-an-doras,OSCLAIONN SAOIRSE AN DORAS,translation_003,translation_added,freedom_opens_door,GA,4,adjacent,A->IO,A,IO,ailm,io,diagonal,backslash,1,5,4,Dominance,Turbulence,Atomic Flow,Maximal Chaos,True
osclaionn-saoirse-an-doras,OSCLAIONN SAOIRSE AN DORAS,translation_003,translation_added,freedom_opens_door,GA,5,adjacent,IO->N,IO,N,io,ngeadal,backslash,cross,5,3,2,Dominance,Fracture,Maximal Chaos,Median Lock,True
osclaionn-saoirse-an-doras,OSCLAIONN SAOIRSE AN DORAS,translation_003,translation_added,freedom_opens_door,GA,6,adjacent,N->N,N,N,ngeadal,ngeadal,cross,cross,3,3,0,Resonance,Crystalize,Median Lock,Median Lock,False
osclaionn-saoirse-an-doras,OSCLAIONN SAOIRSE AN DORAS,translation_003,translation_added,freedom_opens_door,GA,7,adjacent,N->S,N,S,ngeadal,sail,cross,right,3,4,1,Modulation,Anchor,Median Lock,Strong Enforcement,False
osclaionn-saoirse-an-doras,OSCLAIONN SAOIRSE AN DORAS,translation_003,translation_added,freedom_opens_door,GA,8,adjacent,S->A,S,A,sail,ailm,right,diagonal,4,1,3,Dominance,Propel,Strong Enforcement,Atomic Flow,False
osclaionn-saoirse-an-doras,OSCLAIONN SAOIRSE AN DORAS,translation_003,translation_added,freedom_opens_door,GA,9,adjacent,A->OI,A,OI,ailm,oi,diagonal,backslash,1,2,1,Modulation,Turbulence,Atomic Flow,Weak Vortex,True
osclaionn-saoirse-an-doras,OSCLAIONN SAOIRSE AN DORAS,translation_003,translation_added,freedom_opens_door,GA,10,adjacent,OI->R,OI,R,oi,ruis,backslash,cross,2,5,3,Dominance,Fracture,Weak Vortex,Maximal Fusion,True
osclaionn-saoirse-an-doras,OSCLAIONN SAOIRSE AN DORAS,translation_003,translation_added,freedom_opens_door,GA,11,adjacent,R->S,R,S,ruis,sail,cross,right,5,4,1,Modulation,Anchor,Maximal Fusion,Strong Enforcement,False
osclaionn-saoirse-an-doras,OSCLAIONN SAOIRSE AN DORAS,translation_003,translation_added,freedom_opens_door,GA,12,adjacent,S->E,S,E,sail,eadhadh,right,diagonal,4,4,0,Resonance,Propel,Strong Enforcement,Strong Torrent,False
osclaionn-saoirse-an-doras,OSCLAIONN SAOIRSE AN DORAS,translation_003,translation_added,freedom_opens_door,GA,13,adjacent,E->A,E,A,eadhadh,ailm,diagonal,diagonal,4,1,3,Dominance,Stream,Strong Torrent,Atomic Flow,False
osclaionn-saoirse-an-doras,OSCLAIONN SAOIRSE AN DORAS,translation_003,translation_added,freedom_opens_door,GA,14,adjacent,A->N,A,N,ailm,ngeadal,diagonal,cross,1,3,2,Dominance,Gate,Atomic Flow,Median Lock,False
osclaionn-saoirse-an-doras,OSCLAIONN SAOIRSE AN DORAS,translation_003,translation_added,freedom_opens_door,GA,15,adjacent,N->D,N,D,ngeadal,duir,cross,left,3,2,1,Modulation,Anchor,Median Lock,Weak Resistance,False
osclaionn-saoirse-an-doras,OSCLAIONN SAOIRSE AN DORAS,translation_003,translation_added,freedom_opens_door,GA,16,adjacent,D->O,D,O,duir,onn,left,diagonal,2,2,0,Resonance,Dampen,Weak Resistance,Weak Current,False
osclaionn-saoirse-an-doras,OSCLAIONN SAOIRSE AN DORAS,translation_003,translation_added,freedom_opens_door,GA,17,adjacent,O->R,O,R,onn,ruis,diagonal,cross,2,5,3,Dominance,Gate,Weak Current,Maximal Fusion,False
osclaionn-saoirse-an-doras,OSCLAIONN SAOIRSE AN DORAS,translation_003,translation_added,freedom_opens_door,GA,18,adjacent,R->A,R,A,ruis,ailm,cross,diagonal,5,1,4,Dominance,Gate,Maximal Fusion,Atomic Flow,False
osclaionn-saoirse-an-doras,OSCLAIONN SAOIRSE AN DORAS,translation_003,translation_added,freedom_opens_door,GA,19,adjacent,A->S,A,S,ailm,sail,diagonal,right,1,4,3,Dominance,Propel,Atomic Flow,Strong Enforcement,False
light-breaks-the-darkness,LIGHT BREAKS THE DARKNESS,translation_004,translation_added,light_breaks_darkness,EN,0,adjacent,L->I,L,I,luis,idad,right,diagonal,2,5,3,Dominance,Propel,Weak Coupling,Maximal Jet,False
light-breaks-the-darkness,LIGHT BREAKS THE DARKNESS,translation_004,translation_added,light_breaks_darkness,EN,1,adjacent,I->G,I,G,idad,gort,diagonal,cross,5,2,3,Dominance,Gate,Maximal Jet,Loose Knot,False
light-breaks-the-darkness,LIGHT BREAKS THE DARKNESS,translation_004,translation_added,light_breaks_darkness,EN,2,adjacent,G->H,G,H,gort,huath,cross,left,2,1,1,Modulation,Anchor,Loose Knot,Atomic Reaction,False
light-breaks-the-darkness,LIGHT BREAKS THE DARKNESS,translation_004,translation_added,light_breaks_darkness,EN,3,adjacent,H->T,H,T,huath,tinne,left,left,1,3,2,Dominance,Reinforce,Atomic Reaction,Median Balance,False
light-breaks-the-darkness,LIGHT BREAKS THE DARKNESS,translation_004,translation_added,light_breaks_darkness,EN,4,adjacent,T->B,T,B,tinne,beith,left,right,3,1,2,Dominance,Opposition,Median Balance,Atomic Initiation,False
light-breaks-the-darkness,LIGHT BREAKS THE DARKNESS,translation_004,translation_added,light_breaks_darkness,EN,5,adjacent,B->R,B,R,beith,ruis,right,cross,1,5,4,Dominance,Anchor,Atomic Initiation,Maximal Fusion,False
light-breaks-the-darkness,LIGHT BREAKS THE DARKNESS,translation_004,translation_added,light_breaks_darkness,EN,6,adjacent,R->EA,R,EA,ruis,ea,cross,backslash,5,4,1,Modulation,Fracture,Maximal Fusion,Strong Warp,True
light-breaks-the-darkness,LIGHT BREAKS THE DARKNESS,translation_004,translation_added,light_breaks_darkness,EN,7,adjacent,EA->C,EA,C,ea,coll,backslash,left,4,4,0,Resonance,Invert,Strong Warp,Strong Barrier,True
light-breaks-the-darkness,LIGHT BREAKS THE DARKNESS,translation_004,translation_added,light_breaks_darkness,EN,8,adjacent,C->S,C,S,coll,sail,left,right,4,4,0,Resonance,Opposition,Strong Barrier,Strong Enforcement,False
light-breaks-the-darkness,LIGHT BREAKS THE DARKNESS,translation_004,translation_added,light_breaks_darkness,EN,9,adjacent,S->T,S,T,sail,tinne,right,left,4,3,1,Modulation,Opposition,Strong Enforcement,Median Balance,False
light-breaks-the-darkness,LIGHT BREAKS THE DARKNESS,translation_004,translation_added,light_breaks_darkness,EN,10,adjacent,T->H,T,H,tinne,huath,left,left,3,1,2,Dominance,Reinforce,Median Balance,Atomic Reaction,False
light-breaks-the-darkness,LIGHT BREAKS THE DARKNESS,translation_004,translation_added,light_breaks_darkness,EN,11,adjacent,H->E,H,E,huath,eadhadh,left,diagonal,1,4,3,Dominance,Dampen,Atomic Reaction,Strong Torrent,False
light-breaks-the-darkness,LIGHT BREAKS THE DARKNESS,translation_004,translation_added,light_breaks_darkness,EN,12,adjacent,E->D,E,D,eadhadh,duir,diagonal,left,4,2,2,Dominance,Dampen,Strong Torrent,Weak Resistance,False
light-breaks-the-darkness,LIGHT BREAKS THE DARKNESS,translation_004,translation_added,light_breaks_darkness,EN,13,adjacent,D->A,D,A,duir,ailm,left,diagonal,2,1,1,Modulation,Dampen,Weak Resistance,Atomic Flow,False
light-breaks-the-darkness,LIGHT BREAKS THE DARKNESS,translation_004,translation_added,light_breaks_darkness,EN,14,adjacent,A->R,A,R,ailm,ruis,diagonal,cross,1,5,4,Dominance,Gate,Atomic Flow,Maximal Fusion,False
light-breaks-the-darkness,LIGHT BREAKS THE DARKNESS,translation_004,translation_added,light_breaks_darkness,EN,15,adjacent,R->C,R,C,ruis,coll,cross,left,5,4,1,Modulation,Anchor,Maximal Fusion,Strong Barrier,False
light-breaks-the-darkness,LIGHT BREAKS THE DARKNESS,translation_004,translation_added,light_breaks_darkness,EN,16,adjacent,C->N,C,N,coll,ngeadal,left,cross,4,3,1,Modulation,Anchor,Strong Barrier,Median Lock,False
light-breaks-the-darkness,LIGHT BREAKS THE DARKNESS,translation_004,translation_added,light_breaks_darkness,EN,17,adjacent,N->E,N,E,ngeadal,eadhadh,cross,diagonal,3,4,1,Modulation,Gate,Median Lock,Strong Torrent,False
light-breaks-the-darkness,LIGHT BREAKS THE DARKNESS,translation_004,translation_added,light_breaks_darkness,EN,18,adjacent,E->S,E,S,eadhadh,sail,diagonal,right,4,4,0,Resonance,Propel,Strong Torrent,Strong Enforcement,False
light-breaks-the-darkness,LIGHT BREAKS THE DARKNESS,translation_004,translation_added,light_breaks_darkness,EN,19,adjacent,S->S,S,S,sail,sail,right,right,4,4,0,Resonance,Reinforce,Strong Enforcement,Strong Enforcement,False
lux-tenebras-frangit,LUX TENEBRAS FRANGIT,translation_005,translation_added,light_breaks_darkness,LA,0,adjacent,L->U,L,U,luis,ur,right,diagonal,2,3,1,Modulation,Propel,Weak Coupling,Median Stream,False
lux-tenebras-frangit,LUX TENEBRAS FRANGIT,translation_005,translation_added,light_breaks_darkness,LA,1,adjacent,U->T,U,T,ur,tinne,diagonal,left,3,3,0,Resonance,Dampen,Median Stream,Median Balance,False
lux-tenebras-frangit,LUX TENEBRAS FRANGIT,translation_005,translation_added,light_breaks_darkness,LA,2,adjacent,T->E,T,E,tinne,eadhadh,left,diagonal,3,4,1,Modulation,Dampen,Median Balance,Strong Torrent,False
lux-tenebras-frangit,LUX TENEBRAS FRANGIT,translation_005,translation_added,light_breaks_darkness,LA,3,adjacent,E->N,E,N,eadhadh,ngeadal,diagonal,cross,4,3,1,Modulation,Gate,Strong Torrent,Median Lock,False
lux-tenebras-frangit,LUX TENEBRAS FRANGIT,translation_005,translation_added,light_breaks_darkness,LA,4,adjacent,N->E,N,E,ngeadal,eadhadh,cross,diagonal,3,4,1,Modulation,Gate,Median Lock,Strong Torrent,False
lux-tenebras-frangit,LUX TENEBRAS FRANGIT,translation_005,translation_added,light_breaks_darkness,LA,5,adjacent,E->B,E,B,eadhadh,beith,diagonal,right,4,1,3,Dominance,Propel,Strong Torrent,Atomic Initiation,False
lux-tenebras-frangit,LUX TENEBRAS FRANGIT,translation_005,translation_added,light_breaks_darkness,LA,6,adjacent,B->R,B,R,beith,ruis,right,cross,1,5,4,Dominance,Anchor,Atomic Initiation,Maximal Fusion,False
lux-tenebras-frangit,LUX TENEBRAS FRANGIT,translation_005,translation_added,light_breaks_darkness,LA,7,adjacent,R->A,R,A,ruis,ailm,cross,diagonal,5,1,4,Dominance,Gate,Maximal Fusion,Atomic Flow,False
lux-tenebras-frangit,LUX TENEBRAS FRANGIT,translation_005,translation_added,light_breaks_darkness,LA,8,adjacent,A->S,A,S,ailm,sail,diagonal,right,1,4,3,Dominance,Propel,Atomic Flow,Strong Enforcement,False
lux-tenebras-frangit,LUX TENEBRAS FRANGIT,translation_005,translation_added,light_breaks_darkness,LA,9,adjacent,S->F,S,F,sail,fearn,right,right,4,3,1,Modulation,Reinforce,Strong Enforcement,Median Assertion,False
lux-tenebras-frangit,LUX TENEBRAS FRANGIT,translation_005,translation_added,light_breaks_darkness,LA,10,adjacent,F->R,F,R,fearn,ruis,right,cross,3,5,2,Dominance,Anchor,Median Assertion,Maximal Fusion,False
lux-tenebras-frangit,LUX TENEBRAS FRANGIT,translation_005,translation_added,light_breaks_darkness,LA,11,adjacent,R->A,R,A,ruis,ailm,cross,diagonal,5,1,4,Dominance,Gate,Maximal Fusion,Atomic Flow,False
lux-tenebras-frangit,LUX TENEBRAS FRANGIT,translation_005,translation_added,light_breaks_darkness,LA,12,adjacent,A->N,A,N,ailm,ngeadal,diagonal,cross,1,3,2,Dominance,Gate,Atomic Flow,Median Lock,False
lux-tenebras-frangit,LUX TENEBRAS FRANGIT,translation_005,translation_added,light_breaks_darkness,LA,13,adjacent,N->G,N,G,ngeadal,gort,cross,cross,3,2,1,Modulation,Crystalize,Median Lock,Loose Knot,False
lux-tenebras-frangit,LUX TENEBRAS FRANGIT,translation_005,translation_added,light_breaks_darkness,LA,14,adjacent,G->I,G,I,gort,idad,cross,diagonal,2,5,3,Dominance,Gate,Loose Knot,Maximal Jet,False
lux-tenebras-frangit,LUX TENEBRAS FRANGIT,translation_005,translation_added,light_breaks_darkness,LA,15,adjacent,I->T,I,T,idad,tinne,diagonal,left,5,3,2,Dominance,Dampen,Maximal Jet,Median Balance,False
the-bird-flies-south,THE BIRD FLIES SOUTH,semantic_motion_001,semantic_category,motion,EN,0,adjacent,T->H,T,H,tinne,huath,left,left,3,1,2,Dominance,Reinforce,Median Balance,Atomic Reaction,False
the-bird-flies-south,THE BIRD FLIES SOUTH,semantic_motion_001,semantic_category,motion,EN,1,adjacent,H->E,H,E,huath,eadhadh,left,diagonal,1,4,3,Dominance,Dampen,Atomic Reaction,Strong Torrent,False
the-bird-flies-south,THE BIRD FLIES SOUTH,semantic_motion_001,semantic_category,motion,EN,2,adjacent,E->B,E,B,eadhadh,beith,diagonal,right,4,1,3,Dominance,Propel,Strong Torrent,Atomic Initiation,False
the-bird-flies-south,THE BIRD FLIES SOUTH,semantic_motion_001,semantic_category,motion,EN,3,adjacent,B->I,B,I,beith,idad,right,diagonal,1,5,4,Dominance,Propel,Atomic Initiation,Maximal Jet,False
the-bird-flies-south,THE BIRD FLIES SOUTH,semantic_motion_001,semantic_category,motion,EN,4,adjacent,I->R,I,R,idad,ruis,diagonal,cross,5,5,0,Resonance,Gate,Maximal Jet,Maximal Fusion,False
the-bird-flies-south,THE BIRD FLIES SOUTH,semantic_motion_001,semantic_category,motion,EN,5,adjacent,R->D,R,D,ruis,duir,cross,left,5,2,3,Dominance,Anchor,Maximal Fusion,Weak Resistance,False
the-bird-flies-south,THE BIRD FLIES SOUTH,semantic_motion_001,semantic_category,motion,EN,6,adjacent,D->F,D,F,duir,fearn,left,right,2,3,1,Modulation,Opposition,Weak Resistance,Median Assertion,False
the-bird-flies-south,THE BIRD FLIES SOUTH,semantic_motion_001,semantic_category,motion,EN,7,adjacent,F->L,F,L,fearn,luis,right,right,3,2,1,Modulation,Reinforce,Median Assertion,Weak Coupling,False
the-bird-flies-south,THE BIRD FLIES SOUTH,semantic_motion_001,semantic_category,motion,EN,8,adjacent,L->I,L,I,luis,idad,right,diagonal,2,5,3,Dominance,Propel,Weak Coupling,Maximal Jet,False
the-bird-flies-south,THE BIRD FLIES SOUTH,semantic_motion_001,semantic_category,motion,EN,9,adjacent,I->E,I,E,idad,eadhadh,diagonal,diagonal,5,4,1,Modulation,Stream,Maximal Jet,Strong Torrent,False
the-bird-flies-south,THE BIRD FLIES SOUTH,semantic_motion_001,semantic_category,motion,EN,10,adjacent,E->S,E,S,eadhadh,sail,diagonal,right,4,4,0,Resonance,Propel,Strong Torrent,Strong Enforcement,False
the-bird-flies-south,THE BIRD FLIES SOUTH,semantic_motion_001,semantic_category,motion,EN,11,adjacent,S->S,S,S,sail,sail,right,right,4,4,0,Resonance,Reinforce,Strong Enforcement,Strong Enforcement,False
the-bird-flies-south,THE BIRD FLIES SOUTH,semantic_motion_001,semantic_category,motion,EN,12,adjacent,S->O,S,O,sail,onn,right,diagonal,4,2,2,Dominance,Propel,Strong Enforcement,Weak Current,False
the-bird-flies-south,THE BIRD FLIES SOUTH,semantic_motion_001,semantic_category,motion,EN,13,adjacent,O->U,O,U,onn,ur,diagonal,diagonal,2,3,1,Modulation,Stream,Weak Current,Median Stream,False
the-bird-flies-south,THE BIRD FLIES SOUTH,semantic_motion_001,semantic_category,motion,EN,14,adjacent,U->T,U,T,ur,tinne,diagonal,left,3,3,0,Resonance,Dampen,Median Stream,Median Balance,False
the-bird-flies-south,THE BIRD FLIES SOUTH,semantic_motion_001,semantic_category,motion,EN,15,adjacent,T->H,T,H,tinne,huath,left,left,3,1,2,Dominance,Reinforce,Median Balance,Atomic Reaction,False
the-river-runs-to-the-sea,THE RIVER RUNS TO THE SEA,semantic_motion_002,semantic_category,motion,EN,0,adjacent,T->H,T,H,tinne,huath,left,left,3,1,2,Dominance,Reinforce,Median Balance,Atomic Reaction,False
the-river-runs-to-the-sea,THE RIVER RUNS TO THE SEA,semantic_motion_002,semantic_category,motion,EN,1,adjacent,H->E,H,E,huath,eadhadh,left,diagonal,1,4,3,Dominance,Dampen,Atomic Reaction,Strong Torrent,False
the-river-runs-to-the-sea,THE RIVER RUNS TO THE SEA,semantic_motion_002,semantic_category,motion,EN,2,adjacent,E->R,E,R,eadhadh,ruis,diagonal,cross,4,5,1,Modulation,Gate,Strong Torrent,Maximal Fusion,False
the-river-runs-to-the-sea,THE RIVER RUNS TO THE SEA,semantic_motion_002,semantic_category,motion,EN,3,adjacent,R->I,R,I,ruis,idad,cross,diagonal,5,5,0,Resonance,Gate,Maximal Fusion,Maximal Jet,False
the-river-runs-to-the-sea,THE RIVER RUNS TO THE SEA,semantic_motion_002,semantic_category,motion,EN,4,adjacent,I->F,I,F,idad,fearn,diagonal,right,5,3,2,Dominance,Propel,Maximal Jet,Median Assertion,False
the-river-runs-to-the-sea,THE RIVER RUNS TO THE SEA,semantic_motion_002,semantic_category,motion,EN,5,adjacent,F->E,F,E,fearn,eadhadh,right,diagonal,3,4,1,Modulation,Propel,Median Assertion,Strong Torrent,False
the-river-runs-to-the-sea,THE RIVER RUNS TO THE SEA,semantic_motion_002,semantic_category,motion,EN,6,adjacent,E->R,E,R,eadhadh,ruis,diagonal,cross,4,5,1,Modulation,Gate,Strong Torrent,Maximal Fusion,False
the-river-runs-to-the-sea,THE RIVER RUNS TO THE SEA,semantic_motion_002,semantic_category,motion,EN,7,adjacent,R->R,R,R,ruis,ruis,cross,cross,5,5,0,Resonance,Crystalize,Maximal Fusion,Maximal Fusion,False
the-river-runs-to-the-sea,THE RIVER RUNS TO THE SEA,semantic_motion_002,semantic_category,motion,EN,8,adjacent,R->U,R,U,ruis,ur,cross,diagonal,5,3,2,Dominance,Gate,Maximal Fusion,Median Stream,False
the-river-runs-to-the-sea,THE RIVER RUNS TO THE SEA,semantic_motion_002,semantic_category,motion,EN,9,adjacent,U->N,U,N,ur,ngeadal,diagonal,cross,3,3,0,Resonance,Gate,Median Stream,Median Lock,False
the-river-runs-to-the-sea,THE RIVER RUNS TO THE SEA,semantic_motion_002,semantic_category,motion,EN,10,adjacent,N->S,N,S,ngeadal,sail,cross,right,3,4,1,Modulation,Anchor,Median Lock,Strong Enforcement,False
the-river-runs-to-the-sea,THE RIVER RUNS TO THE SEA,semantic_motion_002,semantic_category,motion,EN,11,adjacent,S->T,S,T,sail,tinne,right,left,4,3,1,Modulation,Opposition,Strong Enforcement,Median Balance,False
the-river-runs-to-the-sea,THE RIVER RUNS TO THE SEA,semantic_motion_002,semantic_category,motion,EN,12,adjacent,T->O,T,O,tinne,onn,left,diagonal,3,2,1,Modulation,Dampen,Median Balance,Weak Current,False
the-river-runs-to-the-sea,THE RIVER RUNS TO THE SEA,semantic_motion_002,semantic_category,motion,EN,13,adjacent,O->T,O,T,onn,tinne,diagonal,left,2,3,1,Modulation,Dampen,Weak Current,Median Balance,False
the-river-runs-to-the-sea,THE RIVER RUNS TO THE SEA,semantic_motion_002,semantic_category,motion,EN,14,adjacent,T->H,T,H,tinne,huath,left,left,3,1,2,Dominance,Reinforce,Median Balance,Atomic Reaction,False
the-river-runs-to-the-sea,THE RIVER RUNS TO THE SEA,semantic_motion_002,semantic_category,motion,EN,15,adjacent,H->E,H,E,huath,eadhadh,left,diagonal,1,4,3,Dominance,Dampen,Atomic Reaction,Strong Torrent,False
the-river-runs-to-the-sea,THE RIVER RUNS TO THE SEA,semantic_motion_002,semantic_category,motion,EN,16,adjacent,E->S,E,S,eadhadh,sail,diagonal,right,4,4,0,Resonance,Propel,Strong Torrent,Strong Enforcement,False
the-river-runs-to-the-sea,THE RIVER RUNS TO THE SEA,semantic_motion_002,semantic_category,motion,EN,17,adjacent,S->EA,S,EA,sail,ea,right,backslash,4,4,0,Resonance,Distort,Strong Enforcement,Strong Warp,True
the-arrow-seeks-the-tree,THE ARROW SEEKS THE TREE,semantic_motion_003,semantic_category,motion,EN,0,adjacent,T->H,T,H,tinne,huath,left,left,3,1,2,Dominance,Reinforce,Median Balance,Atomic Reaction,False
the-arrow-seeks-the-tree,THE ARROW SEEKS THE TREE,semantic_motion_003,semantic_category,motion,EN,1,adjacent,H->E,H,E,huath,eadhadh,left,diagonal,1,4,3,Dominance,Dampen,Atomic Reaction,Strong Torrent,False
the-arrow-seeks-the-tree,THE ARROW SEEKS THE TREE,semantic_motion_003,semantic_category,motion,EN,2,adjacent,E->A,E,A,eadhadh,ailm,diagonal,diagonal,4,1,3,Dominance,Stream,Strong Torrent,Atomic Flow,False
the-arrow-seeks-the-tree,THE ARROW SEEKS THE TREE,semantic_motion_003,semantic_category,motion,EN,3,adjacent,A->R,A,R,ailm,ruis,diagonal,cross,1,5,4,Dominance,Gate,Atomic Flow,Maximal Fusion,False
the-arrow-seeks-the-tree,THE ARROW SEEKS THE TREE,semantic_motion_003,semantic_category,motion,EN,4,adjacent,R->R,R,R,ruis,ruis,cross,cross,5,5,0,Resonance,Crystalize,Maximal Fusion,Maximal Fusion,False
the-arrow-seeks-the-tree,THE ARROW SEEKS THE TREE,semantic_motion_003,semantic_category,motion,EN,5,adjacent,R->O,R,O,ruis,onn,cross,diagonal,5,2,3,Dominance,Gate,Maximal Fusion,Weak Current,False
the-arrow-seeks-the-tree,THE ARROW SEEKS THE TREE,semantic_motion_003,semantic_category,motion,EN,6,adjacent,O->W,O,W,onn,ceirt,diagonal,left,2,5,3,Dominance,Dampen,Weak Current,Maximal Opposition,False
the-arrow-seeks-the-tree,THE ARROW SEEKS THE TREE,semantic_motion_003,semantic_category,motion,EN,7,adjacent,W->S,W,S,ceirt,sail,left,right,5,4,1,Modulation,Opposition,Maximal Opposition,Strong Enforcement,False
the-arrow-seeks-the-tree,THE ARROW SEEKS THE TREE,semantic_motion_003,semantic_category,motion,EN,8,adjacent,S->E,S,E,sail,eadhadh,right,diagonal,4,4,0,Resonance,Propel,Strong Enforcement,Strong Torrent,False
the-arrow-seeks-the-tree,THE ARROW SEEKS THE TREE,semantic_motion_003,semantic_category,motion,EN,9,adjacent,E->E,E,E,eadhadh,eadhadh,diagonal,diagonal,4,4,0,Resonance,Stream,Strong Torrent,Strong Torrent,False
the-arrow-seeks-the-tree,THE ARROW SEEKS THE TREE,semantic_motion_003,semantic_category,motion,EN,10,adjacent,E->C,E,C,eadhadh,coll,diagonal,left,4,4,0,Resonance,Dampen,Strong Torrent,Strong Barrier,False
the-arrow-seeks-the-tree,THE ARROW SEEKS THE TREE,semantic_motion_003,semantic_category,motion,EN,11,adjacent,C->S,C,S,coll,sail,left,right,4,4,0,Resonance,Opposition,Strong Barrier,Strong Enforcement,False
the-arrow-seeks-the-tree,THE ARROW SEEKS THE TREE,semantic_motion_003,semantic_category,motion,EN,12,adjacent,S->T,S,T,sail,tinne,right,left,4,3,1,Modulation,Opposition,Strong Enforcement,Median Balance,False
the-arrow-seeks-the-tree,THE ARROW SEEKS THE TREE,semantic_motion_003,semantic_category,motion,EN,13,adjacent,T->H,T,H,tinne,huath,left,left,3,1,2,Dominance,Reinforce,Median Balance,Atomic Reaction,False
the-arrow-seeks-the-tree,THE ARROW SEEKS THE TREE,semantic_motion_003,semantic_category,motion,EN,14,adjacent,H->E,H,E,huath,eadhadh,left,diagonal,1,4,3,Dominance,Dampen,Atomic Reaction,Strong Torrent,False
the-arrow-seeks-the-tree,THE ARROW SEEKS THE TREE,semantic_motion_003,semantic_category,motion,EN,15,adjacent,E->T,E,T,eadhadh,tinne,diagonal,left,4,3,1,Modulation,Dampen,Strong Torrent,Median Balance,False
the-arrow-seeks-the-tree,THE ARROW SEEKS THE TREE,semantic_motion_003,semantic_category,motion,EN,16,adjacent,T->R,T,R,tinne,ruis,left,cross,3,5,2,Dominance,Anchor,Median Balance,Maximal Fusion,False
the-arrow-seeks-the-tree,THE ARROW SEEKS THE TREE,semantic_motion_003,semantic_category,motion,EN,17,adjacent,R->E,R,E,ruis,eadhadh,cross,diagonal,5,4,1,Modulation,Gate,Maximal Fusion,Strong Torrent,False
the-arrow-seeks-the-tree,THE ARROW SEEKS THE TREE,semantic_motion_003,semantic_category,motion,EN,18,adjacent,E->E,E,E,eadhadh,eadhadh,diagonal,diagonal,4,4,0,Resonance,Stream,Strong Torrent,Strong Torrent,False
the-wolf-chases-the-deer,THE WOLF CHASES THE DEER,semantic_motion_004,semantic_category,motion,EN,0,adjacent,T->H,T,H,tinne,huath,left,left,3,1,2,Dominance,Reinforce,Median Balance,Atomic Reaction,False
the-wolf-chases-the-deer,THE WOLF CHASES THE DEER,semantic_motion_004,semantic_category,motion,EN,1,adjacent,H->E,H,E,huath,eadhadh,left,diagonal,1,4,3,Dominance,Dampen,Atomic Reaction,Strong Torrent,False
the-wolf-chases-the-deer,THE WOLF CHASES THE DEER,semantic_motion_004,semantic_category,motion,EN,2,adjacent,E->W,E,W,eadhadh,ceirt,diagonal,left,4,5,1,Modulation,Dampen,Strong Torrent,Maximal Opposition,False
the-wolf-chases-the-deer,THE WOLF CHASES THE DEER,semantic_motion_004,semantic_category,motion,EN,3,adjacent,W->O,W,O,ceirt,onn,left,diagonal,5,2,3,Dominance,Dampen,Maximal Opposition,Weak Current,False
the-wolf-chases-the-deer,THE WOLF CHASES THE DEER,semantic_motion_004,semantic_category,motion,EN,4,adjacent,O->L,O,L,onn,luis,diagonal,right,2,2,0,Resonance,Propel,Weak Current,Weak Coupling,False
the-wolf-chases-the-deer,THE WOLF CHASES THE DEER,semantic_motion_004,semantic_category,motion,EN,5,adjacent,L->F,L,F,luis,fearn,right,right,2,3,1,Modulation,Reinforce,Weak Coupling,Median Assertion,False
the-wolf-chases-the-deer,THE WOLF CHASES THE DEER,semantic_motion_004,semantic_category,motion,EN,6,adjacent,F->C,F,C,fearn,coll,right,left,3,4,1,Modulation,Opposition,Median Assertion,Strong Barrier,False
the-wolf-chases-the-deer,THE WOLF CHASES THE DEER,semantic_motion_004,semantic_category,motion,EN,7,adjacent,C->H,C,H,coll,huath,left,left,4,1,3,Dominance,Reinforce,Strong Barrier,Atomic Reaction,False
the-wolf-chases-the-deer,THE WOLF CHASES THE DEER,semantic_motion_004,semantic_category,motion,EN,8,adjacent,H->A,H,A,huath,ailm,left,diagonal,1,1,0,Resonance,Dampen,Atomic Reaction,Atomic Flow,False
the-wolf-chases-the-deer,THE WOLF CHASES THE DEER,semantic_motion_004,semantic_category,motion,EN,9,adjacent,A->S,A,S,ailm,sail,diagonal,right,1,4,3,Dominance,Propel,Atomic Flow,Strong Enforcement,False
the-wolf-chases-the-deer,THE WOLF CHASES THE DEER,semantic_motion_004,semantic_category,motion,EN,10,adjacent,S->E,S,E,sail,eadhadh,right,diagonal,4,4,0,Resonance,Propel,Strong Enforcement,Strong Torrent,False
the-wolf-chases-the-deer,THE WOLF CHASES THE DEER,semantic_motion_004,semantic_category,motion,EN,11,adjacent,E->S,E,S,eadhadh,sail,diagonal,right,4,4,0,Resonance,Propel,Strong Torrent,Strong Enforcement,False
the-wolf-chases-the-deer,THE WOLF CHASES THE DEER,semantic_motion_004,semantic_category,motion,EN,12,adjacent,S->T,S,T,sail,tinne,right,left,4,3,1,Modulation,Opposition,Strong Enforcement,Median Balance,False
the-wolf-chases-the-deer,THE WOLF CHASES THE DEER,semantic_motion_004,semantic_category,motion,EN,13,adjacent,T->H,T,H,tinne,huath,left,left,3,1,2,Dominance,Reinforce,Median Balance,Atomic Reaction,False
the-wolf-chases-the-deer,THE WOLF CHASES THE DEER,semantic_motion_004,semantic_category,motion,EN,14,adjacent,H->E,H,E,huath,eadhadh,left,diagonal,1,4,3,Dominance,Dampen,Atomic Reaction,Strong Torrent,False
the-wolf-chases-the-deer,THE WOLF CHASES THE DEER,semantic_motion_004,semantic_category,motion,EN,15,adjacent,E->D,E,D,eadhadh,duir,diagonal,left,4,2,2,Dominance,Dampen,Strong Torrent,Weak Resistance,False
the-wolf-chases-the-deer,THE WOLF CHASES THE DEER,semantic_motion_004,semantic_category,motion,EN,16,adjacent,D->E,D,E,duir,eadhadh,left,diagonal,2,4,2,Dominance,Dampen,Weak Resistance,Strong Torrent,False
the-wolf-chases-the-deer,THE WOLF CHASES THE DEER,semantic_motion_004,semantic_category,motion,EN,17,adjacent,E->E,E,E,eadhadh,eadhadh,diagonal,diagonal,4,4,0,Resonance,Stream,Strong Torrent,Strong Torrent,False
the-wolf-chases-the-deer,THE WOLF CHASES THE DEER,semantic_motion_004,semantic_category,motion,EN,18,adjacent,E->R,E,R,eadhadh,ruis,diagonal,cross,4,5,1,Modulation,Gate,Strong Torrent,Maximal Fusion,False
the-wind-carries-the-seed,THE WIND CARRIES THE SEED,semantic_motion_005,semantic_category,motion,EN,0,adjacent,T->H,T,H,tinne,huath,left,left,3,1,2,Dominance,Reinforce,Median Balance,Atomic Reaction,False
the-wind-carries-the-seed,THE WIND CARRIES THE SEED,semantic_motion_005,semantic_category,motion,EN,1,adjacent,H->E,H,E,huath,eadhadh,left,diagonal,1,4,3,Dominance,Dampen,Atomic Reaction,Strong Torrent,False
the-wind-carries-the-seed,THE WIND CARRIES THE SEED,semantic_motion_005,semantic_category,motion,EN,2,adjacent,E->W,E,W,eadhadh,ceirt,diagonal,left,4,5,1,Modulation,Dampen,Strong Torrent,Maximal Opposition,False
the-wind-carries-the-seed,THE WIND CARRIES THE SEED,semantic_motion_005,semantic_category,motion,EN,3,adjacent,W->I,W,I,ceirt,idad,left,diagonal,5,5,0,Resonance,Dampen,Maximal Opposition,Maximal Jet,False
the-wind-carries-the-seed,THE WIND CARRIES THE SEED,semantic_motion_005,semantic_category,motion,EN,4,adjacent,I->N,I,N,idad,ngeadal,diagonal,cross,5,3,2,Dominance,Gate,Maximal Jet,Median Lock,False
the-wind-carries-the-seed,THE WIND CARRIES THE SEED,semantic_motion_005,semantic_category,motion,EN,5,adjacent,N->D,N,D,ngeadal,duir,cross,left,3,2,1,Modulation,Anchor,Median Lock,Weak Resistance,False
the-wind-carries-the-seed,THE WIND CARRIES THE SEED,semantic_motion_005,semantic_category,motion,EN,6,adjacent,D->C,D,C,duir,coll,left,left,2,4,2,Dominance,Reinforce,Weak Resistance,Strong Barrier,False
the-wind-carries-the-seed,THE WIND CARRIES THE SEED,semantic_motion_005,semantic_category,motion,EN,7,adjacent,C->A,C,A,coll,ailm,left,diagonal,4,1,3,Dominance,Dampen,Strong Barrier,Atomic Flow,False
the-wind-carries-the-seed,THE WIND CARRIES THE SEED,semantic_motion_005,semantic_category,motion,EN,8,adjacent,A->R,A,R,ailm,ruis,diagonal,cross,1,5,4,Dominance,Gate,Atomic Flow,Maximal Fusion,False
the-wind-carries-the-seed,THE WIND CARRIES THE SEED,semantic_motion_005,semantic_category,motion,EN,9,adjacent,R->R,R,R,ruis,ruis,cross,cross,5,5,0,Resonance,Crystalize,Maximal Fusion,Maximal Fusion,False
the-wind-carries-the-seed,THE WIND CARRIES THE SEED,semantic_motion_005,semantic_category,motion,EN,10,adjacent,R->I,R,I,ruis,idad,cross,diagonal,5,5,0,Resonance,Gate,Maximal Fusion,Maximal Jet,False
the-wind-carries-the-seed,THE WIND CARRIES THE SEED,semantic_motion_005,semantic_category,motion,EN,11,adjacent,I->E,I,E,idad,eadhadh,diagonal,diagonal,5,4,1,Modulation,Stream,Maximal Jet,Strong Torrent,False
the-wind-carries-the-seed,THE WIND CARRIES THE SEED,semantic_motion_005,semantic_category,motion,EN,12,adjacent,E->S,E,S,eadhadh,sail,diagonal,right,4,4,0,Resonance,Propel,Strong Torrent,Strong Enforcement,False
the-wind-carries-the-seed,THE WIND CARRIES THE SEED,semantic_motion_005,semantic_category,motion,EN,13,adjacent,S->T,S,T,sail,tinne,right,left,4,3,1,Modulation,Opposition,Strong Enforcement,Median Balance,False
the-wind-carries-the-seed,THE WIND CARRIES THE SEED,semantic_motion_005,semantic_category,motion,EN,14,adjacent,T->H,T,H,tinne,huath,left,left,3,1,2,Dominance,Reinforce,Median Balance,Atomic Reaction,False
the-wind-carries-the-seed,THE WIND CARRIES THE SEED,semantic_motion_005,semantic_category,motion,EN,15,adjacent,H->E,H,E,huath,eadhadh,left,diagonal,1,4,3,Dominance,Dampen,Atomic Reaction,Strong Torrent,False
the-wind-carries-the-seed,THE WIND CARRIES THE SEED,semantic_motion_005,semantic_category,motion,EN,16,adjacent,E->S,E,S,eadhadh,sail,diagonal,right,4,4,0,Resonance,Propel,Strong Torrent,Strong Enforcement,False
the-wind-carries-the-seed,THE WIND CARRIES THE SEED,semantic_motion_005,semantic_category,motion,EN,17,adjacent,S->E,S,E,sail,eadhadh,right,diagonal,4,4,0,Resonance,Propel,Strong Enforcement,Strong Torrent,False
the-wind-carries-the-seed,THE WIND CARRIES THE SEED,semantic_motion_005,semantic_category,motion,EN,18,adjacent,E->E,E,E,eadhadh,eadhadh,diagonal,diagonal,4,4,0,Resonance,Stream,Strong Torrent,Strong Torrent,False
the-wind-carries-the-seed,THE WIND CARRIES THE SEED,semantic_motion_005,semantic_category,motion,EN,19,adjacent,E->D,E,D,eadhadh,duir,diagonal,left,4,2,2,Dominance,Dampen,Strong Torrent,Weak Resistance,False
the-jar-holds-the-honey,THE JAR HOLDS THE HONEY,semantic_containment_001,semantic_category,containment,EN,0,adjacent,T->H,T,H,tinne,huath,left,left,3,1,2,Dominance,Reinforce,Median Balance,Atomic Reaction,False
the-jar-holds-the-honey,THE JAR HOLDS THE HONEY,semantic_containment_001,semantic_category,containment,EN,1,adjacent,H->E,H,E,huath,eadhadh,left,diagonal,1,4,3,Dominance,Dampen,Atomic Reaction,Strong Torrent,False
the-jar-holds-the-honey,THE JAR HOLDS THE HONEY,semantic_containment_001,semantic_category,containment,EN,2,adjacent,E->A,E,A,eadhadh,ailm,diagonal,diagonal,4,1,3,Dominance,Stream,Strong Torrent,Atomic Flow,False
the-jar-holds-the-honey,THE JAR HOLDS THE HONEY,semantic_containment_001,semantic_category,containment,EN,3,adjacent,A->R,A,R,ailm,ruis,diagonal,cross,1,5,4,Dominance,Gate,Atomic Flow,Maximal Fusion,False
the-jar-holds-the-honey,THE JAR HOLDS THE HONEY,semantic_containment_001,semantic_category,containment,EN,4,adjacent,R->H,R,H,ruis,huath,cross,left,5,1,4,Dominance,Anchor,Maximal Fusion,Atomic Reaction,False
the-jar-holds-the-honey,THE JAR HOLDS THE HONEY,semantic_containment_001,semantic_category,containment,EN,5,adjacent,H->O,H,O,huath,onn,left,diagonal,1,2,1,Modulation,Dampen,Atomic Reaction,Weak Current,False
the-jar-holds-the-honey,THE JAR HOLDS THE HONEY,semantic_containment_001,semantic_category,containment,EN,6,adjacent,O->L,O,L,onn,luis,diagonal,right,2,2,0,Resonance,Propel,Weak Current,Weak Coupling,False
the-jar-holds-the-honey,THE JAR HOLDS THE HONEY,semantic_containment_001,semantic_category,containment,EN,7,adjacent,L->D,L,D,luis,duir,right,left,2,2,0,Resonance,Opposition,Weak Coupling,Weak Resistance,False
the-jar-holds-the-honey,THE JAR HOLDS THE HONEY,semantic_containment_001,semantic_category,containment,EN,8,adjacent,D->S,D,S,duir,sail,left,right,2,4,2,Dominance,Opposition,Weak Resistance,Strong Enforcement,False
the-jar-holds-the-honey,THE JAR HOLDS THE HONEY,semantic_containment_001,semantic_category,containment,EN,9,adjacent,S->T,S,T,sail,tinne,right,left,4,3,1,Modulation,Opposition,Strong Enforcement,Median Balance,False
the-jar-holds-the-honey,THE JAR HOLDS THE HONEY,semantic_containment_001,semantic_category,containment,EN,10,adjacent,T->H,T,H,tinne,huath,left,left,3,1,2,Dominance,Reinforce,Median Balance,Atomic Reaction,False
the-jar-holds-the-honey,THE JAR HOLDS THE HONEY,semantic_containment_001,semantic_category,containment,EN,11,adjacent,H->E,H,E,huath,eadhadh,left,diagonal,1,4,3,Dominance,Dampen,Atomic Reaction,Strong Torrent,False
the-jar-holds-the-honey,THE JAR HOLDS THE HONEY,semantic_containment_001,semantic_category,containment,EN,12,adjacent,E->H,E,H,eadhadh,huath,diagonal,left,4,1,3,Dominance,Dampen,Strong Torrent,Atomic Reaction,False
the-jar-holds-the-honey,THE JAR HOLDS THE HONEY,semantic_containment_001,semantic_category,containment,EN,13,adjacent,H->O,H,O,huath,onn,left,diagonal,1,2,1,Modulation,Dampen,Atomic Reaction,Weak Current,False
the-jar-holds-the-honey,THE JAR HOLDS THE HONEY,semantic_containment_001,semantic_category,containment,EN,14,adjacent,O->N,O,N,onn,ngeadal,diagonal,cross,2,3,1,Modulation,Gate,Weak Current,Median Lock,False
the-jar-holds-the-honey,THE JAR HOLDS THE HONEY,semantic_containment_001,semantic_category,containment,EN,15,adjacent,N->E,N,E,ngeadal,eadhadh,cross,diagonal,3,4,1,Modulation,Gate,Median Lock,Strong Torrent,False
the-jar-holds-the-honey,THE JAR HOLDS THE HONEY,semantic_containment_001,semantic_category,containment,EN,16,adjacent,E->I,E,I,eadhadh,idad,diagonal,diagonal,4,5,1,Modulation,Stream,Strong Torrent,Maximal Jet,False
the-nest-cradles-the-egg,THE NEST CRADLES THE EGG,semantic_containment_002,semantic_category,containment,EN,0,adjacent,T->H,T,H,tinne,huath,left,left,3,1,2,Dominance,Reinforce,Median Balance,Atomic Reaction,False
the-nest-cradles-the-egg,THE NEST CRADLES THE EGG,semantic_containment_002,semantic_category,containment,EN,1,adjacent,H->E,H,E,huath,eadhadh,left,diagonal,1,4,3,Dominance,Dampen,Atomic Reaction,Strong Torrent,False
the-nest-cradles-the-egg,THE NEST CRADLES THE EGG,semantic_containment_002,semantic_category,containment,EN,2,adjacent,E->N,E,N,eadhadh,ngeadal,diagonal,cross,4,3,1,Modulation,Gate,Strong Torrent,Median Lock,False
the-nest-cradles-the-egg,THE NEST CRADLES THE EGG,semantic_containment_002,semantic_category,containment,EN,3,adjacent,N->E,N,E,ngeadal,eadhadh,cross,diagonal,3,4,1,Modulation,Gate,Median Lock,Strong Torrent,False
the-nest-cradles-the-egg,THE NEST CRADLES THE EGG,semantic_containment_002,semantic_category,containment,EN,4,adjacent,E->S,E,S,eadhadh,sail,diagonal,right,4,4,0,Resonance,Propel,Strong Torrent,Strong Enforcement,False
the-nest-cradles-the-egg,THE NEST CRADLES THE EGG,semantic_containment_002,semantic_category,containment,EN,5,adjacent,S->T,S,T,sail,tinne,right,left,4,3,1,Modulation,Opposition,Strong Enforcement,Median Balance,False
the-nest-cradles-the-egg,THE NEST CRADLES THE EGG,semantic_containment_002,semantic_category,containment,EN,6,adjacent,T->C,T,C,tinne,coll,left,left,3,4,1,Modulation,Reinforce,Median Balance,Strong Barrier,False
the-nest-cradles-the-egg,THE NEST CRADLES THE EGG,semantic_containment_002,semantic_category,containment,EN,7,adjacent,C->R,C,R,coll,ruis,left,cross,4,5,1,Modulation,Anchor,Strong Barrier,Maximal Fusion,False
the-nest-cradles-the-egg,THE NEST CRADLES THE EGG,semantic_containment_002,semantic_category,containment,EN,8,adjacent,R->A,R,A,ruis,ailm,cross,diagonal,5,1,4,Dominance,Gate,Maximal Fusion,Atomic Flow,False
the-nest-cradles-the-egg,THE NEST CRADLES THE EGG,semantic_containment_002,semantic_category,containment,EN,9,adjacent,A->D,A,D,ailm,duir,diagonal,left,1,2,1,Modulation,Dampen,Atomic Flow,Weak Resistance,False
the-nest-cradles-the-egg,THE NEST CRADLES THE EGG,semantic_containment_002,semantic_category,containment,EN,10,adjacent,D->L,D,L,duir,luis,left,right,2,2,0,Resonance,Opposition,Weak Resistance,Weak Coupling,False
the-nest-cradles-the-egg,THE NEST CRADLES THE EGG,semantic_containment_002,semantic_category,containment,EN,11,adjacent,L->E,L,E,luis,eadhadh,right,diagonal,2,4,2,Dominance,Propel,Weak Coupling,Strong Torrent,False
the-nest-cradles-the-egg,THE NEST CRADLES THE EGG,semantic_containment_002,semantic_category,containment,EN,12,adjacent,E->S,E,S,eadhadh,sail,diagonal,right,4,4,0,Resonance,Propel,Strong Torrent,Strong Enforcement,False
the-nest-cradles-the-egg,THE NEST CRADLES THE EGG,semantic_containment_002,semantic_category,containment,EN,13,adjacent,S->T,S,T,sail,tinne,right,left,4,3,1,Modulation,Opposition,Strong Enforcement,Median Balance,False
the-nest-cradles-the-egg,THE NEST CRADLES THE EGG,semantic_containment_002,semantic_category,containment,EN,14,adjacent,T->H,T,H,tinne,huath,left,left,3,1,2,Dominance,Reinforce,Median Balance,Atomic Reaction,False
the-nest-cradles-the-egg,THE NEST CRADLES THE EGG,semantic_containment_002,semantic_category,containment,EN,15,adjacent,H->E,H,E,huath,eadhadh,left,diagonal,1,4,3,Dominance,Dampen,Atomic Reaction,Strong Torrent,False
the-nest-cradles-the-egg,THE NEST CRADLES THE EGG,semantic_containment_002,semantic_category,containment,EN,16,adjacent,E->E,E,E,eadhadh,eadhadh,diagonal,diagonal,4,4,0,Resonance,Stream,Strong Torrent,Strong Torrent,False
the-nest-cradles-the-egg,THE NEST CRADLES THE EGG,semantic_containment_002,semantic_category,containment,EN,17,adjacent,E->G,E,G,eadhadh,gort,diagonal,cross,4,2,2,Dominance,Gate,Strong Torrent,Loose Knot,False
the-nest-cradles-the-egg,THE NEST CRADLES THE EGG,semantic_containment_002,semantic_category,containment,EN,18,adjacent,G->G,G,G,gort,gort,cross,cross,2,2,0,Resonance,Crystalize,Loose Knot,Loose Knot,False
the-wall-keeps-the-garden,THE WALL KEEPS THE GARDEN,semantic_containment_003,semantic_category,containment,EN,0,adjacent,T->H,T,H,tinne,huath,left,left,3,1,2,Dominance,Reinforce,Median Balance,Atomic Reaction,False
the-wall-keeps-the-garden,THE WALL KEEPS THE GARDEN,semantic_containment_003,semantic_category,containment,EN,1,adjacent,H->E,H,E,huath,eadhadh,left,diagonal,1,4,3,Dominance,Dampen,Atomic Reaction,Strong Torrent,False
the-wall-keeps-the-garden,THE WALL KEEPS THE GARDEN,semantic_containment_003,semantic_category,containment,EN,2,adjacent,E->W,E,W,eadhadh,ceirt,diagonal,left,4,5,1,Modulation,Dampen,Strong Torrent,Maximal Opposition,False
the-wall-keeps-the-garden,THE WALL KEEPS THE GARDEN,semantic_containment_003,semantic_category,containment,EN,3,adjacent,W->A,W,A,ceirt,ailm,left,diagonal,5,1,4,Dominance,Dampen,Maximal Opposition,Atomic Flow,False
the-wall-keeps-the-garden,THE WALL KEEPS THE GARDEN,semantic_containment_003,semantic_category,containment,EN,4,adjacent,A->L,A,L,ailm,luis,diagonal,right,1,2,1,Modulation,Propel,Atomic Flow,Weak Coupling,False
the-wall-keeps-the-garden,THE WALL KEEPS THE GARDEN,semantic_containment_003,semantic_category,containment,EN,5,adjacent,L->L,L,L,luis,luis,right,right,2,2,0,Resonance,Reinforce,Weak Coupling,Weak Coupling,False
the-wall-keeps-the-garden,THE WALL KEEPS THE GARDEN,semantic_containment_003,semantic_category,containment,EN,6,adjacent,L->C,L,C,luis,coll,right,left,2,4,2,Dominance,Opposition,Weak Coupling,Strong Barrier,False
the-wall-keeps-the-garden,THE WALL KEEPS THE GARDEN,semantic_containment_003,semantic_category,containment,EN,7,adjacent,C->E,C,E,coll,eadhadh,left,diagonal,4,4,0,Resonance,Dampen,Strong Barrier,Strong Torrent,False
the-wall-keeps-the-garden,THE WALL KEEPS THE GARDEN,semantic_containment_003,semantic_category,containment,EN,8,adjacent,E->E,E,E,eadhadh,eadhadh,diagonal,diagonal,4,4,0,Resonance,Stream,Strong Torrent,Strong Torrent,False
the-wall-keeps-the-garden,THE WALL KEEPS THE GARDEN,semantic_containment_003,semantic_category,containment,EN,9,adjacent,E->P,E,P,eadhadh,peith,diagonal,right,4,5,1,Modulation,Propel,Strong Torrent,Maximal Drive,False
the-wall-keeps-the-garden,THE WALL KEEPS THE GARDEN,semantic_containment_003,semantic_category,containment,EN,10,adjacent,P->S,P,S,peith,sail,right,right,5,4,1,Modulation,Reinforce,Maximal Drive,Strong Enforcement,False
the-wall-keeps-the-garden,THE WALL KEEPS THE GARDEN,semantic_containment_003,semantic_category,containment,EN,11,adjacent,S->T,S,T,sail,tinne,right,left,4,3,1,Modulation,Opposition,Strong Enforcement,Median Balance,False
the-wall-keeps-the-garden,THE WALL KEEPS THE GARDEN,semantic_containment_003,semantic_category,containment,EN,12,adjacent,T->H,T,H,tinne,huath,left,left,3,1,2,Dominance,Reinforce,Median Balance,Atomic Reaction,False
the-wall-keeps-the-garden,THE WALL KEEPS THE GARDEN,semantic_containment_003,semantic_category,containment,EN,13,adjacent,H->E,H,E,huath,eadhadh,left,diagonal,1,4,3,Dominance,Dampen,Atomic Reaction,Strong Torrent,False
the-wall-keeps-the-garden,THE WALL KEEPS THE GARDEN,semantic_containment_003,semantic_category,containment,EN,14,adjacent,E->G,E,G,eadhadh,gort,diagonal,cross,4,2,2,Dominance,Gate,Strong Torrent,Loose Knot,False
the-wall-keeps-the-garden,THE WALL KEEPS THE GARDEN,semantic_containment_003,semantic_category,containment,EN,15,adjacent,G->A,G,A,gort,ailm,cross,diagonal,2,1,1,Modulation,Gate,Loose Knot,Atomic Flow,False
the-wall-keeps-the-garden,THE WALL KEEPS THE GARDEN,semantic_containment_003,semantic_category,containment,EN,16,adjacent,A->R,A,R,ailm,ruis,diagonal,cross,1,5,4,Dominance,Gate,Atomic Flow,Maximal Fusion,False
the-wall-keeps-the-garden,THE WALL KEEPS THE GARDEN,semantic_containment_003,semantic_category,containment,EN,17,adjacent,R->D,R,D,ruis,duir,cross,left,5,2,3,Dominance,Anchor,Maximal Fusion,Weak Resistance,False
the-wall-keeps-the-garden,THE WALL KEEPS THE GARDEN,semantic_containment_003,semantic_category,containment,EN,18,adjacent,D->E,D,E,duir,eadhadh,left,diagonal,2,4,2,Dominance,Dampen,Weak Resistance,Strong Torrent,False
the-wall-keeps-the-garden,THE WALL KEEPS THE GARDEN,semantic_containment_003,semantic_category,containment,EN,19,adjacent,E->N,E,N,eadhadh,ngeadal,diagonal,cross,4,3,1,Modulation,Gate,Strong Torrent,Median Lock,False
the-cup-receives-the-wine,THE CUP RECEIVES THE WINE,semantic_containment_004,semantic_category,containment,EN,0,adjacent,T->H,T,H,tinne,huath,left,left,3,1,2,Dominance,Reinforce,Median Balance,Atomic Reaction,False
the-cup-receives-the-wine,THE CUP RECEIVES THE WINE,semantic_containment_004,semantic_category,containment,EN,1,adjacent,H->E,H,E,huath,eadhadh,left,diagonal,1,4,3,Dominance,Dampen,Atomic Reaction,Strong Torrent,False
the-cup-receives-the-wine,THE CUP RECEIVES THE WINE,semantic_containment_004,semantic_category,containment,EN,2,adjacent,E->C,E,C,eadhadh,coll,diagonal,left,4,4,0,Resonance,Dampen,Strong Torrent,Strong Barrier,False
the-cup-receives-the-wine,THE CUP RECEIVES THE WINE,semantic_containment_004,semantic_category,containment,EN,3,adjacent,C->U,C,U,coll,ur,left,diagonal,4,3,1,Modulation,Dampen,Strong Barrier,Median Stream,False
the-cup-receives-the-wine,THE CUP RECEIVES THE WINE,semantic_containment_004,semantic_category,containment,EN,4,adjacent,U->P,U,P,ur,peith,diagonal,right,3,5,2,Dominance,Propel,Median Stream,Maximal Drive,False
the-cup-receives-the-wine,THE CUP RECEIVES THE WINE,semantic_containment_004,semantic_category,containment,EN,5,adjacent,P->R,P,R,peith,ruis,right,cross,5,5,0,Resonance,Anchor,Maximal Drive,Maximal Fusion,False
the-cup-receives-the-wine,THE CUP RECEIVES THE WINE,semantic_containment_004,semantic_category,containment,EN,6,adjacent,R->E,R,E,ruis,eadhadh,cross,diagonal,5,4,1,Modulation,Gate,Maximal Fusion,Strong Torrent,False
the-cup-receives-the-wine,THE CUP RECEIVES THE WINE,semantic_containment_004,semantic_category,containment,EN,7,adjacent,E->C,E,C,eadhadh,coll,diagonal,left,4,4,0,Resonance,Dampen,Strong Torrent,Strong Barrier,False
the-cup-receives-the-wine,THE CUP RECEIVES THE WINE,semantic_containment_004,semantic_category,containment,EN,8,adjacent,C->E,C,E,coll,eadhadh,left,diagonal,4,4,0,Resonance,Dampen,Strong Barrier,Strong Torrent,False
the-cup-receives-the-wine,THE CUP RECEIVES THE WINE,semantic_containment_004,semantic_category,containment,EN,9,adjacent,E->I,E,I,eadhadh,idad,diagonal,diagonal,4,5,1,Modulation,Stream,Strong Torrent,Maximal Jet,False
the-cup-receives-the-wine,THE CUP RECEIVES THE WINE,semantic_containment_004,semantic_category,containment,EN,10,adjacent,I->F,I,F,idad,fearn,diagonal,right,5,3,2,Dominance,Propel,Maximal Jet,Median Assertion,False
the-cup-receives-the-wine,THE CUP RECEIVES THE WINE,semantic_containment_004,semantic_category,containment,EN,11,adjacent,F->E,F,E,fearn,eadhadh,right,diagonal,3,4,1,Modulation,Propel,Median Assertion,Strong Torrent,False
the-cup-receives-the-wine,THE CUP RECEIVES THE WINE,semantic_containment_004,semantic_category,containment,EN,12,adjacent,E->S,E,S,eadhadh,sail,diagonal,right,4,4,0,Resonance,Propel,Strong Torrent,Strong Enforcement,False
the-cup-receives-the-wine,THE CUP RECEIVES THE WINE,semantic_containment_004,semantic_category,containment,EN,13,adjacent,S->T,S,T,sail,tinne,right,left,4,3,1,Modulation,Opposition,Strong Enforcement,Median Balance,False
the-cup-receives-the-wine,THE CUP RECEIVES THE WINE,semantic_containment_004,semantic_category,containment,EN,14,adjacent,T->H,T,H,tinne,huath,left,left,3,1,2,Dominance,Reinforce,Median Balance,Atomic Reaction,False
the-cup-receives-the-wine,THE CUP RECEIVES THE WINE,semantic_containment_004,semantic_category,containment,EN,15,adjacent,H->E,H,E,huath,eadhadh,left,diagonal,1,4,3,Dominance,Dampen,Atomic Reaction,Strong Torrent,False
the-cup-receives-the-wine,THE CUP RECEIVES THE WINE,semantic_containment_004,semantic_category,containment,EN,16,adjacent,E->W,E,W,eadhadh,ceirt,diagonal,left,4,5,1,Modulation,Dampen,Strong Torrent,Maximal Opposition,False
the-cup-receives-the-wine,THE CUP RECEIVES THE WINE,semantic_containment_004,semantic_category,containment,EN,17,adjacent,W->I,W,I,ceirt,idad,left,diagonal,5,5,0,Resonance,Dampen,Maximal Opposition,Maximal Jet,False
the-cup-receives-the-wine,THE CUP RECEIVES THE WINE,semantic_containment_004,semantic_category,containment,EN,18,adjacent,I->N,I,N,idad,ngeadal,diagonal,cross,5,3,2,Dominance,Gate,Maximal Jet,Median Lock,False
the-cup-receives-the-wine,THE CUP RECEIVES THE WINE,semantic_containment_004,semantic_category,containment,EN,19,adjacent,N->E,N,E,ngeadal,eadhadh,cross,diagonal,3,4,1,Modulation,Gate,Median Lock,Strong Torrent,False
the-cave-hides-the-bear,THE CAVE HIDES THE BEAR,semantic_containment_005,semantic_category,containment,EN,0,adjacent,T->H,T,H,tinne,huath,left,left,3,1,2,Dominance,Reinforce,Median Balance,Atomic Reaction,False
the-cave-hides-the-bear,THE CAVE HIDES THE BEAR,semantic_containment_005,semantic_category,containment,EN,1,adjacent,H->E,H,E,huath,eadhadh,left,diagonal,1,4,3,Dominance,Dampen,Atomic Reaction,Strong Torrent,False
the-cave-hides-the-bear,THE CAVE HIDES THE BEAR,semantic_containment_005,semantic_category,containment,EN,2,adjacent,E->C,E,C,eadhadh,coll,diagonal,left,4,4,0,Resonance,Dampen,Strong Torrent,Strong Barrier,False
the-cave-hides-the-bear,THE CAVE HIDES THE BEAR,semantic_containment_005,semantic_category,containment,EN,3,adjacent,C->A,C,A,coll,ailm,left,diagonal,4,1,3,Dominance,Dampen,Strong Barrier,Atomic Flow,False
the-cave-hides-the-bear,THE CAVE HIDES THE BEAR,semantic_containment_005,semantic_category,containment,EN,4,adjacent,A->F,A,F,ailm,fearn,diagonal,right,1,3,2,Dominance,Propel,Atomic Flow,Median Assertion,False
the-cave-hides-the-bear,THE CAVE HIDES THE BEAR,semantic_containment_005,semantic_category,containment,EN,5,adjacent,F->E,F,E,fearn,eadhadh,right,diagonal,3,4,1,Modulation,Propel,Median Assertion,Strong Torrent,False
the-cave-hides-the-bear,THE CAVE HIDES THE BEAR,semantic_containment_005,semantic_category,containment,EN,6,adjacent,E->H,E,H,eadhadh,huath,diagonal,left,4,1,3,Dominance,Dampen,Strong Torrent,Atomic Reaction,False
the-cave-hides-the-bear,THE CAVE HIDES THE BEAR,semantic_containment_005,semantic_category,containment,EN,7,adjacent,H->I,H,I,huath,idad,left,diagonal,1,5,4,Dominance,Dampen,Atomic Reaction,Maximal Jet,False
the-cave-hides-the-bear,THE CAVE HIDES THE BEAR,semantic_containment_005,semantic_category,containment,EN,8,adjacent,I->D,I,D,idad,duir,diagonal,left,5,2,3,Dominance,Dampen,Maximal Jet,Weak Resistance,False
the-cave-hides-the-bear,THE CAVE HIDES THE BEAR,semantic_containment_005,semantic_category,containment,EN,9,adjacent,D->E,D,E,duir,eadhadh,left,diagonal,2,4,2,Dominance,Dampen,Weak Resistance,Strong Torrent,False
the-cave-hides-the-bear,THE CAVE HIDES THE BEAR,semantic_containment_005,semantic_category,containment,EN,10,adjacent,E->S,E,S,eadhadh,sail,diagonal,right,4,4,0,Resonance,Propel,Strong Torrent,Strong Enforcement,False
the-cave-hides-the-bear,THE CAVE HIDES THE BEAR,semantic_containment_005,semantic_category,containment,EN,11,adjacent,S->T,S,T,sail,tinne,right,left,4,3,1,Modulation,Opposition,Strong Enforcement,Median Balance,False
the-cave-hides-the-bear,THE CAVE HIDES THE BEAR,semantic_containment_005,semantic_category,containment,EN,12,adjacent,T->H,T,H,tinne,huath,left,left,3,1,2,Dominance,Reinforce,Median Balance,Atomic Reaction,False
the-cave-hides-the-bear,THE CAVE HIDES THE BEAR,semantic_containment_005,semantic_category,containment,EN,13,adjacent,H->E,H,E,huath,eadhadh,left,diagonal,1,4,3,Dominance,Dampen,Atomic Reaction,Strong Torrent,False
the-cave-hides-the-bear,THE CAVE HIDES THE BEAR,semantic_containment_005,semantic_category,containment,EN,14,adjacent,E->B,E,B,eadhadh,beith,diagonal,right,4,1,3,Dominance,Propel,Strong Torrent,Atomic Initiation,False
the-cave-hides-the-bear,THE CAVE HIDES THE BEAR,semantic_containment_005,semantic_category,containment,EN,15,adjacent,B->EA,B,EA,beith,ea,right,backslash,1,4,3,Dominance,Distort,Atomic Initiation,Strong Warp,True
the-cave-hides-the-bear,THE CAVE HIDES THE BEAR,semantic_containment_005,semantic_category,containment,EN,16,adjacent,EA->R,EA,R,ea,ruis,backslash,cross,4,5,1,Modulation,Fracture,Strong Warp,Maximal Fusion,True
the-glass-shatters-on-the-floor,THE GLASS SHATTERS ON THE FLOOR,semantic_breakage_001,semantic_category,breakage,EN,0,adjacent,T->H,T,H,tinne,huath,left,left,3,1,2,Dominance,Reinforce,Median Balance,Atomic Reaction,False
the-glass-shatters-on-the-floor,THE GLASS SHATTERS ON THE FLOOR,semantic_breakage_001,semantic_category,breakage,EN,1,adjacent,H->E,H,E,huath,eadhadh,left,diagonal,1,4,3,Dominance,Dampen,Atomic Reaction,Strong Torrent,False
the-glass-shatters-on-the-floor,THE GLASS SHATTERS ON THE FLOOR,semantic_breakage_001,semantic_category,breakage,EN,2,adjacent,E->G,E,G,eadhadh,gort,diagonal,cross,4,2,2,Dominance,Gate,Strong Torrent,Loose Knot,False
the-glass-shatters-on-the-floor,THE GLASS SHATTERS ON THE FLOOR,semantic_breakage_001,semantic_category,breakage,EN,3,adjacent,G->L,G,L,gort,luis,cross,right,2,2,0,Resonance,Anchor,Loose Knot,Weak Coupling,False
the-glass-shatters-on-the-floor,THE GLASS SHATTERS ON THE FLOOR,semantic_breakage_001,semantic_category,breakage,EN,4,adjacent,L->A,L,A,luis,ailm,right,diagonal,2,1,1,Modulation,Propel,Weak Coupling,Atomic Flow,False
the-glass-shatters-on-the-floor,THE GLASS SHATTERS ON THE FLOOR,semantic_breakage_001,semantic_category,breakage,EN,5,adjacent,A->S,A,S,ailm,sail,diagonal,right,1,4,3,Dominance,Propel,Atomic Flow,Strong Enforcement,False
the-glass-shatters-on-the-floor,THE GLASS SHATTERS ON THE FLOOR,semantic_breakage_001,semantic_category,breakage,EN,6,adjacent,S->S,S,S,sail,sail,right,right,4,4,0,Resonance,Reinforce,Strong Enforcement,Strong Enforcement,False
the-glass-shatters-on-the-floor,THE GLASS SHATTERS ON THE FLOOR,semantic_breakage_001,semantic_category,breakage,EN,7,adjacent,S->S,S,S,sail,sail,right,right,4,4,0,Resonance,Reinforce,Strong Enforcement,Strong Enforcement,False
the-glass-shatters-on-the-floor,THE GLASS SHATTERS ON THE FLOOR,semantic_breakage_001,semantic_category,breakage,EN,8,adjacent,S->H,S,H,sail,huath,right,left,4,1,3,Dominance,Opposition,Strong Enforcement,Atomic Reaction,False
the-glass-shatters-on-the-floor,THE GLASS SHATTERS ON THE FLOOR,semantic_breakage_001,semantic_category,breakage,EN,9,adjacent,H->A,H,A,huath,ailm,left,diagonal,1,1,0,Resonance,Dampen,Atomic Reaction,Atomic Flow,False
the-glass-shatters-on-the-floor,THE GLASS SHATTERS ON THE FLOOR,semantic_breakage_001,semantic_category,breakage,EN,10,adjacent,A->T,A,T,ailm,tinne,diagonal,left,1,3,2,Dominance,Dampen,Atomic Flow,Median Balance,False
the-glass-shatters-on-the-floor,THE GLASS SHATTERS ON THE FLOOR,semantic_breakage_001,semantic_category,breakage,EN,11,adjacent,T->T,T,T,tinne,tinne,left,left,3,3,0,Resonance,Reinforce,Median Balance,Median Balance,False
the-glass-shatters-on-the-floor,THE GLASS SHATTERS ON THE FLOOR,semantic_breakage_001,semantic_category,breakage,EN,12,adjacent,T->E,T,E,tinne,eadhadh,left,diagonal,3,4,1,Modulation,Dampen,Median Balance,Strong Torrent,False
the-glass-shatters-on-the-floor,THE GLASS SHATTERS ON THE FLOOR,semantic_breakage_001,semantic_category,breakage,EN,13,adjacent,E->R,E,R,eadhadh,ruis,diagonal,cross,4,5,1,Modulation,Gate,Strong Torrent,Maximal Fusion,False
the-glass-shatters-on-the-floor,THE GLASS SHATTERS ON THE FLOOR,semantic_breakage_001,semantic_category,breakage,EN,14,adjacent,R->S,R,S,ruis,sail,cross,right,5,4,1,Modulation,Anchor,Maximal Fusion,Strong Enforcement,False
the-glass-shatters-on-the-floor,THE GLASS SHATTERS ON THE FLOOR,semantic_breakage_001,semantic_category,breakage,EN,15,adjacent,S->O,S,O,sail,onn,right,diagonal,4,2,2,Dominance,Propel,Strong Enforcement,Weak Current,False
the-glass-shatters-on-the-floor,THE GLASS SHATTERS ON THE FLOOR,semantic_breakage_001,semantic_category,breakage,EN,16,adjacent,O->N,O,N,onn,ngeadal,diagonal,cross,2,3,1,Modulation,Gate,Weak Current,Median Lock,False
the-glass-shatters-on-the-floor,THE GLASS SHATTERS ON THE FLOOR,semantic_breakage_001,semantic_category,breakage,EN,17,adjacent,N->T,N,T,ngeadal,tinne,cross,left,3,3,0,Resonance,Anchor,Median Lock,Median Balance,False
the-glass-shatters-on-the-floor,THE GLASS SHATTERS ON THE FLOOR,semantic_breakage_001,semantic_category,breakage,EN,18,adjacent,T->H,T,H,tinne,huath,left,left,3,1,2,Dominance,Reinforce,Median Balance,Atomic Reaction,False
the-glass-shatters-on-the-floor,THE GLASS SHATTERS ON THE FLOOR,semantic_breakage_001,semantic_category,breakage,EN,19,adjacent,H->E,H,E,huath,eadhadh,left,diagonal,1,4,3,Dominance,Dampen,Atomic Reaction,Strong Torrent,False
the-glass-shatters-on-the-floor,THE GLASS SHATTERS ON THE FLOOR,semantic_breakage_001,semantic_category,breakage,EN,20,adjacent,E->F,E,F,eadhadh,fearn,diagonal,right,4,3,1,Modulation,Propel,Strong Torrent,Median Assertion,False
the-glass-shatters-on-the-floor,THE GLASS SHATTERS ON THE FLOOR,semantic_breakage_001,semantic_category,breakage,EN,21,adjacent,F->L,F,L,fearn,luis,right,right,3,2,1,Modulation,Reinforce,Median Assertion,Weak Coupling,False
the-glass-shatters-on-the-floor,THE GLASS SHATTERS ON THE FLOOR,semantic_breakage_001,semantic_category,breakage,EN,22,adjacent,L->O,L,O,luis,onn,right,diagonal,2,2,0,Resonance,Propel,Weak Coupling,Weak Current,False
the-glass-shatters-on-the-floor,THE GLASS SHATTERS ON THE FLOOR,semantic_breakage_001,semantic_category,breakage,EN,23,adjacent,O->O,O,O,onn,onn,diagonal,diagonal,2,2,0,Resonance,Stream,Weak Current,Weak Current,False
the-glass-shatters-on-the-floor,THE GLASS SHATTERS ON THE FLOOR,semantic_breakage_001,semantic_category,breakage,EN,24,adjacent,O->R,O,R,onn,ruis,diagonal,cross,2,5,3,Dominance,Gate,Weak Current,Maximal Fusion,False
the-bone-snaps-under-weight,THE BONE SNAPS UNDER WEIGHT,semantic_breakage_002,semantic_category,breakage,EN,0,adjacent,T->H,T,H,tinne,huath,left,left,3,1,2,Dominance,Reinforce,Median Balance,Atomic Reaction,False
the-bone-snaps-under-weight,THE BONE SNAPS UNDER WEIGHT,semantic_breakage_002,semantic_category,breakage,EN,1,adjacent,H->E,H,E,huath,eadhadh,left,diagonal,1,4,3,Dominance,Dampen,Atomic Reaction,Strong Torrent,False
the-bone-snaps-under-weight,THE BONE SNAPS UNDER WEIGHT,semantic_breakage_002,semantic_category,breakage,EN,2,adjacent,E->B,E,B,eadhadh,beith,diagonal,right,4,1,3,Dominance,Propel,Strong Torrent,Atomic Initiation,False
the-bone-snaps-under-weight,THE BONE SNAPS UNDER WEIGHT,semantic_breakage_002,semantic_category,breakage,EN,3,adjacent,B->O,B,O,beith,onn,right,diagonal,1,2,1,Modulation,Propel,Atomic Initiation,Weak Current,False
the-bone-snaps-under-weight,THE BONE SNAPS UNDER WEIGHT,semantic_breakage_002,semantic_category,breakage,EN,4,adjacent,O->N,O,N,onn,ngeadal,diagonal,cross,2,3,1,Modulation,Gate,Weak Current,Median Lock,False
the-bone-snaps-under-weight,THE BONE SNAPS UNDER WEIGHT,semantic_breakage_002,semantic_category,breakage,EN,5,adjacent,N->E,N,E,ngeadal,eadhadh,cross,diagonal,3,4,1,Modulation,Gate,Median Lock,Strong Torrent,False
the-bone-snaps-under-weight,THE BONE SNAPS UNDER WEIGHT,semantic_breakage_002,semantic_category,breakage,EN,6,adjacent,E->S,E,S,eadhadh,sail,diagonal,right,4,4,0,Resonance,Propel,Strong Torrent,Strong Enforcement,False
the-bone-snaps-under-weight,THE BONE SNAPS UNDER WEIGHT,semantic_breakage_002,semantic_category,breakage,EN,7,adjacent,S->N,S,N,sail,ngeadal,right,cross,4,3,1,Modulation,Anchor,Strong Enforcement,Median Lock,False
the-bone-snaps-under-weight,THE BONE SNAPS UNDER WEIGHT,semantic_breakage_002,semantic_category,breakage,EN,8,adjacent,N->A,N,A,ngeadal,ailm,cross,diagonal,3,1,2,Dominance,Gate,Median Lock,Atomic Flow,False
the-bone-snaps-under-weight,THE BONE SNAPS UNDER WEIGHT,semantic_breakage_002,semantic_category,breakage,EN,9,adjacent,A->P,A,P,ailm,peith,diagonal,right,1,5,4,Dominance,Propel,Atomic Flow,Maximal Drive,False
the-bone-snaps-under-weight,THE BONE SNAPS UNDER WEIGHT,semantic_breakage_002,semantic_category,breakage,EN,10,adjacent,P->S,P,S,peith,sail,right,right,5,4,1,Modulation,Reinforce,Maximal Drive,Strong Enforcement,False
the-bone-snaps-under-weight,THE BONE SNAPS UNDER WEIGHT,semantic_breakage_002,semantic_category,breakage,EN,11,adjacent,S->U,S,U,sail,ur,right,diagonal,4,3,1,Modulation,Propel,Strong Enforcement,Median Stream,False
the-bone-snaps-under-weight,THE BONE SNAPS UNDER WEIGHT,semantic_breakage_002,semantic_category,breakage,EN,12,adjacent,U->N,U,N,ur,ngeadal,diagonal,cross,3,3,0,Resonance,Gate,Median Stream,Median Lock,False
the-bone-snaps-under-weight,THE BONE SNAPS UNDER WEIGHT,semantic_breakage_002,semantic_category,breakage,EN,13,adjacent,N->D,N,D,ngeadal,duir,cross,left,3,2,1,Modulation,Anchor,Median Lock,Weak Resistance,False
the-bone-snaps-under-weight,THE BONE SNAPS UNDER WEIGHT,semantic_breakage_002,semantic_category,breakage,EN,14,adjacent,D->E,D,E,duir,eadhadh,left,diagonal,2,4,2,Dominance,Dampen,Weak Resistance,Strong Torrent,False
the-bone-snaps-under-weight,THE BONE SNAPS UNDER WEIGHT,semantic_breakage_002,semantic_category,breakage,EN,15,adjacent,E->R,E,R,eadhadh,ruis,diagonal,cross,4,5,1,Modulation,Gate,Strong Torrent,Maximal Fusion,False
the-bone-snaps-under-weight,THE BONE SNAPS UNDER WEIGHT,semantic_breakage_002,semantic_category,breakage,EN,16,adjacent,R->W,R,W,ruis,ceirt,cross,left,5,5,0,Resonance,Anchor,Maximal Fusion,Maximal Opposition,False
the-bone-snaps-under-weight,THE BONE SNAPS UNDER WEIGHT,semantic_breakage_002,semantic_category,breakage,EN,17,adjacent,W->E,W,E,ceirt,eadhadh,left,diagonal,5,4,1,Modulation,Dampen,Maximal Opposition,Strong Torrent,False
the-bone-snaps-under-weight,THE BONE SNAPS UNDER WEIGHT,semantic_breakage_002,semantic_category,breakage,EN,18,adjacent,E->I,E,I,eadhadh,idad,diagonal,diagonal,4,5,1,Modulation,Stream,Strong Torrent,Maximal Jet,False
the-bone-snaps-under-weight,THE BONE SNAPS UNDER WEIGHT,semantic_breakage_002,semantic_category,breakage,EN,19,adjacent,I->G,I,G,idad,gort,diagonal,cross,5,2,3,Dominance,Gate,Maximal Jet,Loose Knot,False
the-bone-snaps-under-weight,THE BONE SNAPS UNDER WEIGHT,semantic_breakage_002,semantic_category,breakage,EN,20,adjacent,G->H,G,H,gort,huath,cross,left,2,1,1,Modulation,Anchor,Loose Knot,Atomic Reaction,False
the-bone-snaps-under-weight,THE BONE SNAPS UNDER WEIGHT,semantic_breakage_002,semantic_category,breakage,EN,21,adjacent,H->T,H,T,huath,tinne,left,left,1,3,2,Dominance,Reinforce,Atomic Reaction,Median Balance,False
the-bridge-collapses-in-the-storm,THE BRIDGE COLLAPSES IN THE STORM,semantic_breakage_003,semantic_category,breakage,EN,0,adjacent,T->H,T,H,tinne,huath,left,left,3,1,2,Dominance,Reinforce,Median Balance,Atomic Reaction,False
the-bridge-collapses-in-the-storm,THE BRIDGE COLLAPSES IN THE STORM,semantic_breakage_003,semantic_category,breakage,EN,1,adjacent,H->E,H,E,huath,eadhadh,left,diagonal,1,4,3,Dominance,Dampen,Atomic Reaction,Strong Torrent,False
the-bridge-collapses-in-the-storm,THE BRIDGE COLLAPSES IN THE STORM,semantic_breakage_003,semantic_category,breakage,EN,2,adjacent,E->B,E,B,eadhadh,beith,diagonal,right,4,1,3,Dominance,Propel,Strong Torrent,Atomic Initiation,False
the-bridge-collapses-in-the-storm,THE BRIDGE COLLAPSES IN THE STORM,semantic_breakage_003,semantic_category,breakage,EN,3,adjacent,B->R,B,R,beith,ruis,right,cross,1,5,4,Dominance,Anchor,Atomic Initiation,Maximal Fusion,False
the-bridge-collapses-in-the-storm,THE BRIDGE COLLAPSES IN THE STORM,semantic_breakage_003,semantic_category,breakage,EN,4,adjacent,R->I,R,I,ruis,idad,cross,diagonal,5,5,0,Resonance,Gate,Maximal Fusion,Maximal Jet,False
the-bridge-collapses-in-the-storm,THE BRIDGE COLLAPSES IN THE STORM,semantic_breakage_003,semantic_category,breakage,EN,5,adjacent,I->D,I,D,idad,duir,diagonal,left,5,2,3,Dominance,Dampen,Maximal Jet,Weak Resistance,False
the-bridge-collapses-in-the-storm,THE BRIDGE COLLAPSES IN THE STORM,semantic_breakage_003,semantic_category,breakage,EN,6,adjacent,D->G,D,G,duir,gort,left,cross,2,2,0,Resonance,Anchor,Weak Resistance,Loose Knot,False
the-bridge-collapses-in-the-storm,THE BRIDGE COLLAPSES IN THE STORM,semantic_breakage_003,semantic_category,breakage,EN,7,adjacent,G->E,G,E,gort,eadhadh,cross,diagonal,2,4,2,Dominance,Gate,Loose Knot,Strong Torrent,False
the-bridge-collapses-in-the-storm,THE BRIDGE COLLAPSES IN THE STORM,semantic_breakage_003,semantic_category,breakage,EN,8,adjacent,E->C,E,C,eadhadh,coll,diagonal,left,4,4,0,Resonance,Dampen,Strong Torrent,Strong Barrier,False
the-bridge-collapses-in-the-storm,THE BRIDGE COLLAPSES IN THE STORM,semantic_breakage_003,semantic_category,breakage,EN,9,adjacent,C->O,C,O,coll,onn,left,diagonal,4,2,2,Dominance,Dampen,Strong Barrier,Weak Current,False
the-bridge-collapses-in-the-storm,THE BRIDGE COLLAPSES IN THE STORM,semantic_breakage_003,semantic_category,breakage,EN,10,adjacent,O->L,O,L,onn,luis,diagonal,right,2,2,0,Resonance,Propel,Weak Current,Weak Coupling,False
the-bridge-collapses-in-the-storm,THE BRIDGE COLLAPSES IN THE STORM,semantic_breakage_003,semantic_category,breakage,EN,11,adjacent,L->L,L,L,luis,luis,right,right,2,2,0,Resonance,Reinforce,Weak Coupling,Weak Coupling,False
the-bridge-collapses-in-the-storm,THE BRIDGE COLLAPSES IN THE STORM,semantic_breakage_003,semantic_category,breakage,EN,12,adjacent,L->A,L,A,luis,ailm,right,diagonal,2,1,1,Modulation,Propel,Weak Coupling,Atomic Flow,False
the-bridge-collapses-in-the-storm,THE BRIDGE COLLAPSES IN THE STORM,semantic_breakage_003,semantic_category,breakage,EN,13,adjacent,A->P,A,P,ailm,peith,diagonal,right,1,5,4,Dominance,Propel,Atomic Flow,Maximal Drive,False
the-bridge-collapses-in-the-storm,THE BRIDGE COLLAPSES IN THE STORM,semantic_breakage_003,semantic_category,breakage,EN,14,adjacent,P->S,P,S,peith,sail,right,right,5,4,1,Modulation,Reinforce,Maximal Drive,Strong Enforcement,False
the-bridge-collapses-in-the-storm,THE BRIDGE COLLAPSES IN THE STORM,semantic_breakage_003,semantic_category,breakage,EN,15,adjacent,S->E,S,E,sail,eadhadh,right,diagonal,4,4,0,Resonance,Propel,Strong Enforcement,Strong Torrent,False
the-bridge-collapses-in-the-storm,THE BRIDGE COLLAPSES IN THE STORM,semantic_breakage_003,semantic_category,breakage,EN,16,adjacent,E->S,E,S,eadhadh,sail,diagonal,right,4,4,0,Resonance,Propel,Strong Torrent,Strong Enforcement,False
the-bridge-collapses-in-the-storm,THE BRIDGE COLLAPSES IN THE STORM,semantic_breakage_003,semantic_category,breakage,EN,17,adjacent,S->I,S,I,sail,idad,right,diagonal,4,5,1,Modulation,Propel,Strong Enforcement,Maximal Jet,False
the-bridge-collapses-in-the-storm,THE BRIDGE COLLAPSES IN THE STORM,semantic_breakage_003,semantic_category,breakage,EN,18,adjacent,I->N,I,N,idad,ngeadal,diagonal,cross,5,3,2,Dominance,Gate,Maximal Jet,Median Lock,False
the-bridge-collapses-in-the-storm,THE BRIDGE COLLAPSES IN THE STORM,semantic_breakage_003,semantic_category,breakage,EN,19,adjacent,N->T,N,T,ngeadal,tinne,cross,left,3,3,0,Resonance,Anchor,Median Lock,Median Balance,False
the-bridge-collapses-in-the-storm,THE BRIDGE COLLAPSES IN THE STORM,semantic_breakage_003,semantic_category,breakage,EN,20,adjacent,T->H,T,H,tinne,huath,left,left,3,1,2,Dominance,Reinforce,Median Balance,Atomic Reaction,False
the-bridge-collapses-in-the-storm,THE BRIDGE COLLAPSES IN THE STORM,semantic_breakage_003,semantic_category,breakage,EN,21,adjacent,H->E,H,E,huath,eadhadh,left,diagonal,1,4,3,Dominance,Dampen,Atomic Reaction,Strong Torrent,False
the-bridge-collapses-in-the-storm,THE BRIDGE COLLAPSES IN THE STORM,semantic_breakage_003,semantic_category,breakage,EN,22,adjacent,E->S,E,S,eadhadh,sail,diagonal,right,4,4,0,Resonance,Propel,Strong Torrent,Strong Enforcement,False
the-bridge-collapses-in-the-storm,THE BRIDGE COLLAPSES IN THE STORM,semantic_breakage_003,semantic_category,breakage,EN,23,adjacent,S->T,S,T,sail,tinne,right,left,4,3,1,Modulation,Opposition,Strong Enforcement,Median Balance,False
the-bridge-collapses-in-the-storm,THE BRIDGE COLLAPSES IN THE STORM,semantic_breakage_003,semantic_category,breakage,EN,24,adjacent,T->O,T,O,tinne,onn,left,diagonal,3,2,1,Modulation,Dampen,Median Balance,Weak Current,False
the-bridge-collapses-in-the-storm,THE BRIDGE COLLAPSES IN THE STORM,semantic_breakage_003,semantic_category,breakage,EN,25,adjacent,O->R,O,R,onn,ruis,diagonal,cross,2,5,3,Dominance,Gate,Weak Current,Maximal Fusion,False
the-bridge-collapses-in-the-storm,THE BRIDGE COLLAPSES IN THE STORM,semantic_breakage_003,semantic_category,breakage,EN,26,adjacent,R->M,R,M,ruis,muin,cross,cross,5,1,4,Dominance,Crystalize,Maximal Fusion,Atomic Bind,False
the-ice-cracks-beneath-the-boot,THE ICE CRACKS BENEATH THE BOOT,semantic_breakage_004,semantic_category,breakage,EN,0,adjacent,T->H,T,H,tinne,huath,left,left,3,1,2,Dominance,Reinforce,Median Balance,Atomic Reaction,False
the-ice-cracks-beneath-the-boot,THE ICE CRACKS BENEATH THE BOOT,semantic_breakage_004,semantic_category,breakage,EN,1,adjacent,H->E,H,E,huath,eadhadh,left,diagonal,1,4,3,Dominance,Dampen,Atomic Reaction,Strong Torrent,False
the-ice-cracks-beneath-the-boot,THE ICE CRACKS BENEATH THE BOOT,semantic_breakage_004,semantic_category,breakage,EN,2,adjacent,E->I,E,I,eadhadh,idad,diagonal,diagonal,4,5,1,Modulation,Stream,Strong Torrent,Maximal Jet,False
the-ice-cracks-beneath-the-boot,THE ICE CRACKS BENEATH THE BOOT,semantic_breakage_004,semantic_category,breakage,EN,3,adjacent,I->C,I,C,idad,coll,diagonal,left,5,4,1,Modulation,Dampen,Maximal Jet,Strong Barrier,False
the-ice-cracks-beneath-the-boot,THE ICE CRACKS BENEATH THE BOOT,semantic_breakage_004,semantic_category,breakage,EN,4,adjacent,C->E,C,E,coll,eadhadh,left,diagonal,4,4,0,Resonance,Dampen,Strong Barrier,Strong Torrent,False
the-ice-cracks-beneath-the-boot,THE ICE CRACKS BENEATH THE BOOT,semantic_breakage_004,semantic_category,breakage,EN,5,adjacent,E->C,E,C,eadhadh,coll,diagonal,left,4,4,0,Resonance,Dampen,Strong Torrent,Strong Barrier,False
the-ice-cracks-beneath-the-boot,THE ICE CRACKS BENEATH THE BOOT,semantic_breakage_004,semantic_category,breakage,EN,6,adjacent,C->R,C,R,coll,ruis,left,cross,4,5,1,Modulation,Anchor,Strong Barrier,Maximal Fusion,False
the-ice-cracks-beneath-the-boot,THE ICE CRACKS BENEATH THE BOOT,semantic_breakage_004,semantic_category,breakage,EN,7,adjacent,R->A,R,A,ruis,ailm,cross,diagonal,5,1,4,Dominance,Gate,Maximal Fusion,Atomic Flow,False
the-ice-cracks-beneath-the-boot,THE ICE CRACKS BENEATH THE BOOT,semantic_breakage_004,semantic_category,breakage,EN,8,adjacent,A->C,A,C,ailm,coll,diagonal,left,1,4,3,Dominance,Dampen,Atomic Flow,Strong Barrier,False
the-ice-cracks-beneath-the-boot,THE ICE CRACKS BENEATH THE BOOT,semantic_breakage_004,semantic_category,breakage,EN,9,adjacent,C->C,C,C,coll,coll,left,left,4,4,0,Resonance,Reinforce,Strong Barrier,Strong Barrier,False
the-ice-cracks-beneath-the-boot,THE ICE CRACKS BENEATH THE BOOT,semantic_breakage_004,semantic_category,breakage,EN,10,adjacent,C->S,C,S,coll,sail,left,right,4,4,0,Resonance,Opposition,Strong Barrier,Strong Enforcement,False
the-ice-cracks-beneath-the-boot,THE ICE CRACKS BENEATH THE BOOT,semantic_breakage_004,semantic_category,breakage,EN,11,adjacent,S->B,S,B,sail,beith,right,right,4,1,3,Dominance,Reinforce,Strong Enforcement,Atomic Initiation,False
the-ice-cracks-beneath-the-boot,THE ICE CRACKS BENEATH THE BOOT,semantic_breakage_004,semantic_category,breakage,EN,12,adjacent,B->E,B,E,beith,eadhadh,right,diagonal,1,4,3,Dominance,Propel,Atomic Initiation,Strong Torrent,False
the-ice-cracks-beneath-the-boot,THE ICE CRACKS BENEATH THE BOOT,semantic_breakage_004,semantic_category,breakage,EN,13,adjacent,E->N,E,N,eadhadh,ngeadal,diagonal,cross,4,3,1,Modulation,Gate,Strong Torrent,Median Lock,False
the-ice-cracks-beneath-the-boot,THE ICE CRACKS BENEATH THE BOOT,semantic_breakage_004,semantic_category,breakage,EN,14,adjacent,N->EA,N,EA,ngeadal,ea,cross,backslash,3,4,1,Modulation,Fracture,Median Lock,Strong Warp,True
the-ice-cracks-beneath-the-boot,THE ICE CRACKS BENEATH THE BOOT,semantic_breakage_004,semantic_category,breakage,EN,15,adjacent,EA->T,EA,T,ea,tinne,backslash,left,4,3,1,Modulation,Invert,Strong Warp,Median Balance,True
the-ice-cracks-beneath-the-boot,THE ICE CRACKS BENEATH THE BOOT,semantic_breakage_004,semantic_category,breakage,EN,16,adjacent,T->H,T,H,tinne,huath,left,left,3,1,2,Dominance,Reinforce,Median Balance,Atomic Reaction,False
the-ice-cracks-beneath-the-boot,THE ICE CRACKS BENEATH THE BOOT,semantic_breakage_004,semantic_category,breakage,EN,17,adjacent,H->T,H,T,huath,tinne,left,left,1,3,2,Dominance,Reinforce,Atomic Reaction,Median Balance,False
the-ice-cracks-beneath-the-boot,THE ICE CRACKS BENEATH THE BOOT,semantic_breakage_004,semantic_category,breakage,EN,18,adjacent,T->H,T,H,tinne,huath,left,left,3,1,2,Dominance,Reinforce,Median Balance,Atomic Reaction,False
the-ice-cracks-beneath-the-boot,THE ICE CRACKS BENEATH THE BOOT,semantic_breakage_004,semantic_category,breakage,EN,19,adjacent,H->E,H,E,huath,eadhadh,left,diagonal,1,4,3,Dominance,Dampen,Atomic Reaction,Strong Torrent,False
the-ice-cracks-beneath-the-boot,THE ICE CRACKS BENEATH THE BOOT,semantic_breakage_004,semantic_category,breakage,EN,20,adjacent,E->B,E,B,eadhadh,beith,diagonal,right,4,1,3,Dominance,Propel,Strong Torrent,Atomic Initiation,False
the-ice-cracks-beneath-the-boot,THE ICE CRACKS BENEATH THE BOOT,semantic_breakage_004,semantic_category,breakage,EN,21,adjacent,B->O,B,O,beith,onn,right,diagonal,1,2,1,Modulation,Propel,Atomic Initiation,Weak Current,False
the-ice-cracks-beneath-the-boot,THE ICE CRACKS BENEATH THE BOOT,semantic_breakage_004,semantic_category,breakage,EN,22,adjacent,O->O,O,O,onn,onn,diagonal,diagonal,2,2,0,Resonance,Stream,Weak Current,Weak Current,False
the-ice-cracks-beneath-the-boot,THE ICE CRACKS BENEATH THE BOOT,semantic_breakage_004,semantic_category,breakage,EN,23,adjacent,O->T,O,T,onn,tinne,diagonal,left,2,3,1,Modulation,Dampen,Weak Current,Median Balance,False
the-wall-crumbles-into-dust,THE WALL CRUMBLES INTO DUST,semantic_breakage_005,semantic_category,breakage,EN,0,adjacent,T->H,T,H,tinne,huath,left,left,3,1,2,Dominance,Reinforce,Median Balance,Atomic Reaction,False
the-wall-crumbles-into-dust,THE WALL CRUMBLES INTO DUST,semantic_breakage_005,semantic_category,breakage,EN,1,adjacent,H->E,H,E,huath,eadhadh,left,diagonal,1,4,3,Dominance,Dampen,Atomic Reaction,Strong Torrent,False
the-wall-crumbles-into-dust,THE WALL CRUMBLES INTO DUST,semantic_breakage_005,semantic_category,breakage,EN,2,adjacent,E->W,E,W,eadhadh,ceirt,diagonal,left,4,5,1,Modulation,Dampen,Strong Torrent,Maximal Opposition,False
the-wall-crumbles-into-dust,THE WALL CRUMBLES INTO DUST,semantic_breakage_005,semantic_category,breakage,EN,3,adjacent,W->A,W,A,ceirt,ailm,left,diagonal,5,1,4,Dominance,Dampen,Maximal Opposition,Atomic Flow,False
the-wall-crumbles-into-dust,THE WALL CRUMBLES INTO DUST,semantic_breakage_005,semantic_category,breakage,EN,4,adjacent,A->L,A,L,ailm,luis,diagonal,right,1,2,1,Modulation,Propel,Atomic Flow,Weak Coupling,False
the-wall-crumbles-into-dust,THE WALL CRUMBLES INTO DUST,semantic_breakage_005,semantic_category,breakage,EN,5,adjacent,L->L,L,L,luis,luis,right,right,2,2,0,Resonance,Reinforce,Weak Coupling,Weak Coupling,False
the-wall-crumbles-into-dust,THE WALL CRUMBLES INTO DUST,semantic_breakage_005,semantic_category,breakage,EN,6,adjacent,L->C,L,C,luis,coll,right,left,2,4,2,Dominance,Opposition,Weak Coupling,Strong Barrier,False
the-wall-crumbles-into-dust,THE WALL CRUMBLES INTO DUST,semantic_breakage_005,semantic_category,breakage,EN,7,adjacent,C->R,C,R,coll,ruis,left,cross,4,5,1,Modulation,Anchor,Strong Barrier,Maximal Fusion,False
the-wall-crumbles-into-dust,THE WALL CRUMBLES INTO DUST,semantic_breakage_005,semantic_category,breakage,EN,8,adjacent,R->U,R,U,ruis,ur,cross,diagonal,5,3,2,Dominance,Gate,Maximal Fusion,Median Stream,False
the-wall-crumbles-into-dust,THE WALL CRUMBLES INTO DUST,semantic_breakage_005,semantic_category,breakage,EN,9,adjacent,U->M,U,M,ur,muin,diagonal,cross,3,1,2,Dominance,Gate,Median Stream,Atomic Bind,False
the-wall-crumbles-into-dust,THE WALL CRUMBLES INTO DUST,semantic_breakage_005,semantic_category,breakage,EN,10,adjacent,M->B,M,B,muin,beith,cross,right,1,1,0,Resonance,Anchor,Atomic Bind,Atomic Initiation,False
the-wall-crumbles-into-dust,THE WALL CRUMBLES INTO DUST,semantic_breakage_005,semantic_category,breakage,EN,11,adjacent,B->L,B,L,beith,luis,right,right,1,2,1,Modulation,Reinforce,Atomic Initiation,Weak Coupling,False
the-wall-crumbles-into-dust,THE WALL CRUMBLES INTO DUST,semantic_breakage_005,semantic_category,breakage,EN,12,adjacent,L->E,L,E,luis,eadhadh,right,diagonal,2,4,2,Dominance,Propel,Weak Coupling,Strong Torrent,False
the-wall-crumbles-into-dust,THE WALL CRUMBLES INTO DUST,semantic_breakage_005,semantic_category,breakage,EN,13,adjacent,E->S,E,S,eadhadh,sail,diagonal,right,4,4,0,Resonance,Propel,Strong Torrent,Strong Enforcement,False
the-wall-crumbles-into-dust,THE WALL CRUMBLES INTO DUST,semantic_breakage_005,semantic_category,breakage,EN,14,adjacent,S->I,S,I,sail,idad,right,diagonal,4,5,1,Modulation,Propel,Strong Enforcement,Maximal Jet,False
the-wall-crumbles-into-dust,THE WALL CRUMBLES INTO DUST,semantic_breakage_005,semantic_category,breakage,EN,15,adjacent,I->N,I,N,idad,ngeadal,diagonal,cross,5,3,2,Dominance,Gate,Maximal Jet,Median Lock,False
the-wall-crumbles-into-dust,THE WALL CRUMBLES INTO DUST,semantic_breakage_005,semantic_category,breakage,EN,16,adjacent,N->T,N,T,ngeadal,tinne,cross,left,3,3,0,Resonance,Anchor,Median Lock,Median Balance,False
the-wall-crumbles-into-dust,THE WALL CRUMBLES INTO DUST,semantic_breakage_005,semantic_category,breakage,EN,17,adjacent,T->O,T,O,tinne,onn,left,diagonal,3,2,1,Modulation,Dampen,Median Balance,Weak Current,False
the-wall-crumbles-into-dust,THE WALL CRUMBLES INTO DUST,semantic_breakage_005,semantic_category,breakage,EN,18,adjacent,O->D,O,D,onn,duir,diagonal,left,2,2,0,Resonance,Dampen,Weak Current,Weak Resistance,False
the-wall-crumbles-into-dust,THE WALL CRUMBLES INTO DUST,semantic_breakage_005,semantic_category,breakage,EN,19,adjacent,D->U,D,U,duir,ur,left,diagonal,2,3,1,Modulation,Dampen,Weak Resistance,Median Stream,False
the-wall-crumbles-into-dust,THE WALL CRUMBLES INTO DUST,semantic_breakage_005,semantic_category,breakage,EN,20,adjacent,U->S,U,S,ur,sail,diagonal,right,3,4,1,Modulation,Propel,Median Stream,Strong Enforcement,False
the-wall-crumbles-into-dust,THE WALL CRUMBLES INTO DUST,semantic_breakage_005,semantic_category,breakage,EN,21,adjacent,S->T,S,T,sail,tinne,right,left,4,3,1,Modulation,Opposition,Strong Enforcement,Median Balance,False
the-owl-waits-for-the-night,THE OWL WAITS FOR THE NIGHT,semantic_waiting_001,semantic_category,waiting,EN,0,adjacent,T->H,T,H,tinne,huath,left,left,3,1,2,Dominance,Reinforce,Median Balance,Atomic Reaction,False
the-owl-waits-for-the-night,THE OWL WAITS FOR THE NIGHT,semantic_waiting_001,semantic_category,waiting,EN,1,adjacent,H->E,H,E,huath,eadhadh,left,diagonal,1,4,3,Dominance,Dampen,Atomic Reaction,Strong Torrent,False
the-owl-waits-for-the-night,THE OWL WAITS FOR THE NIGHT,semantic_waiting_001,semantic_category,waiting,EN,2,adjacent,E->O,E,O,eadhadh,onn,diagonal,diagonal,4,2,2,Dominance,Stream,Strong Torrent,Weak Current,False
the-owl-waits-for-the-night,THE OWL WAITS FOR THE NIGHT,semantic_waiting_001,semantic_category,waiting,EN,3,adjacent,O->W,O,W,onn,ceirt,diagonal,left,2,5,3,Dominance,Dampen,Weak Current,Maximal Opposition,False
the-owl-waits-for-the-night,THE OWL WAITS FOR THE NIGHT,semantic_waiting_001,semantic_category,waiting,EN,4,adjacent,W->L,W,L,ceirt,luis,left,right,5,2,3,Dominance,Opposition,Maximal Opposition,Weak Coupling,False
the-owl-waits-for-the-night,THE OWL WAITS FOR THE NIGHT,semantic_waiting_001,semantic_category,waiting,EN,5,adjacent,L->W,L,W,luis,ceirt,right,left,2,5,3,Dominance,Opposition,Weak Coupling,Maximal Opposition,False
the-owl-waits-for-the-night,THE OWL WAITS FOR THE NIGHT,semantic_waiting_001,semantic_category,waiting,EN,6,adjacent,W->A,W,A,ceirt,ailm,left,diagonal,5,1,4,Dominance,Dampen,Maximal Opposition,Atomic Flow,False
the-owl-waits-for-the-night,THE OWL WAITS FOR THE NIGHT,semantic_waiting_001,semantic_category,waiting,EN,7,adjacent,A->I,A,I,ailm,idad,diagonal,diagonal,1,5,4,Dominance,Stream,Atomic Flow,Maximal Jet,False
the-owl-waits-for-the-night,THE OWL WAITS FOR THE NIGHT,semantic_waiting_001,semantic_category,waiting,EN,8,adjacent,I->T,I,T,idad,tinne,diagonal,left,5,3,2,Dominance,Dampen,Maximal Jet,Median Balance,False
the-owl-waits-for-the-night,THE OWL WAITS FOR THE NIGHT,semantic_waiting_001,semantic_category,waiting,EN,9,adjacent,T->S,T,S,tinne,sail,left,right,3,4,1,Modulation,Opposition,Median Balance,Strong Enforcement,False
the-owl-waits-for-the-night,THE OWL WAITS FOR THE NIGHT,semantic_waiting_001,semantic_category,waiting,EN,10,adjacent,S->F,S,F,sail,fearn,right,right,4,3,1,Modulation,Reinforce,Strong Enforcement,Median Assertion,False
the-owl-waits-for-the-night,THE OWL WAITS FOR THE NIGHT,semantic_waiting_001,semantic_category,waiting,EN,11,adjacent,F->O,F,O,fearn,onn,right,diagonal,3,2,1,Modulation,Propel,Median Assertion,Weak Current,False
the-owl-waits-for-the-night,THE OWL WAITS FOR THE NIGHT,semantic_waiting_001,semantic_category,waiting,EN,12,adjacent,O->R,O,R,onn,ruis,diagonal,cross,2,5,3,Dominance,Gate,Weak Current,Maximal Fusion,False
the-owl-waits-for-the-night,THE OWL WAITS FOR THE NIGHT,semantic_waiting_001,semantic_category,waiting,EN,13,adjacent,R->T,R,T,ruis,tinne,cross,left,5,3,2,Dominance,Anchor,Maximal Fusion,Median Balance,False
the-owl-waits-for-the-night,THE OWL WAITS FOR THE NIGHT,semantic_waiting_001,semantic_category,waiting,EN,14,adjacent,T->H,T,H,tinne,huath,left,left,3,1,2,Dominance,Reinforce,Median Balance,Atomic Reaction,False
the-owl-waits-for-the-night,THE OWL WAITS FOR THE NIGHT,semantic_waiting_001,semantic_category,waiting,EN,15,adjacent,H->E,H,E,huath,eadhadh,left,diagonal,1,4,3,Dominance,Dampen,Atomic Reaction,Strong Torrent,False
the-owl-waits-for-the-night,THE OWL WAITS FOR THE NIGHT,semantic_waiting_001,semantic_category,waiting,EN,16,adjacent,E->N,E,N,eadhadh,ngeadal,diagonal,cross,4,3,1,Modulation,Gate,Strong Torrent,Median Lock,False
the-owl-waits-for-the-night,THE OWL WAITS FOR THE NIGHT,semantic_waiting_001,semantic_category,waiting,EN,17,adjacent,N->I,N,I,ngeadal,idad,cross,diagonal,3,5,2,Dominance,Gate,Median Lock,Maximal Jet,False
the-owl-waits-for-the-night,THE OWL WAITS FOR THE NIGHT,semantic_waiting_001,semantic_category,waiting,EN,18,adjacent,I->G,I,G,idad,gort,diagonal,cross,5,2,3,Dominance,Gate,Maximal Jet,Loose Knot,False
the-owl-waits-for-the-night,THE OWL WAITS FOR THE NIGHT,semantic_waiting_001,semantic_category,waiting,EN,19,adjacent,G->H,G,H,gort,huath,cross,left,2,1,1,Modulation,Anchor,Loose Knot,Atomic Reaction,False
the-owl-waits-for-the-night,THE OWL WAITS FOR THE NIGHT,semantic_waiting_001,semantic_category,waiting,EN,20,adjacent,H->T,H,T,huath,tinne,left,left,1,3,2,Dominance,Reinforce,Atomic Reaction,Median Balance,False
the-stone-lies-on-the-path,THE STONE LIES ON THE PATH,semantic_waiting_002,semantic_category,waiting,EN,0,adjacent,T->H,T,H,tinne,huath,left,left,3,1,2,Dominance,Reinforce,Median Balance,Atomic Reaction,False
the-stone-lies-on-the-path,THE STONE LIES ON THE PATH,semantic_waiting_002,semantic_category,waiting,EN,1,adjacent,H->E,H,E,huath,eadhadh,left,diagonal,1,4,3,Dominance,Dampen,Atomic Reaction,Strong Torrent,False
the-stone-lies-on-the-path,THE STONE LIES ON THE PATH,semantic_waiting_002,semantic_category,waiting,EN,2,adjacent,E->S,E,S,eadhadh,sail,diagonal,right,4,4,0,Resonance,Propel,Strong Torrent,Strong Enforcement,False
the-stone-lies-on-the-path,THE STONE LIES ON THE PATH,semantic_waiting_002,semantic_category,waiting,EN,3,adjacent,S->T,S,T,sail,tinne,right,left,4,3,1,Modulation,Opposition,Strong Enforcement,Median Balance,False
the-stone-lies-on-the-path,THE STONE LIES ON THE PATH,semantic_waiting_002,semantic_category,waiting,EN,4,adjacent,T->O,T,O,tinne,onn,left,diagonal,3,2,1,Modulation,Dampen,Median Balance,Weak Current,False
the-stone-lies-on-the-path,THE STONE LIES ON THE PATH,semantic_waiting_002,semantic_category,waiting,EN,5,adjacent,O->N,O,N,onn,ngeadal,diagonal,cross,2,3,1,Modulation,Gate,Weak Current,Median Lock,False
the-stone-lies-on-the-path,THE STONE LIES ON THE PATH,semantic_waiting_002,semantic_category,waiting,EN,6,adjacent,N->E,N,E,ngeadal,eadhadh,cross,diagonal,3,4,1,Modulation,Gate,Median Lock,Strong Torrent,False
the-stone-lies-on-the-path,THE STONE LIES ON THE PATH,semantic_waiting_002,semantic_category,waiting,EN,7,adjacent,E->L,E,L,eadhadh,luis,diagonal,right,4,2,2,Dominance,Propel,Strong Torrent,Weak Coupling,False
the-stone-lies-on-the-path,THE STONE LIES ON THE PATH,semantic_waiting_002,semantic_category,waiting,EN,8,adjacent,L->I,L,I,luis,idad,right,diagonal,2,5,3,Dominance,Propel,Weak Coupling,Maximal Jet,False
the-stone-lies-on-the-path,THE STONE LIES ON THE PATH,semantic_waiting_002,semantic_category,waiting,EN,9,adjacent,I->E,I,E,idad,eadhadh,diagonal,diagonal,5,4,1,Modulation,Stream,Maximal Jet,Strong Torrent,False
the-stone-lies-on-the-path,THE STONE LIES ON THE PATH,semantic_waiting_002,semantic_category,waiting,EN,10,adjacent,E->S,E,S,eadhadh,sail,diagonal,right,4,4,0,Resonance,Propel,Strong Torrent,Strong Enforcement,False
the-stone-lies-on-the-path,THE STONE LIES ON THE PATH,semantic_waiting_002,semantic_category,waiting,EN,11,adjacent,S->O,S,O,sail,onn,right,diagonal,4,2,2,Dominance,Propel,Strong Enforcement,Weak Current,False
the-stone-lies-on-the-path,THE STONE LIES ON THE PATH,semantic_waiting_002,semantic_category,waiting,EN,12,adjacent,O->N,O,N,onn,ngeadal,diagonal,cross,2,3,1,Modulation,Gate,Weak Current,Median Lock,False
the-stone-lies-on-the-path,THE STONE LIES ON THE PATH,semantic_waiting_002,semantic_category,waiting,EN,13,adjacent,N->T,N,T,ngeadal,tinne,cross,left,3,3,0,Resonance,Anchor,Median Lock,Median Balance,False
the-stone-lies-on-the-path,THE STONE LIES ON THE PATH,semantic_waiting_002,semantic_category,waiting,EN,14,adjacent,T->H,T,H,tinne,huath,left,left,3,1,2,Dominance,Reinforce,Median Balance,Atomic Reaction,False
the-stone-lies-on-the-path,THE STONE LIES ON THE PATH,semantic_waiting_002,semantic_category,waiting,EN,15,adjacent,H->E,H,E,huath,eadhadh,left,diagonal,1,4,3,Dominance,Dampen,Atomic Reaction,Strong Torrent,False
the-stone-lies-on-the-path,THE STONE LIES ON THE PATH,semantic_waiting_002,semantic_category,waiting,EN,16,adjacent,E->P,E,P,eadhadh,peith,diagonal,right,4,5,1,Modulation,Propel,Strong Torrent,Maximal Drive,False
the-stone-lies-on-the-path,THE STONE LIES ON THE PATH,semantic_waiting_002,semantic_category,waiting,EN,17,adjacent,P->A,P,A,peith,ailm,right,diagonal,5,1,4,Dominance,Propel,Maximal Drive,Atomic Flow,False
the-stone-lies-on-the-path,THE STONE LIES ON THE PATH,semantic_waiting_002,semantic_category,waiting,EN,18,adjacent,A->T,A,T,ailm,tinne,diagonal,left,1,3,2,Dominance,Dampen,Atomic Flow,Median Balance,False
the-stone-lies-on-the-path,THE STONE LIES ON THE PATH,semantic_waiting_002,semantic_category,waiting,EN,19,adjacent,T->H,T,H,tinne,huath,left,left,3,1,2,Dominance,Reinforce,Median Balance,Atomic Reaction,False
the-candle-remains-unlit,THE CANDLE REMAINS UNLIT,semantic_waiting_003,semantic_category,waiting,EN,0,adjacent,T->H,T,H,tinne,huath,left,left,3,1,2,Dominance,Reinforce,Median Balance,Atomic Reaction,False
the-candle-remains-unlit,THE CANDLE REMAINS UNLIT,semantic_waiting_003,semantic_category,waiting,EN,1,adjacent,H->E,H,E,huath,eadhadh,left,diagonal,1,4,3,Dominance,Dampen,Atomic Reaction,Strong Torrent,False
the-candle-remains-unlit,THE CANDLE REMAINS UNLIT,semantic_waiting_003,semantic_category,waiting,EN,2,adjacent,E->C,E,C,eadhadh,coll,diagonal,left,4,4,0,Resonance,Dampen,Strong Torrent,Strong Barrier,False
the-candle-remains-unlit,THE CANDLE REMAINS UNLIT,semantic_waiting_003,semantic_category,waiting,EN,3,adjacent,C->A,C,A,coll,ailm,left,diagonal,4,1,3,Dominance,Dampen,Strong Barrier,Atomic Flow,False
the-candle-remains-unlit,THE CANDLE REMAINS UNLIT,semantic_waiting_003,semantic_category,waiting,EN,4,adjacent,A->N,A,N,ailm,ngeadal,diagonal,cross,1,3,2,Dominance,Gate,Atomic Flow,Median Lock,False
the-candle-remains-unlit,THE CANDLE REMAINS UNLIT,semantic_waiting_003,semantic_category,waiting,EN,5,adjacent,N->D,N,D,ngeadal,duir,cross,left,3,2,1,Modulation,Anchor,Median Lock,Weak Resistance,False
the-candle-remains-unlit,THE CANDLE REMAINS UNLIT,semantic_waiting_003,semantic_category,waiting,EN,6,adjacent,D->L,D,L,duir,luis,left,right,2,2,0,Resonance,Opposition,Weak Resistance,Weak Coupling,False
the-candle-remains-unlit,THE CANDLE REMAINS UNLIT,semantic_waiting_003,semantic_category,waiting,EN,7,adjacent,L->E,L,E,luis,eadhadh,right,diagonal,2,4,2,Dominance,Propel,Weak Coupling,Strong Torrent,False
the-candle-remains-unlit,THE CANDLE REMAINS UNLIT,semantic_waiting_003,semantic_category,waiting,EN,8,adjacent,E->R,E,R,eadhadh,ruis,diagonal,cross,4,5,1,Modulation,Gate,Strong Torrent,Maximal Fusion,False
the-candle-remains-unlit,THE CANDLE REMAINS UNLIT,semantic_waiting_003,semantic_category,waiting,EN,9,adjacent,R->E,R,E,ruis,eadhadh,cross,diagonal,5,4,1,Modulation,Gate,Maximal Fusion,Strong Torrent,False
the-candle-remains-unlit,THE CANDLE REMAINS UNLIT,semantic_waiting_003,semantic_category,waiting,EN,10,adjacent,E->M,E,M,eadhadh,muin,diagonal,cross,4,1,3,Dominance,Gate,Strong Torrent,Atomic Bind,False
the-candle-remains-unlit,THE CANDLE REMAINS UNLIT,semantic_waiting_003,semantic_category,waiting,EN,11,adjacent,M->A,M,A,muin,ailm,cross,diagonal,1,1,0,Resonance,Gate,Atomic Bind,Atomic Flow,False
the-candle-remains-unlit,THE CANDLE REMAINS UNLIT,semantic_waiting_003,semantic_category,waiting,EN,12,adjacent,A->I,A,I,ailm,idad,diagonal,diagonal,1,5,4,Dominance,Stream,Atomic Flow,Maximal Jet,False
the-candle-remains-unlit,THE CANDLE REMAINS UNLIT,semantic_waiting_003,semantic_category,waiting,EN,13,adjacent,I->N,I,N,idad,ngeadal,diagonal,cross,5,3,2,Dominance,Gate,Maximal Jet,Median Lock,False
the-candle-remains-unlit,THE CANDLE REMAINS UNLIT,semantic_waiting_003,semantic_category,waiting,EN,14,adjacent,N->S,N,S,ngeadal,sail,cross,right,3,4,1,Modulation,Anchor,Median Lock,Strong Enforcement,False
the-candle-remains-unlit,THE CANDLE REMAINS UNLIT,semantic_waiting_003,semantic_category,waiting,EN,15,adjacent,S->U,S,U,sail,ur,right,diagonal,4,3,1,Modulation,Propel,Strong Enforcement,Median Stream,False
the-candle-remains-unlit,THE CANDLE REMAINS UNLIT,semantic_waiting_003,semantic_category,waiting,EN,16,adjacent,U->N,U,N,ur,ngeadal,diagonal,cross,3,3,0,Resonance,Gate,Median Stream,Median Lock,False
the-candle-remains-unlit,THE CANDLE REMAINS UNLIT,semantic_waiting_003,semantic_category,waiting,EN,17,adjacent,N->L,N,L,ngeadal,luis,cross,right,3,2,1,Modulation,Anchor,Median Lock,Weak Coupling,False
the-candle-remains-unlit,THE CANDLE REMAINS UNLIT,semantic_waiting_003,semantic_category,waiting,EN,18,adjacent,L->I,L,I,luis,idad,right,diagonal,2,5,3,Dominance,Propel,Weak Coupling,Maximal Jet,False
the-candle-remains-unlit,THE CANDLE REMAINS UNLIT,semantic_waiting_003,semantic_category,waiting,EN,19,adjacent,I->T,I,T,idad,tinne,diagonal,left,5,3,2,Dominance,Dampen,Maximal Jet,Median Balance,False
the-house-sleeps-at-dawn,THE HOUSE SLEEPS AT DAWN,semantic_waiting_004,semantic_category,waiting,EN,0,adjacent,T->H,T,H,tinne,huath,left,left,3,1,2,Dominance,Reinforce,Median Balance,Atomic Reaction,False
the-house-sleeps-at-dawn,THE HOUSE SLEEPS AT DAWN,semantic_waiting_004,semantic_category,waiting,EN,1,adjacent,H->E,H,E,huath,eadhadh,left,diagonal,1,4,3,Dominance,Dampen,Atomic Reaction,Strong Torrent,False
the-house-sleeps-at-dawn,THE HOUSE SLEEPS AT DAWN,semantic_waiting_004,semantic_category,waiting,EN,2,adjacent,E->H,E,H,eadhadh,huath,diagonal,left,4,1,3,Dominance,Dampen,Strong Torrent,Atomic Reaction,False
the-house-sleeps-at-dawn,THE HOUSE SLEEPS AT DAWN,semantic_waiting_004,semantic_category,waiting,EN,3,adjacent,H->O,H,O,huath,onn,left,diagonal,1,2,1,Modulation,Dampen,Atomic Reaction,Weak Current,False
the-house-sleeps-at-dawn,THE HOUSE SLEEPS AT DAWN,semantic_waiting_004,semantic_category,waiting,EN,4,adjacent,O->U,O,U,onn,ur,diagonal,diagonal,2,3,1,Modulation,Stream,Weak Current,Median Stream,False
the-house-sleeps-at-dawn,THE HOUSE SLEEPS AT DAWN,semantic_waiting_004,semantic_category,waiting,EN,5,adjacent,U->S,U,S,ur,sail,diagonal,right,3,4,1,Modulation,Propel,Median Stream,Strong Enforcement,False
the-house-sleeps-at-dawn,THE HOUSE SLEEPS AT DAWN,semantic_waiting_004,semantic_category,waiting,EN,6,adjacent,S->E,S,E,sail,eadhadh,right,diagonal,4,4,0,Resonance,Propel,Strong Enforcement,Strong Torrent,False
the-house-sleeps-at-dawn,THE HOUSE SLEEPS AT DAWN,semantic_waiting_004,semantic_category,waiting,EN,7,adjacent,E->S,E,S,eadhadh,sail,diagonal,right,4,4,0,Resonance,Propel,Strong Torrent,Strong Enforcement,False
the-house-sleeps-at-dawn,THE HOUSE SLEEPS AT DAWN,semantic_waiting_004,semantic_category,waiting,EN,8,adjacent,S->L,S,L,sail,luis,right,right,4,2,2,Dominance,Reinforce,Strong Enforcement,Weak Coupling,False
the-house-sleeps-at-dawn,THE HOUSE SLEEPS AT DAWN,semantic_waiting_004,semantic_category,waiting,EN,9,adjacent,L->E,L,E,luis,eadhadh,right,diagonal,2,4,2,Dominance,Propel,Weak Coupling,Strong Torrent,False
the-house-sleeps-at-dawn,THE HOUSE SLEEPS AT DAWN,semantic_waiting_004,semantic_category,waiting,EN,10,adjacent,E->E,E,E,eadhadh,eadhadh,diagonal,diagonal,4,4,0,Resonance,Stream,Strong Torrent,Strong Torrent,False
the-house-sleeps-at-dawn,THE HOUSE SLEEPS AT DAWN,semantic_waiting_004,semantic_category,waiting,EN,11,adjacent,E->P,E,P,eadhadh,peith,diagonal,right,4,5,1,Modulation,Propel,Strong Torrent,Maximal Drive,False
the-house-sleeps-at-dawn,THE HOUSE SLEEPS AT DAWN,semantic_waiting_004,semantic_category,waiting,EN,12,adjacent,P->S,P,S,peith,sail,right,right,5,4,1,Modulation,Reinforce,Maximal Drive,Strong Enforcement,False
the-house-sleeps-at-dawn,THE HOUSE SLEEPS AT DAWN,semantic_waiting_004,semantic_category,waiting,EN,13,adjacent,S->A,S,A,sail,ailm,right,diagonal,4,1,3,Dominance,Propel,Strong Enforcement,Atomic Flow,False
the-house-sleeps-at-dawn,THE HOUSE SLEEPS AT DAWN,semantic_waiting_004,semantic_category,waiting,EN,14,adjacent,A->T,A,T,ailm,tinne,diagonal,left,1,3,2,Dominance,Dampen,Atomic Flow,Median Balance,False
the-house-sleeps-at-dawn,THE HOUSE SLEEPS AT DAWN,semantic_waiting_004,semantic_category,waiting,EN,15,adjacent,T->D,T,D,tinne,duir,left,left,3,2,1,Modulation,Reinforce,Median Balance,Weak Resistance,False
the-house-sleeps-at-dawn,THE HOUSE SLEEPS AT DAWN,semantic_waiting_004,semantic_category,waiting,EN,16,adjacent,D->A,D,A,duir,ailm,left,diagonal,2,1,1,Modulation,Dampen,Weak Resistance,Atomic Flow,False
the-house-sleeps-at-dawn,THE HOUSE SLEEPS AT DAWN,semantic_waiting_004,semantic_category,waiting,EN,17,adjacent,A->W,A,W,ailm,ceirt,diagonal,left,1,5,4,Dominance,Dampen,Atomic Flow,Maximal Opposition,False
the-house-sleeps-at-dawn,THE HOUSE SLEEPS AT DAWN,semantic_waiting_004,semantic_category,waiting,EN,18,adjacent,W->N,W,N,ceirt,ngeadal,left,cross,5,3,2,Dominance,Anchor,Maximal Opposition,Median Lock,False
the-letter-rests-on-the-table,THE LETTER RESTS ON THE TABLE,semantic_waiting_005,semantic_category,waiting,EN,0,adjacent,T->H,T,H,tinne,huath,left,left,3,1,2,Dominance,Reinforce,Median Balance,Atomic Reaction,False
the-letter-rests-on-the-table,THE LETTER RESTS ON THE TABLE,semantic_waiting_005,semantic_category,waiting,EN,1,adjacent,H->E,H,E,huath,eadhadh,left,diagonal,1,4,3,Dominance,Dampen,Atomic Reaction,Strong Torrent,False
the-letter-rests-on-the-table,THE LETTER RESTS ON THE TABLE,semantic_waiting_005,semantic_category,waiting,EN,2,adjacent,E->L,E,L,eadhadh,luis,diagonal,right,4,2,2,Dominance,Propel,Strong Torrent,Weak Coupling,False
the-letter-rests-on-the-table,THE LETTER RESTS ON THE TABLE,semantic_waiting_005,semantic_category,waiting,EN,3,adjacent,L->E,L,E,luis,eadhadh,right,diagonal,2,4,2,Dominance,Propel,Weak Coupling,Strong Torrent,False
the-letter-rests-on-the-table,THE LETTER RESTS ON THE TABLE,semantic_waiting_005,semantic_category,waiting,EN,4,adjacent,E->T,E,T,eadhadh,tinne,diagonal,left,4,3,1,Modulation,Dampen,Strong Torrent,Median Balance,False
the-letter-rests-on-the-table,THE LETTER RESTS ON THE TABLE,semantic_waiting_005,semantic_category,waiting,EN,5,adjacent,T->T,T,T,tinne,tinne,left,left,3,3,0,Resonance,Reinforce,Median Balance,Median Balance,False
the-letter-rests-on-the-table,THE LETTER RESTS ON THE TABLE,semantic_waiting_005,semantic_category,waiting,EN,6,adjacent,T->E,T,E,tinne,eadhadh,left,diagonal,3,4,1,Modulation,Dampen,Median Balance,Strong Torrent,False
the-letter-rests-on-the-table,THE LETTER RESTS ON THE TABLE,semantic_waiting_005,semantic_category,waiting,EN,7,adjacent,E->R,E,R,eadhadh,ruis,diagonal,cross,4,5,1,Modulation,Gate,Strong Torrent,Maximal Fusion,False
the-letter-rests-on-the-table,THE LETTER RESTS ON THE TABLE,semantic_waiting_005,semantic_category,waiting,EN,8,adjacent,R->R,R,R,ruis,ruis,cross,cross,5,5,0,Resonance,Crystalize,Maximal Fusion,Maximal Fusion,False
the-letter-rests-on-the-table,THE LETTER RESTS ON THE TABLE,semantic_waiting_005,semantic_category,waiting,EN,9,adjacent,R->E,R,E,ruis,eadhadh,cross,diagonal,5,4,1,Modulation,Gate,Maximal Fusion,Strong Torrent,False
the-letter-rests-on-the-table,THE LETTER RESTS ON THE TABLE,semantic_waiting_005,semantic_category,waiting,EN,10,adjacent,E->S,E,S,eadhadh,sail,diagonal,right,4,4,0,Resonance,Propel,Strong Torrent,Strong Enforcement,False
the-letter-rests-on-the-table,THE LETTER RESTS ON THE TABLE,semantic_waiting_005,semantic_category,waiting,EN,11,adjacent,S->T,S,T,sail,tinne,right,left,4,3,1,Modulation,Opposition,Strong Enforcement,Median Balance,False
the-letter-rests-on-the-table,THE LETTER RESTS ON THE TABLE,semantic_waiting_005,semantic_category,waiting,EN,12,adjacent,T->S,T,S,tinne,sail,left,right,3,4,1,Modulation,Opposition,Median Balance,Strong Enforcement,False
the-letter-rests-on-the-table,THE LETTER RESTS ON THE TABLE,semantic_waiting_005,semantic_category,waiting,EN,13,adjacent,S->O,S,O,sail,onn,right,diagonal,4,2,2,Dominance,Propel,Strong Enforcement,Weak Current,False
the-letter-rests-on-the-table,THE LETTER RESTS ON THE TABLE,semantic_waiting_005,semantic_category,waiting,EN,14,adjacent,O->N,O,N,onn,ngeadal,diagonal,cross,2,3,1,Modulation,Gate,Weak Current,Median Lock,False
the-letter-rests-on-the-table,THE LETTER RESTS ON THE TABLE,semantic_waiting_005,semantic_category,waiting,EN,15,adjacent,N->T,N,T,ngeadal,tinne,cross,left,3,3,0,Resonance,Anchor,Median Lock,Median Balance,False
the-letter-rests-on-the-table,THE LETTER RESTS ON THE TABLE,semantic_waiting_005,semantic_category,waiting,EN,16,adjacent,T->H,T,H,tinne,huath,left,left,3,1,2,Dominance,Reinforce,Median Balance,Atomic Reaction,False
the-letter-rests-on-the-table,THE LETTER RESTS ON THE TABLE,semantic_waiting_005,semantic_category,waiting,EN,17,adjacent,H->E,H,E,huath,eadhadh,left,diagonal,1,4,3,Dominance,Dampen,Atomic Reaction,Strong Torrent,False
the-letter-rests-on-the-table,THE LETTER RESTS ON THE TABLE,semantic_waiting_005,semantic_category,waiting,EN,18,adjacent,E->T,E,T,eadhadh,tinne,diagonal,left,4,3,1,Modulation,Dampen,Strong Torrent,Median Balance,False
the-letter-rests-on-the-table,THE LETTER RESTS ON THE TABLE,semantic_waiting_005,semantic_category,waiting,EN,19,adjacent,T->A,T,A,tinne,ailm,left,diagonal,3,1,2,Dominance,Dampen,Median Balance,Atomic Flow,False
the-letter-rests-on-the-table,THE LETTER RESTS ON THE TABLE,semantic_waiting_005,semantic_category,waiting,EN,20,adjacent,A->B,A,B,ailm,beith,diagonal,right,1,1,0,Resonance,Propel,Atomic Flow,Atomic Initiation,False
the-letter-rests-on-the-table,THE LETTER RESTS ON THE TABLE,semantic_waiting_005,semantic_category,waiting,EN,21,adjacent,B->L,B,L,beith,luis,right,right,1,2,1,Modulation,Reinforce,Atomic Initiation,Weak Coupling,False
the-letter-rests-on-the-table,THE LETTER RESTS ON THE TABLE,semantic_waiting_005,semantic_category,waiting,EN,22,adjacent,L->E,L,E,luis,eadhadh,right,diagonal,2,4,2,Dominance,Propel,Weak Coupling,Strong Torrent,False
the-door-opens-to-the-garden,THE DOOR OPENS TO THE GARDEN,semantic_opening_001,semantic_category,opening,EN,0,adjacent,T->H,T,H,tinne,huath,left,left,3,1,2,Dominance,Reinforce,Median Balance,Atomic Reaction,False
the-door-opens-to-the-garden,THE DOOR OPENS TO THE GARDEN,semantic_opening_001,semantic_category,opening,EN,1,adjacent,H->E,H,E,huath,eadhadh,left,diagonal,1,4,3,Dominance,Dampen,Atomic Reaction,Strong Torrent,False
the-door-opens-to-the-garden,THE DOOR OPENS TO THE GARDEN,semantic_opening_001,semantic_category,opening,EN,2,adjacent,E->D,E,D,eadhadh,duir,diagonal,left,4,2,2,Dominance,Dampen,Strong Torrent,Weak Resistance,False
the-door-opens-to-the-garden,THE DOOR OPENS TO THE GARDEN,semantic_opening_001,semantic_category,opening,EN,3,adjacent,D->O,D,O,duir,onn,left,diagonal,2,2,0,Resonance,Dampen,Weak Resistance,Weak Current,False
the-door-opens-to-the-garden,THE DOOR OPENS TO THE GARDEN,semantic_opening_001,semantic_category,opening,EN,4,adjacent,O->O,O,O,onn,onn,diagonal,diagonal,2,2,0,Resonance,Stream,Weak Current,Weak Current,False
the-door-opens-to-the-garden,THE DOOR OPENS TO THE GARDEN,semantic_opening_001,semantic_category,opening,EN,5,adjacent,O->R,O,R,onn,ruis,diagonal,cross,2,5,3,Dominance,Gate,Weak Current,Maximal Fusion,False
the-door-opens-to-the-garden,THE DOOR OPENS TO THE GARDEN,semantic_opening_001,semantic_category,opening,EN,6,adjacent,R->O,R,O,ruis,onn,cross,diagonal,5,2,3,Dominance,Gate,Maximal Fusion,Weak Current,False
the-door-opens-to-the-garden,THE DOOR OPENS TO THE GARDEN,semantic_opening_001,semantic_category,opening,EN,7,adjacent,O->P,O,P,onn,peith,diagonal,right,2,5,3,Dominance,Propel,Weak Current,Maximal Drive,False
the-door-opens-to-the-garden,THE DOOR OPENS TO THE GARDEN,semantic_opening_001,semantic_category,opening,EN,8,adjacent,P->E,P,E,peith,eadhadh,right,diagonal,5,4,1,Modulation,Propel,Maximal Drive,Strong Torrent,False
the-door-opens-to-the-garden,THE DOOR OPENS TO THE GARDEN,semantic_opening_001,semantic_category,opening,EN,9,adjacent,E->N,E,N,eadhadh,ngeadal,diagonal,cross,4,3,1,Modulation,Gate,Strong Torrent,Median Lock,False
the-door-opens-to-the-garden,THE DOOR OPENS TO THE GARDEN,semantic_opening_001,semantic_category,opening,EN,10,adjacent,N->S,N,S,ngeadal,sail,cross,right,3,4,1,Modulation,Anchor,Median Lock,Strong Enforcement,False
the-door-opens-to-the-garden,THE DOOR OPENS TO THE GARDEN,semantic_opening_001,semantic_category,opening,EN,11,adjacent,S->T,S,T,sail,tinne,right,left,4,3,1,Modulation,Opposition,Strong Enforcement,Median Balance,False
the-door-opens-to-the-garden,THE DOOR OPENS TO THE GARDEN,semantic_opening_001,semantic_category,opening,EN,12,adjacent,T->O,T,O,tinne,onn,left,diagonal,3,2,1,Modulation,Dampen,Median Balance,Weak Current,False
the-door-opens-to-the-garden,THE DOOR OPENS TO THE GARDEN,semantic_opening_001,semantic_category,opening,EN,13,adjacent,O->T,O,T,onn,tinne,diagonal,left,2,3,1,Modulation,Dampen,Weak Current,Median Balance,False
the-door-opens-to-the-garden,THE DOOR OPENS TO THE GARDEN,semantic_opening_001,semantic_category,opening,EN,14,adjacent,T->H,T,H,tinne,huath,left,left,3,1,2,Dominance,Reinforce,Median Balance,Atomic Reaction,False
the-door-opens-to-the-garden,THE DOOR OPENS TO THE GARDEN,semantic_opening_001,semantic_category,opening,EN,15,adjacent,H->E,H,E,huath,eadhadh,left,diagonal,1,4,3,Dominance,Dampen,Atomic Reaction,Strong Torrent,False
the-door-opens-to-the-garden,THE DOOR OPENS TO THE GARDEN,semantic_opening_001,semantic_category,opening,EN,16,adjacent,E->G,E,G,eadhadh,gort,diagonal,cross,4,2,2,Dominance,Gate,Strong Torrent,Loose Knot,False
the-door-opens-to-the-garden,THE DOOR OPENS TO THE GARDEN,semantic_opening_001,semantic_category,opening,EN,17,adjacent,G->A,G,A,gort,ailm,cross,diagonal,2,1,1,Modulation,Gate,Loose Knot,Atomic Flow,False
the-door-opens-to-the-garden,THE DOOR OPENS TO THE GARDEN,semantic_opening_001,semantic_category,opening,EN,18,adjacent,A->R,A,R,ailm,ruis,diagonal,cross,1,5,4,Dominance,Gate,Atomic Flow,Maximal Fusion,False
the-door-opens-to-the-garden,THE DOOR OPENS TO THE GARDEN,semantic_opening_001,semantic_category,opening,EN,19,adjacent,R->D,R,D,ruis,duir,cross,left,5,2,3,Dominance,Anchor,Maximal Fusion,Weak Resistance,False
the-door-opens-to-the-garden,THE DOOR OPENS TO THE GARDEN,semantic_opening_001,semantic_category,opening,EN,20,adjacent,D->E,D,E,duir,eadhadh,left,diagonal,2,4,2,Dominance,Dampen,Weak Resistance,Strong Torrent,False
the-door-opens-to-the-garden,THE DOOR OPENS TO THE GARDEN,semantic_opening_001,semantic_category,opening,EN,21,adjacent,E->N,E,N,eadhadh,ngeadal,diagonal,cross,4,3,1,Modulation,Gate,Strong Torrent,Median Lock,False
the-book-reveals-a-secret,THE BOOK REVEALS A SECRET,semantic_opening_002,semantic_category,opening,EN,0,adjacent,T->H,T,H,tinne,huath,left,left,3,1,2,Dominance,Reinforce,Median Balance,Atomic Reaction,False
the-book-reveals-a-secret,THE BOOK REVEALS A SECRET,semantic_opening_002,semantic_category,opening,EN,1,adjacent,H->E,H,E,huath,eadhadh,left,diagonal,1,4,3,Dominance,Dampen,Atomic Reaction,Strong Torrent,False
the-book-reveals-a-secret,THE BOOK REVEALS A SECRET,semantic_opening_002,semantic_category,opening,EN,2,adjacent,E->B,E,B,eadhadh,beith,diagonal,right,4,1,3,Dominance,Propel,Strong Torrent,Atomic Initiation,False
the-book-reveals-a-secret,THE BOOK REVEALS A SECRET,semantic_opening_002,semantic_category,opening,EN,3,adjacent,B->O,B,O,beith,onn,right,diagonal,1,2,1,Modulation,Propel,Atomic Initiation,Weak Current,False
the-book-reveals-a-secret,THE BOOK REVEALS A SECRET,semantic_opening_002,semantic_category,opening,EN,4,adjacent,O->O,O,O,onn,onn,diagonal,diagonal,2,2,0,Resonance,Stream,Weak Current,Weak Current,False
the-book-reveals-a-secret,THE BOOK REVEALS A SECRET,semantic_opening_002,semantic_category,opening,EN,5,adjacent,O->C,O,C,onn,coll,diagonal,left,2,4,2,Dominance,Dampen,Weak Current,Strong Barrier,False
the-book-reveals-a-secret,THE BOOK REVEALS A SECRET,semantic_opening_002,semantic_category,opening,EN,6,adjacent,C->R,C,R,coll,ruis,left,cross,4,5,1,Modulation,Anchor,Strong Barrier,Maximal Fusion,False
the-book-reveals-a-secret,THE BOOK REVEALS A SECRET,semantic_opening_002,semantic_category,opening,EN,7,adjacent,R->E,R,E,ruis,eadhadh,cross,diagonal,5,4,1,Modulation,Gate,Maximal Fusion,Strong Torrent,False
the-book-reveals-a-secret,THE BOOK REVEALS A SECRET,semantic_opening_002,semantic_category,opening,EN,8,adjacent,E->F,E,F,eadhadh,fearn,diagonal,right,4,3,1,Modulation,Propel,Strong Torrent,Median Assertion,False
the-book-reveals-a-secret,THE BOOK REVEALS A SECRET,semantic_opening_002,semantic_category,opening,EN,9,adjacent,F->EA,F,EA,fearn,ea,right,backslash,3,4,1,Modulation,Distort,Median Assertion,Strong Warp,True
the-book-reveals-a-secret,THE BOOK REVEALS A SECRET,semantic_opening_002,semantic_category,opening,EN,10,adjacent,EA->L,EA,L,ea,luis,backslash,right,4,2,2,Dominance,Distort,Strong Warp,Weak Coupling,True
the-book-reveals-a-secret,THE BOOK REVEALS A SECRET,semantic_opening_002,semantic_category,opening,EN,11,adjacent,L->S,L,S,luis,sail,right,right,2,4,2,Dominance,Reinforce,Weak Coupling,Strong Enforcement,False
the-book-reveals-a-secret,THE BOOK REVEALS A SECRET,semantic_opening_002,semantic_category,opening,EN,12,adjacent,S->A,S,A,sail,ailm,right,diagonal,4,1,3,Dominance,Propel,Strong Enforcement,Atomic Flow,False
the-book-reveals-a-secret,THE BOOK REVEALS A SECRET,semantic_opening_002,semantic_category,opening,EN,13,adjacent,A->S,A,S,ailm,sail,diagonal,right,1,4,3,Dominance,Propel,Atomic Flow,Strong Enforcement,False
the-book-reveals-a-secret,THE BOOK REVEALS A SECRET,semantic_opening_002,semantic_category,opening,EN,14,adjacent,S->E,S,E,sail,eadhadh,right,diagonal,4,4,0,Resonance,Propel,Strong Enforcement,Strong Torrent,False
the-book-reveals-a-secret,THE BOOK REVEALS A SECRET,semantic_opening_002,semantic_category,opening,EN,15,adjacent,E->C,E,C,eadhadh,coll,diagonal,left,4,4,0,Resonance,Dampen,Strong Torrent,Strong Barrier,False
the-book-reveals-a-secret,THE BOOK REVEALS A SECRET,semantic_opening_002,semantic_category,opening,EN,16,adjacent,C->R,C,R,coll,ruis,left,cross,4,5,1,Modulation,Anchor,Strong Barrier,Maximal Fusion,False
the-book-reveals-a-secret,THE BOOK REVEALS A SECRET,semantic_opening_002,semantic_category,opening,EN,17,adjacent,R->E,R,E,ruis,eadhadh,cross,diagonal,5,4,1,Modulation,Gate,Maximal Fusion,Strong Torrent,False
the-book-reveals-a-secret,THE BOOK REVEALS A SECRET,semantic_opening_002,semantic_category,opening,EN,18,adjacent,E->T,E,T,eadhadh,tinne,diagonal,left,4,3,1,Modulation,Dampen,Strong Torrent,Median Balance,False
the-eye-opens-to-the-sky,THE EYE OPENS TO THE SKY,semantic_opening_003,semantic_category,opening,EN,0,adjacent,T->H,T,H,tinne,huath,left,left,3,1,2,Dominance,Reinforce,Median Balance,Atomic Reaction,False
the-eye-opens-to-the-sky,THE EYE OPENS TO THE SKY,semantic_opening_003,semantic_category,opening,EN,1,adjacent,H->E,H,E,huath,eadhadh,left,diagonal,1,4,3,Dominance,Dampen,Atomic Reaction,Strong Torrent,False
the-eye-opens-to-the-sky,THE EYE OPENS TO THE SKY,semantic_opening_003,semantic_category,opening,EN,2,adjacent,E->E,E,E,eadhadh,eadhadh,diagonal,diagonal,4,4,0,Resonance,Stream,Strong Torrent,Strong Torrent,False
the-eye-opens-to-the-sky,THE EYE OPENS TO THE SKY,semantic_opening_003,semantic_category,opening,EN,3,adjacent,E->I,E,I,eadhadh,idad,diagonal,diagonal,4,5,1,Modulation,Stream,Strong Torrent,Maximal Jet,False
the-eye-opens-to-the-sky,THE EYE OPENS TO THE SKY,semantic_opening_003,semantic_category,opening,EN,4,adjacent,I->E,I,E,idad,eadhadh,diagonal,diagonal,5,4,1,Modulation,Stream,Maximal Jet,Strong Torrent,False
the-eye-opens-to-the-sky,THE EYE OPENS TO THE SKY,semantic_opening_003,semantic_category,opening,EN,5,adjacent,E->O,E,O,eadhadh,onn,diagonal,diagonal,4,2,2,Dominance,Stream,Strong Torrent,Weak Current,False
the-eye-opens-to-the-sky,THE EYE OPENS TO THE SKY,semantic_opening_003,semantic_category,opening,EN,6,adjacent,O->P,O,P,onn,peith,diagonal,right,2,5,3,Dominance,Propel,Weak Current,Maximal Drive,False
the-eye-opens-to-the-sky,THE EYE OPENS TO THE SKY,semantic_opening_003,semantic_category,opening,EN,7,adjacent,P->E,P,E,peith,eadhadh,right,diagonal,5,4,1,Modulation,Propel,Maximal Drive,Strong Torrent,False
the-eye-opens-to-the-sky,THE EYE OPENS TO THE SKY,semantic_opening_003,semantic_category,opening,EN,8,adjacent,E->N,E,N,eadhadh,ngeadal,diagonal,cross,4,3,1,Modulation,Gate,Strong Torrent,Median Lock,False
the-eye-opens-to-the-sky,THE EYE OPENS TO THE SKY,semantic_opening_003,semantic_category,opening,EN,9,adjacent,N->S,N,S,ngeadal,sail,cross,right,3,4,1,Modulation,Anchor,Median Lock,Strong Enforcement,False
the-eye-opens-to-the-sky,THE EYE OPENS TO THE SKY,semantic_opening_003,semantic_category,opening,EN,10,adjacent,S->T,S,T,sail,tinne,right,left,4,3,1,Modulation,Opposition,Strong Enforcement,Median Balance,False
the-eye-opens-to-the-sky,THE EYE OPENS TO THE SKY,semantic_opening_003,semantic_category,opening,EN,11,adjacent,T->O,T,O,tinne,onn,left,diagonal,3,2,1,Modulation,Dampen,Median Balance,Weak Current,False
the-eye-opens-to-the-sky,THE EYE OPENS TO THE SKY,semantic_opening_003,semantic_category,opening,EN,12,adjacent,O->T,O,T,onn,tinne,diagonal,left,2,3,1,Modulation,Dampen,Weak Current,Median Balance,False
the-eye-opens-to-the-sky,THE EYE OPENS TO THE SKY,semantic_opening_003,semantic_category,opening,EN,13,adjacent,T->H,T,H,tinne,huath,left,left,3,1,2,Dominance,Reinforce,Median Balance,Atomic Reaction,False
the-eye-opens-to-the-sky,THE EYE OPENS TO THE SKY,semantic_opening_003,semantic_category,opening,EN,14,adjacent,H->E,H,E,huath,eadhadh,left,diagonal,1,4,3,Dominance,Dampen,Atomic Reaction,Strong Torrent,False
the-eye-opens-to-the-sky,THE EYE OPENS TO THE SKY,semantic_opening_003,semantic_category,opening,EN,15,adjacent,E->S,E,S,eadhadh,sail,diagonal,right,4,4,0,Resonance,Propel,Strong Torrent,Strong Enforcement,False
the-eye-opens-to-the-sky,THE EYE OPENS TO THE SKY,semantic_opening_003,semantic_category,opening,EN,16,adjacent,S->C,S,C,sail,coll,right,left,4,4,0,Resonance,Opposition,Strong Enforcement,Strong Barrier,False
the-eye-opens-to-the-sky,THE EYE OPENS TO THE SKY,semantic_opening_003,semantic_category,opening,EN,17,adjacent,C->I,C,I,coll,idad,left,diagonal,4,5,1,Modulation,Dampen,Strong Barrier,Maximal Jet,False
the-map-unfolds-the-world,THE MAP UNFOLDS THE WORLD,semantic_opening_004,semantic_category,opening,EN,0,adjacent,T->H,T,H,tinne,huath,left,left,3,1,2,Dominance,Reinforce,Median Balance,Atomic Reaction,False
the-map-unfolds-the-world,THE MAP UNFOLDS THE WORLD,semantic_opening_004,semantic_category,opening,EN,1,adjacent,H->E,H,E,huath,eadhadh,left,diagonal,1,4,3,Dominance,Dampen,Atomic Reaction,Strong Torrent,False
the-map-unfolds-the-world,THE MAP UNFOLDS THE WORLD,semantic_opening_004,semantic_category,opening,EN,2,adjacent,E->M,E,M,eadhadh,muin,diagonal,cross,4,1,3,Dominance,Gate,Strong Torrent,Atomic Bind,False
the-map-unfolds-the-world,THE MAP UNFOLDS THE WORLD,semantic_opening_004,semantic_category,opening,EN,3,adjacent,M->A,M,A,muin,ailm,cross,diagonal,1,1,0,Resonance,Gate,Atomic Bind,Atomic Flow,False
the-map-unfolds-the-world,THE MAP UNFOLDS THE WORLD,semantic_opening_004,semantic_category,opening,EN,4,adjacent,A->P,A,P,ailm,peith,diagonal,right,1,5,4,Dominance,Propel,Atomic Flow,Maximal Drive,False
the-map-unfolds-the-world,THE MAP UNFOLDS THE WORLD,semantic_opening_004,semantic_category,opening,EN,5,adjacent,P->U,P,U,peith,ur,right,diagonal,5,3,2,Dominance,Propel,Maximal Drive,Median Stream,False
the-map-unfolds-the-world,THE MAP UNFOLDS THE WORLD,semantic_opening_004,semantic_category,opening,EN,6,adjacent,U->N,U,N,ur,ngeadal,diagonal,cross,3,3,0,Resonance,Gate,Median Stream,Median Lock,False
the-map-unfolds-the-world,THE MAP UNFOLDS THE WORLD,semantic_opening_004,semantic_category,opening,EN,7,adjacent,N->F,N,F,ngeadal,fearn,cross,right,3,3,0,Resonance,Anchor,Median Lock,Median Assertion,False
the-map-unfolds-the-world,THE MAP UNFOLDS THE WORLD,semantic_opening_004,semantic_category,opening,EN,8,adjacent,F->O,F,O,fearn,onn,right,diagonal,3,2,1,Modulation,Propel,Median Assertion,Weak Current,False
the-map-unfolds-the-world,THE MAP UNFOLDS THE WORLD,semantic_opening_004,semantic_category,opening,EN,9,adjacent,O->L,O,L,onn,luis,diagonal,right,2,2,0,Resonance,Propel,Weak Current,Weak Coupling,False
the-map-unfolds-the-world,THE MAP UNFOLDS THE WORLD,semantic_opening_004,semantic_category,opening,EN,10,adjacent,L->D,L,D,luis,duir,right,left,2,2,0,Resonance,Opposition,Weak Coupling,Weak Resistance,False
the-map-unfolds-the-world,THE MAP UNFOLDS THE WORLD,semantic_opening_004,semantic_category,opening,EN,11,adjacent,D->S,D,S,duir,sail,left,right,2,4,2,Dominance,Opposition,Weak Resistance,Strong Enforcement,False
the-map-unfolds-the-world,THE MAP UNFOLDS THE WORLD,semantic_opening_004,semantic_category,opening,EN,12,adjacent,S->T,S,T,sail,tinne,right,left,4,3,1,Modulation,Opposition,Strong Enforcement,Median Balance,False
the-map-unfolds-the-world,THE MAP UNFOLDS THE WORLD,semantic_opening_004,semantic_category,opening,EN,13,adjacent,T->H,T,H,tinne,huath,left,left,3,1,2,Dominance,Reinforce,Median Balance,Atomic Reaction,False
the-map-unfolds-the-world,THE MAP UNFOLDS THE WORLD,semantic_opening_004,semantic_category,opening,EN,14,adjacent,H->E,H,E,huath,eadhadh,left,diagonal,1,4,3,Dominance,Dampen,Atomic Reaction,Strong Torrent,False
the-map-unfolds-the-world,THE MAP UNFOLDS THE WORLD,semantic_opening_004,semantic_category,opening,EN,15,adjacent,E->W,E,W,eadhadh,ceirt,diagonal,left,4,5,1,Modulation,Dampen,Strong Torrent,Maximal Opposition,False
the-map-unfolds-the-world,THE MAP UNFOLDS THE WORLD,semantic_opening_004,semantic_category,opening,EN,16,adjacent,W->O,W,O,ceirt,onn,left,diagonal,5,2,3,Dominance,Dampen,Maximal Opposition,Weak Current,False
the-map-unfolds-the-world,THE MAP UNFOLDS THE WORLD,semantic_opening_004,semantic_category,opening,EN,17,adjacent,O->R,O,R,onn,ruis,diagonal,cross,2,5,3,Dominance,Gate,Weak Current,Maximal Fusion,False
the-map-unfolds-the-world,THE MAP UNFOLDS THE WORLD,semantic_opening_004,semantic_category,opening,EN,18,adjacent,R->L,R,L,ruis,luis,cross,right,5,2,3,Dominance,Anchor,Maximal Fusion,Weak Coupling,False
the-map-unfolds-the-world,THE MAP UNFOLDS THE WORLD,semantic_opening_004,semantic_category,opening,EN,19,adjacent,L->D,L,D,luis,duir,right,left,2,2,0,Resonance,Opposition,Weak Coupling,Weak Resistance,False
the-flower-opens-at-morning,THE FLOWER OPENS AT MORNING,semantic_opening_005,semantic_category,opening,EN,0,adjacent,T->H,T,H,tinne,huath,left,left,3,1,2,Dominance,Reinforce,Median Balance,Atomic Reaction,False
the-flower-opens-at-morning,THE FLOWER OPENS AT MORNING,semantic_opening_005,semantic_category,opening,EN,1,adjacent,H->E,H,E,huath,eadhadh,left,diagonal,1,4,3,Dominance,Dampen,Atomic Reaction,Strong Torrent,False
the-flower-opens-at-morning,THE FLOWER OPENS AT MORNING,semantic_opening_005,semantic_category,opening,EN,2,adjacent,E->F,E,F,eadhadh,fearn,diagonal,right,4,3,1,Modulation,Propel,Strong Torrent,Median Assertion,False
the-flower-opens-at-morning,THE FLOWER OPENS AT MORNING,semantic_opening_005,semantic_category,opening,EN,3,adjacent,F->L,F,L,fearn,luis,right,right,3,2,1,Modulation,Reinforce,Median Assertion,Weak Coupling,False
the-flower-opens-at-morning,THE FLOWER OPENS AT MORNING,semantic_opening_005,semantic_category,opening,EN,4,adjacent,L->O,L,O,luis,onn,right,diagonal,2,2,0,Resonance,Propel,Weak Coupling,Weak Current,False
the-flower-opens-at-morning,THE FLOWER OPENS AT MORNING,semantic_opening_005,semantic_category,opening,EN,5,adjacent,O->W,O,W,onn,ceirt,diagonal,left,2,5,3,Dominance,Dampen,Weak Current,Maximal Opposition,False
the-flower-opens-at-morning,THE FLOWER OPENS AT MORNING,semantic_opening_005,semantic_category,opening,EN,6,adjacent,W->E,W,E,ceirt,eadhadh,left,diagonal,5,4,1,Modulation,Dampen,Maximal Opposition,Strong Torrent,False
the-flower-opens-at-morning,THE FLOWER OPENS AT MORNING,semantic_opening_005,semantic_category,opening,EN,7,adjacent,E->R,E,R,eadhadh,ruis,diagonal,cross,4,5,1,Modulation,Gate,Strong Torrent,Maximal Fusion,False
the-flower-opens-at-morning,THE FLOWER OPENS AT MORNING,semantic_opening_005,semantic_category,opening,EN,8,adjacent,R->O,R,O,ruis,onn,cross,diagonal,5,2,3,Dominance,Gate,Maximal Fusion,Weak Current,False
the-flower-opens-at-morning,THE FLOWER OPENS AT MORNING,semantic_opening_005,semantic_category,opening,EN,9,adjacent,O->P,O,P,onn,peith,diagonal,right,2,5,3,Dominance,Propel,Weak Current,Maximal Drive,False
the-flower-opens-at-morning,THE FLOWER OPENS AT MORNING,semantic_opening_005,semantic_category,opening,EN,10,adjacent,P->E,P,E,peith,eadhadh,right,diagonal,5,4,1,Modulation,Propel,Maximal Drive,Strong Torrent,False
the-flower-opens-at-morning,THE FLOWER OPENS AT MORNING,semantic_opening_005,semantic_category,opening,EN,11,adjacent,E->N,E,N,eadhadh,ngeadal,diagonal,cross,4,3,1,Modulation,Gate,Strong Torrent,Median Lock,False
the-flower-opens-at-morning,THE FLOWER OPENS AT MORNING,semantic_opening_005,semantic_category,opening,EN,12,adjacent,N->S,N,S,ngeadal,sail,cross,right,3,4,1,Modulation,Anchor,Median Lock,Strong Enforcement,False
the-flower-opens-at-morning,THE FLOWER OPENS AT MORNING,semantic_opening_005,semantic_category,opening,EN,13,adjacent,S->A,S,A,sail,ailm,right,diagonal,4,1,3,Dominance,Propel,Strong Enforcement,Atomic Flow,False
the-flower-opens-at-morning,THE FLOWER OPENS AT MORNING,semantic_opening_005,semantic_category,opening,EN,14,adjacent,A->T,A,T,ailm,tinne,diagonal,left,1,3,2,Dominance,Dampen,Atomic Flow,Median Balance,False
the-flower-opens-at-morning,THE FLOWER OPENS AT MORNING,semantic_opening_005,semantic_category,opening,EN,15,adjacent,T->M,T,M,tinne,muin,left,cross,3,1,2,Dominance,Anchor,Median Balance,Atomic Bind,False
the-flower-opens-at-morning,THE FLOWER OPENS AT MORNING,semantic_opening_005,semantic_category,opening,EN,16,adjacent,M->O,M,O,muin,onn,cross,diagonal,1,2,1,Modulation,Gate,Atomic Bind,Weak Current,False
the-flower-opens-at-morning,THE FLOWER OPENS AT MORNING,semantic_opening_005,semantic_category,opening,EN,17,adjacent,O->R,O,R,onn,ruis,diagonal,cross,2,5,3,Dominance,Gate,Weak Current,Maximal Fusion,False
the-flower-opens-at-morning,THE FLOWER OPENS AT MORNING,semantic_opening_005,semantic_category,opening,EN,18,adjacent,R->N,R,N,ruis,ngeadal,cross,cross,5,3,2,Dominance,Crystalize,Maximal Fusion,Median Lock,False
the-flower-opens-at-morning,THE FLOWER OPENS AT MORNING,semantic_opening_005,semantic_category,opening,EN,19,adjacent,N->I,N,I,ngeadal,idad,cross,diagonal,3,5,2,Dominance,Gate,Median Lock,Maximal Jet,False
the-flower-opens-at-morning,THE FLOWER OPENS AT MORNING,semantic_opening_005,semantic_category,opening,EN,20,adjacent,I->N,I,N,idad,ngeadal,diagonal,cross,5,3,2,Dominance,Gate,Maximal Jet,Median Lock,False
the-flower-opens-at-morning,THE FLOWER OPENS AT MORNING,semantic_opening_005,semantic_category,opening,EN,21,adjacent,N->G,N,G,ngeadal,gort,cross,cross,3,2,1,Modulation,Crystalize,Median Lock,Loose Knot,False
aeui,AEUI,probe_001,forfeda_probe,phase_shift_min,NEO,0,adjacent,AE->UI,AE,UI,ae,ui,backslash,backslash,1,3,2,Dominance,Phase Shift,Atomic Twist,Median Shift,True
aeaeae,AEAEAE,probe_002,forfeda_probe,phase_shift_chain,NEO,0,adjacent,AE->AE,AE,AE,ae,ae,backslash,backslash,1,1,0,Resonance,Phase Shift,Atomic Twist,Atomic Twist,True
aeaeae,AEAEAE,probe_002,forfeda_probe,phase_shift_chain,NEO,1,adjacent,AE->AE,AE,AE,ae,ae,backslash,backslash,1,1,0,Resonance,Phase Shift,Atomic Twist,Atomic Twist,True
uieaio,UIEAIO,probe_003,forfeda_probe,phase_shift_climb,NEO,0,adjacent,UI->EA,UI,EA,ui,ea,backslash,backslash,3,4,1,Modulation,Phase Shift,Median Shift,Strong Warp,True
uieaio,UIEAIO,probe_003,forfeda_probe,phase_shift_climb,NEO,1,adjacent,EA->IO,EA,IO,ea,io,backslash,backslash,4,5,1,Modulation,Phase Shift,Strong Warp,Maximal Chaos,True
oiaeuiea,OIAEUIEA,probe_004,forfeda_probe,phase_shift_walk,NEO,0,adjacent,OI->AE,OI,AE,oi,ae,backslash,backslash,2,1,1,Modulation,Phase Shift,Weak Vortex,Atomic Twist,True
oiaeuiea,OIAEUIEA,probe_004,forfeda_probe,phase_shift_walk,NEO,1,adjacent,AE->UI,AE,UI,ae,ui,backslash,backslash,1,3,2,Dominance,Phase Shift,Atomic Twist,Median Shift,True
oiaeuiea,OIAEUIEA,probe_004,forfeda_probe,phase_shift_walk,NEO,2,adjacent,UI->EA,UI,EA,ui,ea,backslash,backslash,3,4,1,Modulation,Phase Shift,Median Shift,Strong Warp,True
aea,AEA,probe_005,forfeda_probe,turbulence_min,NEO,0,adjacent,AE->A,AE,A,ae,ailm,backslash,diagonal,1,1,0,Resonance,Turbulence,Atomic Twist,Atomic Flow,True
aae,AAE,probe_006,forfeda_probe,turbulence_min_rev,NEO,0,adjacent,A->AE,A,AE,ailm,ae,diagonal,backslash,1,1,0,Resonance,Turbulence,Atomic Flow,Atomic Twist,True
ieau,IEAU,probe_007,forfeda_probe,turbulence_chain,NEO,0,adjacent,I->EA,I,EA,idad,ea,diagonal,backslash,5,4,1,Modulation,Turbulence,Maximal Jet,Strong Warp,True
ieau,IEAU,probe_007,forfeda_probe,turbulence_chain,NEO,1,adjacent,EA->U,EA,U,ea,ur,backslash,diagonal,4,3,1,Modulation,Turbulence,Strong Warp,Median Stream,True
oiooio,OIOOIO,probe_008,forfeda_probe,turbulence_oscillate,NEO,0,adjacent,OI->O,OI,O,oi,onn,backslash,diagonal,2,2,0,Resonance,Turbulence,Weak Vortex,Weak Current,True
oiooio,OIOOIO,probe_008,forfeda_probe,turbulence_oscillate,NEO,1,adjacent,O->OI,O,OI,onn,oi,diagonal,backslash,2,2,0,Resonance,Turbulence,Weak Current,Weak Vortex,True
oiooio,OIOOIO,probe_008,forfeda_probe,turbulence_oscillate,NEO,2,adjacent,OI->O,OI,O,oi,onn,backslash,diagonal,2,2,0,Resonance,Turbulence,Weak Vortex,Weak Current,True
faeuiea,FAEUIEA,probe_009,forfeda_probe,distort_then_phase,NEO,0,adjacent,F->AE,F,AE,fearn,ae,right,backslash,3,1,2,Dominance,Distort,Median Assertion,Atomic Twist,True
faeuiea,FAEUIEA,probe_009,forfeda_probe,distort_then_phase,NEO,1,adjacent,AE->UI,AE,UI,ae,ui,backslash,backslash,1,3,2,Dominance,Phase Shift,Atomic Twist,Median Shift,True
faeuiea,FAEUIEA,probe_009,forfeda_probe,distort_then_phase,NEO,2,adjacent,UI->EA,UI,EA,ui,ea,backslash,backslash,3,4,1,Modulation,Phase Shift,Median Shift,Strong Warp,True
raeio,RAEIO,probe_010,forfeda_probe,fracture_then_phase,NEO,0,adjacent,R->AE,R,AE,ruis,ae,cross,backslash,5,1,4,Dominance,Fracture,Maximal Fusion,Atomic Twist,True
raeio,RAEIO,probe_010,forfeda_probe,fracture_then_phase,NEO,1,adjacent,AE->IO,AE,IO,ae,io,backslash,backslash,1,5,4,Dominance,Phase Shift,Atomic Twist,Maximal Chaos,True
mioae,MIOAE,probe_011,forfeda_probe,fracture_then_turb_phase,NEO,0,adjacent,M->IO,M,IO,muin,io,cross,backslash,1,5,4,Dominance,Fracture,Atomic Bind,Maximal Chaos,True
mioae,MIOAE,probe_011,forfeda_probe,fracture_then_turb_phase,NEO,1,adjacent,IO->AE,IO,AE,io,ae,backslash,backslash,5,1,4,Dominance,Phase Shift,Maximal Chaos,Atomic Twist,True
beaoiio,BEAOIIO,probe_012,forfeda_probe,distort_chain,NEO,0,adjacent,B->EA,B,EA,beith,ea,right,backslash,1,4,3,Dominance,Distort,Atomic Initiation,Strong Warp,True
beaoiio,BEAOIIO,probe_012,forfeda_probe,distort_chain,NEO,1,adjacent,EA->OI,EA,OI,ea,oi,backslash,backslash,4,2,2,Dominance,Phase Shift,Strong Warp,Weak Vortex,True
beaoiio,BEAOIIO,probe_012,forfeda_probe,distort_chain,NEO,2,adjacent,OI->IO,OI,IO,oi,io,backslash,backslash,2,5,3,Dominance,Phase Shift,Weak Vortex,Maximal Chaos,True
aeui-eaio-oiae,AEUI EAIO OIAE,probe_013,forfeda_probe,phase_shift_phrase,NEO,0,adjacent,AE->UI,AE,UI,ae,ui,backslash,backslash,1,3,2,Dominance,Phase Shift,Atomic Twist,Median Shift,True
aeui-eaio-oiae,AEUI EAIO OIAE,probe_013,forfeda_probe,phase_shift_phrase,NEO,1,adjacent,UI->EA,UI,EA,ui,ea,backslash,backslash,3,4,1,Modulation,Phase Shift,Median Shift,Strong Warp,True
aeui-eaio-oiae,AEUI EAIO OIAE,probe_013,forfeda_probe,phase_shift_phrase,NEO,2,adjacent,EA->IO,EA,IO,ea,io,backslash,backslash,4,5,1,Modulation,Phase Shift,Strong Warp,Maximal Chaos,True
aeui-eaio-oiae,AEUI EAIO OIAE,probe_013,forfeda_probe,phase_shift_phrase,NEO,3,adjacent,IO->OI,IO,OI,io,oi,backslash,backslash,5,2,3,Dominance,Phase Shift,Maximal Chaos,Weak Vortex,True
aeui-eaio-oiae,AEUI EAIO OIAE,probe_013,forfeda_probe,phase_shift_phrase,NEO,4,adjacent,OI->AE,OI,AE,oi,ae,backslash,backslash,2,1,1,Modulation,Phase Shift,Weak Vortex,Atomic Twist,True
tae-oio-uiea,TAE OIO UIEA,probe_014,forfeda_probe,mixed_natural,NEO,0,adjacent,T->AE,T,AE,tinne,ae,left,backslash,3,1,2,Dominance,Invert,Median Balance,Atomic Twist,True
tae-oio-uiea,TAE OIO UIEA,probe_014,forfeda_probe,mixed_natural,NEO,1,adjacent,AE->OI,AE,OI,ae,oi,backslash,backslash,1,2,1,Modulation,Phase Shift,Atomic Twist,Weak Vortex,True
tae-oio-uiea,TAE OIO UIEA,probe_014,forfeda_probe,mixed_natural,NEO,2,adjacent,OI->O,OI,O,oi,onn,backslash,diagonal,2,2,0,Resonance,Turbulence,Weak Vortex,Weak Current,True
tae-oio-uiea,TAE OIO UIEA,probe_014,forfeda_probe,mixed_natural,NEO,3,adjacent,O->UI,O,UI,onn,ui,diagonal,backslash,2,3,1,Modulation,Turbulence,Weak Current,Median Shift,True
tae-oio-uiea,TAE OIO UIEA,probe_014,forfeda_probe,mixed_natural,NEO,4,adjacent,UI->EA,UI,EA,ui,ea,backslash,backslash,3,4,1,Modulation,Phase Shift,Median Shift,Strong Warp,True
aoeaiou,AOEAIOU,probe_015,forfeda_probe,vowel_storm,NEO,0,adjacent,A->O,A,O,ailm,onn,diagonal,diagonal,1,2,1,Modulation,Stream,Atomic Flow,Weak Current,False
aoeaiou,AOEAIOU,probe_015,forfeda_probe,vowel_storm,NEO,1,adjacent,O->EA,O,EA,onn,ea,diagonal,backslash,2,4,2,Dominance,Turbulence,Weak Current,Strong Warp,True
aoeaiou,AOEAIOU,probe_015,forfeda_probe,vowel_storm,NEO,2,adjacent,EA->IO,EA,IO,ea,io,backslash,backslash,4,5,1,Modulation,Phase Shift,Strong Warp,Maximal Chaos,True
aoeaiou,AOEAIOU,probe_015,forfeda_probe,vowel_storm,NEO,3,adjacent,IO->U,IO,U,io,ur,backslash,diagonal,5,3,2,Dominance,Turbulence,Maximal Chaos,Median Stream,True
